-- MySQL dump 10.13  Distrib 8.0.15, for Win64 (x86_64)
--
-- Host: localhost    Database: gua
-- ------------------------------------------------------
-- Server version	8.0.15

/*!40101 SET @OLD_CHARACTER_SET_CLIENT=@@CHARACTER_SET_CLIENT */;
/*!40101 SET @OLD_CHARACTER_SET_RESULTS=@@CHARACTER_SET_RESULTS */;
/*!40101 SET @OLD_COLLATION_CONNECTION=@@COLLATION_CONNECTION */;
 SET NAMES utf8mb4 ;
/*!40103 SET @OLD_TIME_ZONE=@@TIME_ZONE */;
/*!40103 SET TIME_ZONE='+00:00' */;
/*!40014 SET @OLD_UNIQUE_CHECKS=@@UNIQUE_CHECKS, UNIQUE_CHECKS=0 */;
/*!40014 SET @OLD_FOREIGN_KEY_CHECKS=@@FOREIGN_KEY_CHECKS, FOREIGN_KEY_CHECKS=0 */;
/*!40101 SET @OLD_SQL_MODE=@@SQL_MODE, SQL_MODE='NO_AUTO_VALUE_ON_ZERO' */;
/*!40111 SET @OLD_SQL_NOTES=@@SQL_NOTES, SQL_NOTES=0 */;

--
-- Table structure for table `234`
--

DROP TABLE IF EXISTS `234`;
/*!40101 SET @saved_cs_client     = @@character_set_client */;
 SET character_set_client = utf8mb4 ;
CREATE TABLE `234` (
  `﻿movie_id` int(11) NOT NULL AUTO_INCREMENT,
  `movie_name` text NOT NULL,
  `movie_img` text NOT NULL,
  `movie_directer` text NOT NULL,
  `movie_moviestar` text NOT NULL,
  `movie_year` int(11) NOT NULL,
  `movie_country` text NOT NULL,
  `movie_label` text NOT NULL,
  `movie_score` double NOT NULL,
  `movie_content` text NOT NULL,
  `search_times` int(11) NOT NULL,
  `movie_start1` int(11) NOT NULL,
  `movie_start2` int(11) NOT NULL,
  `movie_start3` int(11) NOT NULL,
  `movie_start4` int(11) NOT NULL,
  `movie_start5` int(11) NOT NULL,
  `movie_start1_per` int(11) NOT NULL,
  `movie_start2_per` int(11) NOT NULL,
  `movie_start3_per` int(11) NOT NULL,
  `movie_start4_per` int(11) NOT NULL,
  `movie_start5_per` int(11) NOT NULL,
  `movie_content_detail` text NOT NULL,
  PRIMARY KEY (`﻿movie_id`)
) ENGINE=InnoDB AUTO_INCREMENT=251 DEFAULT CHARSET=utf8mb4 COLLATE=utf8mb4_0900_ai_ci;
/*!40101 SET character_set_client = @saved_cs_client */;

--
-- Dumping data for table `234`
--

LOCK TABLES `234` WRITE;
/*!40000 ALTER TABLE `234` DISABLE KEYS */;
INSERT INTO `234` VALUES (1,'肖申克的救赎','0.jpg',' 弗兰克·德拉邦特 Frank Darabont',' 蒂姆·罗宾斯 Tim Robbins /...',1994,'美国','犯罪 剧情',9,'希望让人自由。',53,0,0,0,3,1,0,0,0,74,26,'20世纪40年代末，小有成就的青年银行家安迪（蒂姆·罗宾斯 Tim Robbins 饰）因涉嫌杀害妻子及她的情人而锒铛入狱。在这座名为肖申克的监狱内，希望似乎虚无缥缈，终身监禁的惩罚无疑注定了安迪接下来灰暗绝望的人生。未过多久，安迪尝试接近囚犯中颇有声望的瑞德（摩根·弗里曼 Morgan Freeman 饰），请求对方帮自己搞来小锤子。以此为契机，二人逐渐熟稔，安迪也仿佛在鱼龙混杂、罪恶横生、黑白混淆的牢狱中找到属于自己的求生之道。他利用自身的专业知识，帮助监狱管理层逃税、洗黑钱，同时凭借与瑞德的交往在犯人中间也渐渐受到礼遇。表面看来，他已如瑞德那样对那堵高墙从憎恨转变为处之泰然，但是对自由的渴望仍促使他朝着心中的希望和目标前进。而关于其罪行的真相，似乎更使这一切朝前推进了一步……本片根据著名作家斯蒂芬·金（Stephen Edwin King）的原著改编。'),(2,'霸王别姬','1.jpg',' 陈凯歌 Kaige Chen',' 张国荣 Leslie Cheung / 张丰毅 Fengyi Zha...',1993,'中国大陆 香港','剧情 爱情 同性',8.9,'风华绝代。',186,0,0,1,1,5,0,0,14,14,72,'段小楼（张丰毅）与程蝶衣（张国荣）是一对打小一起长大的师兄弟，两人一个演生，一个饰旦，一向配合天衣无缝，尤其一出《霸王别姬》，更是誉满京城，为此，两人约定合演一辈子《霸王别姬》。但两人对戏剧与人生关系的理解有本质不同，段小楼深知戏非人生，程蝶衣则是人戏不分。段小楼在认为该成家立业之时迎娶了名妓菊仙（巩俐），致使程蝶衣认定菊仙是可耻的第三者，使段小楼做了叛徒，自此，三人围绕一出《霸王别姬》生出的爱恨情仇战开始随着时代风云的变迁不断升级，终酿成悲剧。'),(3,'这个杀手不太冷','2.jpg',' 吕克·贝松 Luc Besson',' 让·雷诺 Jean Reno / 娜塔莉·波特曼 ...',1994,'法国','剧情 动作 犯罪',9.4,'怪蜀黍和小萝莉不得不说的故事。',2,0,0,0,0,0,0,0,0,0,0,'里昂（让·雷诺饰）是名孤独的职业杀手，受人雇佣。一天，邻居家小姑娘马蒂尔达（纳塔丽·波特曼饰)敲开他的房门，要求在他那里暂避杀身之祸。原来邻居家的主人是警方缉毒组的眼线，只因贪污了一小包毒品而遭恶警（加里·奥德曼饰）杀害全家的惩罚。马蒂尔达得到里昂的留救，幸免于难，并留在里昂那里。里昂教小女孩使枪，她教里昂法文，两人关系日趋亲密，相处融洽。女孩想着去报仇，反倒被抓，里昂及时赶到，将女孩救回。混杂着哀怨情仇的正邪之战渐次升级，更大的冲突在所难免……'),(4,'阿甘正传','3.jpg',' 罗伯特·泽米吉斯 Robert Zemeckis',' 汤姆·汉克斯 Tom Hanks / ...',1994,'美国','剧情 爱情',9.4,'一部美国近现代史。',1,0,0,0,0,0,0,0,0,0,0,'阿甘（汤姆·汉克斯 饰）于二战结束后不久出生在美国南方阿拉巴马州一个闭塞的小镇，他先天弱智，智商只有75，然而他的妈妈是一个性格坚强的女性，她常常鼓励阿甘“傻人有傻福”，要他自强不息。阿甘像普通孩子一样上学，并且认识了一生的朋友和至爱珍妮（罗宾·莱特·潘 饰），在珍妮和妈妈的爱护下，阿甘凭着上帝赐予的“飞毛腿”开始了一生不停的奔跑。阿甘成为橄榄球巨星、越战英雄、乒乓球外交使者、亿万富翁，但是，他始终忘不了珍妮，几次匆匆的相聚和离别，更是加深了阿甘的思念。有一天，阿甘收到珍妮的信，他们终于又要见面……'),(5,'美丽人生','4.jpg',' 罗伯托·贝尼尼 Roberto Benigni',' 罗伯托·贝尼尼 Roberto Beni...',1997,'意大利','剧情 喜剧 爱情 战争',9.5,'最美的谎言。',4,0,0,0,0,0,0,0,0,0,0,'犹太青年圭多（罗伯托·贝尼尼）邂逅美丽的女教师多拉（尼可莱塔·布拉斯基），他彬彬有礼的向多拉鞠躬：“早安！公主！”。历经诸多令人啼笑皆非的周折后，天遂人愿，两人幸福美满的生活在一起。然而好景不长，法西斯政权下，圭多和儿子被强行送往犹太人集中营。多拉虽没有犹太血统，毅然同行，与丈夫儿子分开关押在一个集中营里。聪明乐天的圭多哄骗儿子这只是一场游戏，奖品就是一辆大坦克，儿子快乐、天真的生活在纳粹的阴霾之中。尽管集中营的生活艰苦寂寞，圭多仍然带给他人很多快乐，他还趁机在纳粹的广播里问候妻子：“早安！公主！”法西斯政权即将倾覆，纳粹的集中营很快就要接受最后的清理，圭多编给儿子的游戏该怎么结束？他们一家能否平安的度过这黑暗的年代呢？'),(6,'泰坦尼克号','5.jpg',' 詹姆斯·卡梅隆 James Cameron',' 莱昂纳多·迪卡普里奥 Leonardo...',1997,'美国','剧情 爱情 灾难',9.3,'失去的才是永恒的。',4,0,0,0,0,0,0,0,0,0,0,'1912年4月10日，号称 “世界工业史上的奇迹”的豪华客轮泰坦尼克号开始了自己的处女航，从英国的南安普顿出发驶往美国纽约。富家少女罗丝（凯特•温丝莱特）与母亲及未婚夫卡尔坐上了头等舱；另一边，放荡不羁的少年画家杰克（莱昂纳多·迪卡普里奥）也在码头的一场赌博中赢得了下等舱的船票。罗丝厌倦了上流社会虚伪的生活，不愿嫁给卡尔，打算投海自尽，被杰克救起。很快，美丽活泼的罗丝与英俊开朗的杰克相爱，杰克带罗丝参加下等舱的舞会、为她画像，二人的感情逐渐升温。1912年4月14日，星期天晚上，一个风平浪静的夜晚。泰坦尼克号撞上了冰山，“永不沉没的”泰坦尼克号面临沉船的命运，罗丝和杰克刚萌芽的爱情也将经历生死的考验。'),(7,'千与千寻','6.jpg',' 宫崎骏 Hayao Miyazaki',' 柊瑠美 Rumi H?ragi / 入野自由 Miy...',2001,'日本','剧情 动画 奇幻',9.3,'最好的宫崎骏，最好的久石让。',0,0,0,0,0,0,0,0,0,0,0,'千寻和爸爸妈妈一同驱车前往新家，在郊外的小路上不慎进入了神秘的隧道——他们去到了另外一个诡异世界—一个中世纪的小镇。远处飘来食物的香味，爸爸妈妈大快朵颐，孰料之后变成了猪！这时小镇上渐渐来了许多样子古怪、半透明的人。千寻仓皇逃出，一个叫小白的人救了他，喂了她阻止身体消 失的药，并且告诉她怎样去找锅炉爷爷以及汤婆婆，而且必须获得一份工作才能不被魔法变成别的东西。千寻在小白的帮助下幸运地获得了一份在浴池打杂的工作。渐渐她不再被那些怪模怪样的人吓倒，并从小玲那儿知道了小白是凶恶的汤婆婆的弟子。一次，千寻发现小白被一群白色飞舞的纸人打伤，为了救受伤的小白，她用河神送给她的药丸驱出了小白身体内的封印以及守封印的小妖精，但小白还是没有醒过来。为了救小白，千寻又踏上了她的冒险之旅。'),(8,'辛德勒的名单','7.jpg',' 史蒂文·斯皮尔伯格 Steven Spielberg',' 连姆·尼森 Liam Neeson...',1993,'美国','剧情 历史 战争',9.5,'拯救一个人，就是拯救整个世界。',0,0,0,0,0,0,0,0,0,0,0,'1939年，波兰在纳粹德国的统治下，党卫军对犹太人进行了隔离统治。德国商人奥斯卡·辛德勒（连姆·尼森 Liam Neeson 饰）来到德军统治下的克拉科夫，开设了一间搪瓷厂，生产军需用品。凭着出众的社交能力和大量的金钱，辛德勒和德军建立了良好的关系，他的工厂雇用犹太人工作，大发战争财。1943年，克拉科夫的犹太人遭到了惨绝人寰的大屠杀，辛德勒目睹这一切，受到了极大的震撼，他贿赂军官，让自己的工厂成为集中营的附属劳役营，在那些疯狂屠杀的日子里，他的工厂也成为了犹太人的避难所。1944年，德国战败前夕，屠杀犹太人的行动越发疯狂，辛德勒向德军军官开出了1200人的名单，倾家荡产买下了这些犹太人的生命。在那些暗无天日的岁月里，拯救一个人，就是拯救全世界。'),(9,'盗梦空间','8.jpg',' 克里斯托弗·诺兰 Christopher Nolan',' 莱昂纳多·迪卡普里奥 Le...',2010,'美国 英国','剧情 科幻 悬疑 冒险',9.3,'诺兰给了我们一场无法盗取的梦。',0,0,0,0,0,0,0,0,0,0,0,'道姆·柯布（莱昂纳多·迪卡普里奥 Leonardo DiCaprio 饰）与同事阿瑟（约瑟夫·戈登-莱维特 Joseph Gordon-Levitt 饰）和纳什（卢卡斯·哈斯 Lukas Haas 饰）在一次针对日本能源大亨齐藤（渡边谦 饰）的盗梦行动中失败，反被齐藤利用。齐藤威逼利诱因遭通缉而流亡海外的柯布帮他拆分他竞争对手的公司，采取极端措施在其唯一继承人罗伯特·费希尔（希里安·墨菲 Cillian Murphy 饰）的深层潜意识中种下放弃家族公司、自立门户的想法。为了重返美国，柯布偷偷求助于岳父迈尔斯（迈克尔·凯恩 Michael Caine 饰），吸收了年轻的梦境设计师艾里阿德妮（艾伦·佩吉 Ellen Page 饰）、梦境演员艾姆斯（汤姆·哈迪 Tom Hardy 饰）和药剂师约瑟夫（迪利普·劳 Dileep Rao 饰）加入行动。在一层层递进的梦境中，柯布不仅要对付费希尔潜意识的本能反抗，还必须直面已逝妻子梅尔（玛丽昂·歌迪亚 Marion Cotillard 饰）的处处破坏，实际情况远比预想危险得多……'),(10,'忠犬八公的故事','9.jpg',' 莱塞·霍尔斯道姆 Lasse Hallstr?m',' 理查·基尔 Richard Ger...',2009,'美国 英国','剧情',9.3,'永远都不能忘记你所爱的人。',0,0,0,0,0,0,0,0,0,0,0,'八公（Forest 饰）是一条谜一样的犬，因为没有人知道它从哪里来。教授帕克（理查·基尔 Richard Gere 饰）在小镇的火车站拣到一只走失的小狗，冥冥中似乎注定小狗和帕克教授有着某种缘分，帕克一抱起这只小狗就再也放不下来，最终，帕克对小狗八公的疼爱感化了起初极力反对养狗的妻子卡特（琼·艾伦 Joan Allen 饰）。八公在帕克的呵护下慢慢长大，帕克上班时八公会一直把他送到车站，下班时八公也会早早便爬在车站等候，八公的忠诚让小镇的人家对它更加疼爱。有一天，八公在帕克要上班时表现异常，居然玩起了以往从来不会的捡球游戏，八公的表现让帕克非常满意，可是就是在那天，帕克因病去世。帕克的妻子、女儿安迪（萨拉·罗默尔 Sarah Roemer 饰）及女婿迈克尔（罗比·萨布莱特 Robbie Sublett 饰）怀着无比沉痛的心情埋葬了帕克，可是不明就里的八公却依然每天傍晚五点准时守候在小站的门前，等待着主人归来……本片根据上个世纪30年代发生在日本的真实故事改编，1987年在日本拍成电影后创造了40亿日元的票房。'),(11,'机器人总动员','10.jpg',' 安德鲁·斯坦顿 Andrew Stanton',' 本·贝尔特 Ben Burtt / 艾丽...',2008,'美国','爱情 科幻 动画 冒险',9.3,'小瓦力，大人生。',0,0,0,0,0,0,0,0,0,0,0,'公元2805年，人类文明高度发展，却因污染和生活垃圾大量增加使得地球不再适于人类居住。地球人被迫乘坐飞船离开故乡，进行一次漫长无边的宇宙之旅。临行前他们委托Buynlarge的公司对地球垃圾进行清理，该公司开发了名为WALL·E（Waste Allocation Loa d Lifters – Earth 地球废品分装员）的机器人担当此重任。这些机器人按照程序日复一日、年复一年辛勤工作，但随着时间的流逝和恶劣环境的侵蚀，WALL·E们接连损坏、停止运动。最后只有一个仍在进行这项似乎永无止境的工作。经历了漫长的岁月，它开始拥有了自己的意识。它喜欢将收集来的宝贝小心翼翼藏起，喜欢收工后看看几百年前的歌舞片，此外还有一只蟑螂朋友作伴。直到有一天，一艘来自宇宙的飞船打破了它一成不变的生活……本片荣获2009年第81届奥斯卡最佳动画长片奖。'),(12,'三傻大闹宝莱坞','11.jpg',' 拉库马·希拉尼 Rajkumar Hirani',' 阿米尔·汗 Aamir Khan / 卡...',2009,'印度','剧情 喜剧 爱情 歌舞',9.2,'英俊版憨豆，高情商版谢耳朵。',0,0,0,0,0,0,0,0,0,0,0,'本片根据印度畅销书作家奇坦·巴哈特（Chetan Bhagat）的处女作小说《五点人》（Five Point Someone）改编而成。法兰（马德哈万 R Madhavan 饰）、拉杜（沙曼·乔希 Sharman Joshi 饰）与兰乔（阿米尔·汗 Aamir Khan 饰）是皇家工程学院的学生，三人共居一室，结为好友。在以严格著称的学院里，兰乔是个非常与众不同的学生，他不死记硬背，甚至还公然顶撞校长“病毒”（波曼·伊拉尼 Boman Irani 饰），质疑他的教学方法。他不仅鼓动法兰与拉杜去勇敢追寻理想，还劝说校长的二女儿碧雅（卡琳娜·卡普 Kareena Kapoor 饰）离开满眼铜臭的未婚夫。兰乔的特立独行引起了模范学生“消音器”（奥米·维嘉 Omi Vaidya 饰）的不满，他约定十年后再与兰乔一决高下，看哪种生活方式更能取得成功。本片获孟买电影博览奖最佳影片、最佳导演、最佳配角（波曼·伊拉尼）、最佳剧本等六项大奖，并获国际印度电影协会最佳影片、最佳导演、最佳剧情、最佳摄影等十六项大奖。'),(13,'海上钢琴师','12.jpg',' 朱塞佩·托纳多雷 Giuseppe Tornatore',' 蒂姆·罗斯 Tim Roth / ...',1998,'意大利','剧情 音乐',9.2,'每个人都要走一条自己坚定了的路，就算是粉身碎骨。',14,0,0,0,0,0,0,0,0,0,0,'本片讲述了一个钢琴天才传奇的一生。1900年，Virginian号豪华邮轮上，一个孤儿被遗弃在头等舱，由船上的水手抚养长大，取名1900（蒂姆•罗斯 饰）。1900慢慢长大，显示出了无师自通的非凡钢琴天赋，在船上的乐队表演钢琴，每个听过他演奏的人，都被深深打动。爵士 乐鼻祖杰尼听说了1900的高超技艺，专门上船和他比赛，最后自叹弗如，黯然离去。可惜，这一切的事情都发生在海上，1900从来不愿踏上陆地，直到有一天，他爱上了一个女孩，情愫在琴键上流淌。他会不会为了爱情，踏上陆地开始新的生活，用他的琴声惊艳世界？他将怎样谱写自己非凡的人生。'),(14,'放牛班的春天','13.jpg',' 克里斯托夫·巴拉蒂 Christophe Barratier',' 热拉尔·朱尼奥 Gé...',2004,'法国 瑞士 德国','剧情 音乐',9.3,'天籁一般的童声，是最接近上帝的存在。',4,0,0,0,0,0,0,0,0,0,0,'1949年的法国乡村，音乐家克莱门特（杰勒德•尊诺 饰）到了一间外号叫“塘低”的男子寄宿学校当助理教师。学校里的学生大部分都是难缠的问题儿童，体罚在这里司空见惯，学校的校长（弗朗西斯•贝尔兰德 饰）只顾自己的前途，残暴高压。性格沉静的克莱门特尝试用自己的方法改善这种状况，他重新创作音乐作品，组织合唱团，决定用音乐的方法来打开学生们封闭的心灵。然而，事情并不顺利，克莱门特发现学生皮埃尔•莫安琦（尚•巴堤•莫里耶 饰）拥有非同一般的音乐天赋，但是单亲家庭长大的他，性格异常敏感孤僻，怎样释放皮埃尔的音乐才能，让克莱门特头痛不已；同时，他与皮埃尔母亲的感情也渐渐微妙起来。'),(15,'楚门的世界','14.jpg',' 彼得·威尔 Peter Weir',' 金·凯瑞 Jim Carrey / 劳拉·琳妮 Lau...',1998,'美国','剧情 科幻',9.2,'如果再也不能见到你，祝你早安，午安，晚安。',3,0,0,0,0,0,0,0,0,0,0,'楚门（金•凯瑞 Jim Carrey 饰）是一个平凡得不能再平凡的人，除了一些有些稀奇的经历之外——初恋女友突然失踪、溺水身亡的父亲忽然似乎又出现在眼前，他和绝大多数30多岁的美国男人绝无异样。这令他倍感失落。他也曾试过离开自己生活了多年的地方，但总因种种理由而不能成行。直到有一天，他忽然发觉自己似乎一直在被人跟踪，无论他走到哪里，干什么事情。这种感觉愈来愈强烈。楚门决定不惜一切代价逃离这个他生活了30多年的地方，去寻找他的初恋女友。但他却发现自己怎样也逃不出去。真相其实很残忍。'),(16,'大话西游之大圣娶亲','15.jpg',' 刘镇伟 Jeffrey Lau',' 周星驰 Stephen Chow / 吴孟达 Man Tat Ng...',1995,'香港 中国大陆','喜剧 爱情 奇幻 古装',9.2,'一生所爱。',0,0,0,0,0,0,0,0,0,0,0,'至尊宝（周星驰 饰）被月光宝盒带回到五百年前，遇见紫霞仙子（朱茵 饰），被对方打上烙印成为对方的人，并发觉自己已变成孙悟空。紫霞与青霞（朱茵 饰）本是如来佛祖座前日月神灯的灯芯（白天是紫霞，晚上是青霞），二人虽然同一肉身却仇恨颇深，因此紫霞立下誓言，谁能拔出她手中的紫青宝剑，谁就是她的意中人。紫青宝剑被至尊宝于不经意间拔出，紫霞决定以身相许，却遭一心记挂白晶晶（莫文蔚 饰）的至尊宝拒绝。后牛魔王救下迷失在沙漠中的紫霞，并逼紫霞与他成婚，关键时刻，至尊宝现身。'),(17,'星际穿越','16.jpg',' 克里斯托弗·诺兰 Christopher Nolan',' 马修·麦康纳 Matthew Mc...',2014,'美国 英国 加拿大 冰岛','剧情 科幻 冒险',9.2,'爱是一种力量，让我们超越时空感知它的存在。',0,0,0,0,0,0,0,0,0,0,0,'近未来的地球黄沙遍野，小麦、秋葵等基础农作物相继因枯萎病灭绝，人类不再像从前那样仰望星空，放纵想象力和灵感的迸发，而是每日在沙尘暴的肆虐下倒数着所剩不多的光景。在家务农的前NASA宇航员库珀（马修·麦康纳 Matthew McConaughey 饰）接连在女儿墨菲（麦肯吉·弗依 Mackenzie Foy 饰）的书房发现奇怪的重力场现象，随即得知在某个未知区域内前NASA成员仍秘密进行一个拯救人类的计划。多年以前土星附近出现神秘虫洞，NASA借机将数名宇航员派遣到遥远的星系寻找适合居住的星球。在布兰德教授（迈克尔·凯恩 Michael Caine 饰）的劝说下，库珀忍痛告别了女儿，和其他三名专家教授女儿艾米莉亚·布兰德（安妮·海瑟薇 Anne Hathaway 饰）、罗米利（大卫·吉雅西 David Gyasi 饰）、多伊尔（韦斯·本特利 Wes Bentley 饰）搭乘宇宙飞船前往目前已知的最有希望的三颗星球考察。他们穿越遥远的星系银河，感受了一小时七年光阴的沧海桑田，窥见了未知星球和黑洞的壮伟与神秘。在浩瀚宇宙的绝望而孤独角落，总有一份超越了时空的笃定情怀将他们紧紧相连……'),(18,'龙猫','17.jpg',' 宫崎骏 Hayao Miyazaki',' 日高法子 Noriko Hidaka / 坂本千夏 Ch...',1988,'日本','动画 奇幻 冒险',9.2,'人人心中都有个龙猫，童年就永远不会消失。',1,0,0,0,0,0,0,0,0,0,0,'小月的母亲生病住院了，父亲带着她与四岁的妹妹小梅到乡间的居住。她们对那里的环境都感到十分新奇，也发现了很多有趣的事情。她们遇到了很多小精灵，她们来到属于她们的环境中，看到了她们世界中很多的奇怪事物，更与一只大大胖胖的龙猫成为了朋友。龙猫与小精灵们利用他们的神奇力量，为小月与妹妹带来了很多神奇的景观，令她们大开眼界。妹妹小梅常常挂念生病中的母亲，嚷着要姐姐带着她去看母亲，但小月拒绝了。小梅竟然自己前往，不料途中迷路了，小月只好寻找她的龙猫及小精灵朋友们帮助。'),(19,'教父','18.jpg',' 弗朗西斯·福特·科波拉 Francis Ford Coppola',' 马龙·白兰度 M...',1972,'美国','剧情 犯罪',9.2,'千万不要记恨你的对手，这样会让你失去理智。',0,0,0,0,0,0,0,0,0,0,0,'40年代的美国，“教父”维托·唐·柯里昂（马龙·白兰度 饰）是黑手党柯里昂家族的首领，带领家族从事非法的勾当，但同时他也是许多弱小平民的保护神，深得人们爱戴。因为拒绝了毒枭索洛索的毒品交易要求，柯里昂家族和纽约其他几个黑手党家族的矛盾激化。圣诞前夕，索洛索劫持了“教 父”的参谋汤姆，并派人暗杀“教父”；因为内奸的出卖，“教父”的大儿子逊尼被仇家杀害；小儿子麦克（阿尔·帕西诺 饰）也被卷了进来，失去爱妻。黑手党家族之间的矛盾越来越白热化。年老的“教父”面对丧子之痛怎样统领全局？黑手党之间的仇杀如何落幕？谁是家族的内奸？谁又能够成为新一代的“教父”？血雨腥风和温情脉脉，在这部里程碑式的黑帮史诗巨片里真实上演。'),(20,'熔炉','19.jpg',' 黄东赫 Dong-hyuk Hwang',' 孔侑 Yoo Gong / 郑有美 Yu-mi Jeong ...',2011,'韩国','剧情',9.3,'我们一路奋战不是为了改变世界，而是为了不让世界改变我们。',0,0,0,0,0,0,0,0,0,0,0,'来自首尔的哑语美术老师仁浩（孔宥 饰）来到雾津，应聘慈爱聋哑人学校。天降大雾，他意外撞车，维修时邂逅了人权组织成员柔珍（郑有美 饰）。仁浩妻子早亡，8岁女儿天生哮喘由祖母照看，所以他不辞辛苦谋职养家。然而，双胞胎的校长与教导主任竟逼仁浩索贿5千万韩元。同时，仁浩逐渐发现学 校笼罩着一种紧张压抑的气氛，令人窒息。尤其有三个孩子引人关注：聪颖的金妍斗（金贤秀 饰）和贪吃的陈宥利（郑仁絮 饰）总是躲闪。全民秀（白承焕 饰）的弟弟自杀身亡，他总是满脸淤青。下课后，仁浩还听到女厕所中有呼喊与哭泣，在门卫的阻拦下他未深究。之后。他意外目睹了校长行贿警察，教导员毒打民秀，宿导溺罚妍斗的行径。一个惊天的隐秘被慢慢揭开，真相令韩国震惊……本片取材于2005年光州一所聋哑障碍人学校的真实事件，改编自韩国作家孔枝泳的同名小说。'),(21,'无间道','20.jpg',' 刘伟强 / 麦兆辉',' 刘德华 / 梁朝伟 / 黄秋生...',2002,'香港','剧情 犯罪 悬疑',9.1,'香港电影史上永不过时的杰作。',0,0,0,0,0,0,0,0,0,0,0,'1991年，香港黑帮三合会会员刘健明（刘德华）听从老大韩琛（曾志伟）的吩咐，加入警察部队成为黑帮卧底，韩琛许诺刘健明会帮其在七年后晋升为见习督察。1992年，警察训练学校优秀学员陈永仁（梁朝伟）被上级要求深入到三合会做卧底，终极目标是成为韩琛身边的红人。2002年，两人都不负重望，也都身背重压，刘健明渐想成为一个真正的好人，陈永仁则盼着尽快回归警察身份。重案组从陈永仁手中获悉一批毒品交易情报，锁紧目标人物韩琛，没料情报被刘健明泄出，双方行动均告失败。但此事将双方均有卧底的事实暴露，引发双方高层清除内鬼的决心。命运迥异又相似的刘健明和陈永仁开始在无间道的旅程中接受严峻考验。'),(22,'疯狂动物城','21.jpg',' 拜伦·霍华德 Byron Howard / 瑞奇·摩尔 Rich Moore',' 金妮弗·...',2016,'美国','喜剧 动画 冒险',9.2,'迪士尼给我们营造的乌托邦就是这样，永远善良勇敢，永远出乎意料。',0,0,0,0,0,0,0,0,0,0,0,'故事发生在一个所有哺乳类动物和谐共存的美好世界中，兔子朱迪（金妮弗·古德温 Ginnifer Goodwin 配音）从小就梦想着能够成为一名惩恶扬善的刑警，凭借着智慧和努力，朱迪成功的从警校中毕业进入了疯狂动物城警察局，殊不知这里是大型肉食类动物的领地，作为第一只，也是唯一的小型食草类动物，朱迪会遇到怎样的故事呢？近日里，城中接连发生动物失踪案件，就在全部警员都致力于调查案件真相之时，朱迪却被局长（伊德瑞斯·艾尔巴 Idris Elba 配音）发配成为了一名无足轻重的交警。某日，正在执勤的兔子遇见了名为尼克（杰森·贝特曼 Jason Bateman 配音）的狐狸，两人不打不相识，之后又误打误撞的接受了寻找失踪的水獭先生的任务，如果不能在两天之内找到水獭先生，朱迪就必须自愿离开警局。朱迪找到了尼克，两人联手揭露了一个隐藏在疯狂动物城之中的惊天秘密。'),(23,'当幸福来敲门','22.jpg',' 加布里尔·穆奇诺 Gabriele Muccino',' 威尔·史密斯 Will Smith ...',2006,'美国','剧情 传记 家庭',9,'平民励志片。',0,0,0,0,0,0,0,0,0,0,0,'克里斯•加纳（威尔·史密斯 Will Smith 饰）用尽全部积蓄买下了高科技治疗仪，到处向医院推销，可是价格高昂，接受的人不多。就算他多努力都无法提供一个良好的生活环境给妻儿，妻子（桑迪·牛顿 Thandie Newton 饰）最终选择离开家。从此他带着儿子克里斯托夫（贾登·史密斯 Jaden Smith 饰）相依为命。克里斯好不容易争取回来一个股票投资公司实习的机会，就算没有报酬，成功机会只有百分之五，他仍努力奋斗，儿子是他的力量。他看尽白眼，与儿子躲在地铁站里的公共厕所里，住在教堂的收容所里…… 他坚信，幸福明天就会来临。'),(24,'怦然心动','23.jpg',' 罗伯·莱纳 Rob Reiner',' 玛德琳·卡罗尔 Madeline Carroll ...',2010,'美国','剧情 喜剧 爱情',9,'真正的幸福是来自内心深处。',0,0,0,0,0,0,0,0,0,0,0,'布莱斯（卡兰•麦克奥利菲 Callan McAuliffe 饰）全家搬到小镇，邻家女孩朱丽（玛德琳•卡罗尔 Madeline Carroll 饰）前来帮忙。她对他一见钟情，心愿是获得他的吻。两人是同班同学，她一直想方设法接近他，但是他避之不及。她喜欢爬在高高的梧桐树上看风景。但因为施工，树被要被砍掉，她誓死捍卫，希望他并肩作战，但是他退缩了。她的事迹上了报纸，外公对她颇有好感，令他十分困惑。她凭借鸡下蛋的项目获得了科技展第一名，成了全场焦点，令他黯然失色。她把自家鸡蛋送给他，他听家人怀疑她家鸡蛋不卫生，便偷偷把鸡蛋丢掉。她得知真相，很伤心，两人关系跌入冰点。她跟家人诉说，引发争吵。原来父亲一直攒钱照顾傻弟弟，所以生活拮据。她理解了父母，自己动手，还得到了他外公的鼎力相助。他向她道歉，但是并未解决问题。他开始关注她。鸡蛋风波未平，家庭晚宴与午餐男孩评选又把两人扯在了一起……'),(25,'触不可及','24.jpg',' 奥利维·那卡什 Olivier Nakache / 艾力克·托兰达 Eric Toledano',' ...',2011,'法国','剧情 喜剧',9.2,'满满温情的高雅喜剧。',0,0,0,0,0,0,0,0,0,0,0,'因为一次跳伞事故，白人富翁菲利普Philippe（弗朗索瓦·克鲁塞 François Cluzet 饰）瘫痪在床，欲招聘一名全职陪护。由于薪酬高，应聘者云集，个个舌灿莲花，却无法打动他的心。直到黑人德希斯Driss（奥玛·赛 Omar Sy 饰）的出现才让他作出决定。德希斯刚从监狱出来，背负家庭重担，一心只想寻张辞退信以申领救济金，而且他明显对女助理的兴趣要远大于这份工作。但是菲利普还是一眼相中了这个小伙子。于是，德希斯开始了一个月的试用期。虽然舒适的豪宅环境让他倍感虚荣，但是他仍面临很多挑战：不仅要为菲利普作身体复健，还得给他洗浴、灌肠、拆信、穿丝袜等。起初，两人的思维方式与价值观大相径庭，但是，随着了解的不断深入，他们成为了朋友……本片取材于真实事件，获2011年东京电影节最佳影片金麒麟奖，弗朗索瓦·克鲁塞与奥玛·赛分享影帝桂冠。'),(26,'乱世佳人','25.jpg',' 维克多·弗莱明 Victor Fleming / 乔治·库克 George Cukor',' 费...',1939,'美国','剧情 历史 爱情 战争',9.2,'Tomorrow is another day.',0,0,0,0,0,0,0,0,0,0,0,'从亲眼目睹父母被人杀死的阴影中走出来的“蝙蝠侠”，经历了成长之后，已经不再是那个桀骜不的孤单英雄了。在警官吉姆·戈登和检查官哈维·登特的通力帮助下，“蝙蝠侠”无后顾之忧地继续满世界的奔波，与日益增长起来的犯罪威胁做着永无休止的争斗，而他所在的高谭市，也是进展最为明显的地方，犯罪率以一种惊人的速度持续下降着，毕竟对方是能够上天入地的“蝙蝠侠”，不借两个胆子谁还敢造次呢？不过像高谭这种科技与污秽并存的城市，平静是不可能维持太久的，果不其然，新一轮的混乱很快就席卷了整个城市，人们再一被被恐慌所笼罩着，而声称愿意为这一切负责的，自然就是所有混乱的源头以及支配者--“小丑”了。先不管“小丑”掀起一个又一个犯罪的狂潮的最终目的为何，他的企图都是邪恶的，所作所为更是早就危害到了高谭市民的正常生活……其中自然包括了“蝙蝠侠”身边几个非常重要的人，而他需要做的，就是将这股新的危机全部亲自用手捏得粉碎。然而在面对着这个有史以来最具针对性、最恶毒的对手时，“蝙蝠侠”却不得不从他的地下军械库里搬出每一件能够用得上的高科技武器，还得时刻纠结着为他曾经信仰的一切寻找答案。'),(27,'蝙蝠侠：黑暗骑士','26.jpg',' 克里斯托弗·诺兰 Christopher Nolan',' 克里斯蒂安·贝尔 Christ...',2008,'美国 英国','剧情 动作 科幻 犯罪 惊悚',9.1,'无尽的黑暗。',0,0,0,0,0,0,0,0,0,0,0,'美国南北战争前夕，南方农场塔拉庄园的千金斯嘉丽（费雯·丽 Vivien Leigh 饰）爱上了另一个农场主的儿子艾希礼（莱斯利·霍华德 Leslie Howard 饰），遭到了拒绝，为了报复，她嫁给了自己不爱的男人，艾希礼妻子梅兰（奥利维娅·德哈维兰 Olivia de Havilland 饰）的弟弟查尔斯。战争期间，斯嘉丽成为寡妇，失去母亲，挑起生活的重担， 不再是当初的千金小姐；战争结束后，她又两度为人妻，嫁给了爱她多年的投机商人瑞德（克拉克·盖博 Clark Gable 饰）。然而，纵使经历了生活的艰苦，斯嘉丽对艾希礼的感情仍然没有改变。艾希礼妻子梅兰的去世，给了斯嘉丽一个机会，一边是深爱自己的丈夫瑞德，一边是心心念念多年的艾希礼？斯嘉丽会给自己怎样一个不一样的明天？'),(28,'活着','27.jpg',' 张艺谋 Yimou Zhang',' 葛优 You Ge / 巩俐 Li Gong / 姜武 Wu Jiang...',1994,'中国大陆 香港','剧情 历史 家庭',9.2,'张艺谋最好的电影。',0,0,0,0,0,0,0,0,0,0,0,'根据余华同名小说改编。富少福贵（葛优）嗜赌成性，妻子家珍（巩俐）屡劝无果后带着女儿凤霞离开了他，当夜，福贵输光所有家产气死父亲，被迫靠变卖母亲首饰租间破屋过活。一年后，家珍手拉凤霞怀抱刚出世的儿子有庆回到家中，福贵痛改前非，开始靠演皮影戏过起安份守己的日子。但好景不常，内战时期，福贵被国民党抓去当劳工，一番辗转终回到家乡与一家人团圆后，凤霞因病变成哑巴，而在后来的大跃进运动和文化大革命中，他虽获某些小福，逆境却也一直与他如影相随。'),(29,'少年派的奇幻漂流','28.jpg',' 李安 Ang Lee',' 苏拉·沙玛 Suraj Sharma / 伊尔凡·可汗 Irrfan...',2012,'美国 台湾 英国 加拿大','剧情 奇幻 冒险',9,'瑰丽壮观、无人能及的冒险之旅。',0,0,0,0,0,0,0,0,0,0,0,'伦敦著名刑案辩护律师韦菲爵士（查尔斯•劳顿 Charles Laughton 饰）接受了心脏病治疗，但是身体依旧虚弱，第一天回家休养，护士一直严厉监督他服药，并杜绝烟酒。管家为了便于上楼，还专门为他修了电梯。但是，种种关心照顾，对于这位桀骜不驯、牙尖嘴利的大律师根本不起作用，反倒是一纸诉状令他倍感兴奋。律师梅休和当事人沃尔（泰隆•鲍华 Tyrone Power饰）登门拜访，请他出山打官司。原来，沃尔结识了富婆，两人相见甚欢，虽然仆人对他发明的打蛋器充满鄙夷，但是富婆却对他充满爱意，甚至为他修改了遗嘱，把8万英镑留给了他。然而，富婆却惨遭毒手。于是，沃尔成为警方的头号嫌疑犯。他的唯一证人是妻子克里斯汀（玛琳•黛德丽 Marlene Dietrich饰），然而后者登门时的冷漠与淡定，令韦菲爵士怀疑这其中另有隐情。在扑朔迷离的案件背后，隐藏着一个个环环相扣、不可告人的秘密……本片改编自阿加莎•克里斯蒂同名小说。'),(30,'天堂电影院','29.jpg',' 朱塞佩·托纳多雷 Giuseppe Tornatore',' 安东内拉·阿蒂利 Anton...',1988,'意大利 法国','剧情 爱情',9.2,'那些吻戏，那些青春，都在影院的黑暗里被泪水冲刷得无比清晰。',1,0,0,0,0,0,0,0,0,0,0,'故事开始于蒙特娄，也结束于蒙特娄。一名在找寻灵感的作家（拉菲·斯波 Rafe Spall 饰）无意间得知派·帕帖尔（伊尔凡·可汗 Irrfan Khan 饰）的传奇故事。派的父亲（阿迪勒·侯赛因 Adil Hussain 饰）开了一家动物园。因这样特殊的生活环境，少年派（苏拉·沙玛 Suraj Sharma 饰 ）对信仰与人的本性自有一套看法。在派17岁那一年，他的父母决定举家移民加拿大以追求更好的生活，而他也必须离开他的初恋情人。在前往加拿大的船上，他们遇见一位残忍成性的法国厨师（杰拉尔·德帕迪约 Gérard Depardieu 饰）。当天深夜在茫茫大海中，原本令派感到刺激无比的暴风雨一瞬间就成了吞噬货船的大灾难。派却奇迹般地活了下来，搭着救生船在太平洋上漂流，而且有一名最令人意想不到的同伴——理查德·帕克，一只孟加拉老虎。神奇的冒险旅程就这样意外开始了……'),(31,'鬼子来了','30.jpg',' 姜文 Wen Jiang',' 姜文 Wen Jiang / 香川照之 Teruyuki Kagawa /...',2000,'中国大陆','剧情 历史 战争',9.2,'对敌人的仁慈，就是对自己残忍。',0,0,0,0,0,0,0,0,0,0,0,'魔幻战争逐渐进入高潮阶段。霍比特人弗拉多（伊利亚·伍德 Elijah Wood 饰）携带着魔戒，与伙伴山姆（Sean Astin 饰）以及狡猾阴暗的咕噜等前往末日山，一路上艰难险阻不断，魔君索伦为阻止魔戒被销毁用尽全力阻挠。另一方面，白袍巫师甘道夫（伊安·麦克莱恩 Ian McKellen 饰）率中土勇士们镇守刚铎首都——白城米那斯提里斯。魔兽大军压境，黑暗与光明的决战即将来临……本片是“指环王三部曲”的终结篇，根据英国作家J.R.R.托尔金（J.R.R. Tolkien）同名魔幻巨著《指环王》（The Lord of the Rings）改编，并荣获2004年第76届奥斯卡最佳影片、最佳导演、最佳改编剧本、最佳剪辑、最佳艺术指导、最佳服装设计、最佳化妆、最佳视觉效果、最佳音效、最佳配乐和最佳歌曲等11项大奖。'),(32,'控方证人','31.jpg',' 比利·怀尔德 Billy Wilder',' 泰隆·鲍华 Tyrone Power / 玛琳·...',1957,'美国','剧情 犯罪 悬疑',9.6,'比利·怀德满分作品。',0,0,0,0,0,0,0,0,0,0,0,'意大利南部小镇，古灵精怪的小男孩多多（萨瓦特利·卡西欧 饰）喜欢看电影，更喜欢看放映师艾佛特（菲利浦·诺瓦雷 饰）放电影，他和艾佛特成为了忘年之交，在胶片中找到了童年生活的乐趣。好心的艾佛特为了让更多的观众看到电影，搞了一次露天电影，结果胶片着火了，多多把艾弗达从火海 中救了出来，但艾弗达双目失明。多多成了小镇唯一会放电影的人，他接替艾佛特成了小镇的电影放映师。多多（马克·莱昂纳蒂 饰）渐渐长大，他爱上了银行家的女儿艾莲娜（阿格妮丝·那诺 Agnese Nano 饰）。初恋的纯洁情愫美如天堂，但是一对小情侣的海誓山盟被艾莲娜父亲的阻挠给隔断了，多多去服兵役，而艾莲娜去念大学。伤心的多多在艾佛特的鼓励下，离开小镇，追寻自己生命中的梦想……30年后，艾佛特去世，此时的多多已经是功成名就的导演，他回到了家乡，看到残破的天堂电影院，追忆往昔，唏嘘不已。多多意外地遇见了艾莲娜，往日种种，真相大白，他们如何面对彼此？'),(33,'十二怒汉','32.jpg',' Sidney Lumet',' 亨利·方达 Henry Fonda / 马丁·鲍尔萨姆 Marti...',1957,'美国','剧情',9.4,'1957年的理想主义。',0,0,0,0,0,0,0,0,0,0,0,'第二次世界大战期间，中国河北挂甲台村的农民马大三（姜文饰）在日本人的统治下过着平静的生活。一个晚上，游击队绑架了日军陆军士兵花屋小三郎（香川照之饰）和翻译董汉臣，把他们捆绑塞入麻袋放在马大三家里，并吩咐马好好看管，几天后的大年三十来带人。马大三和村民战战兢兢地看守两人，花屋小三郎和董汉臣数次发出求救信号，皆被村民化解。半年过去了，村民们担心事情暴露，却又不敢把花屋等放了。马大三最终被董汉臣说动，把花屋和董送到了日军宪兵队驻地，以换取粮食。日军宪兵军官酒冢猪吉是花屋的同乡。他表面上对马等人客气，但背后指责花屋让皇军蒙耻并殴打了他。宪兵队整队去马的村子里和村民联欢送粮，酒到酣时却乍露杀机。'),(34,'指环王3：王者无敌','33.jpg',' 彼得·杰克逊 Peter Jackson',' 维果·莫腾森 Viggo Mortensen / ...',2003,'美国 新西兰','剧情 动作 奇幻 冒险',9.1,'史诗的终章。',0,0,0,0,0,0,0,0,0,0,0,'一个在贫民窟长大的18岁少年因为涉嫌杀害自己的父亲被告上法庭，证人言之凿凿，各方面的证据都对他极为不利。十二个不同职业的人组成了这个案件的陪审团，他们要在休息室达成一致的意见，裁定少年是否有罪，如果罪名成立，少年将会被判处死刑。十二个陪审团成员各有不同，除了8号陪审员（H enry Fonda 饰）之外，其他人对这个犯罪事实如此清晰的案子不屑一顾，还没有开始讨论就认定了少年有罪。8号陪审员提出了自己的“合理疑点”，耐心地说服其他的陪审员，在这个过程中，他们每个人不同的人生观也在冲突和较量……'),(35,'天空之城','34.jpg',' 宫崎骏 Hayao Miyazaki',' 田中真弓 Mayumi Tanaka / 横泽启子 Ke...',1986,'日本','动画 奇幻 冒险',9.1,'对天空的追逐，永不停止。',0,0,0,0,0,0,0,0,0,0,0,'古老帝国拉比达是一座漂浮在空中的巨大的机器岛，传说那里已经无人居住，蕴藏着巨大的财富。因此，无论军方还是海盗，都在找寻着这座传说中的飞行岛。矿工帕克这天偶遇拉达比继承人希达，两人一见如故。因为希达身上有找寻拉比达帝国的重要物件飞行石，军方和海盗两帮人马都在追杀希达。帕克带着希达一起逃亡，最终都没有逃出军方的手中，希达被军队掳走了。为救朋友，帕克只能选择与海盗合作。帕克与海盗成功救出了希达，同时，他们也发现了军方的邪恶计划。为了阻止军方邪恶计划的实施，他们和海盗一起踏上了寻找拉比达之旅。'),(36,'飞屋环游记','35.jpg',' 彼特·道格特 Pete Docter / 鲍勃·彼德森 Bob Peterson',' 爱德...',2009,'美国','剧情 喜剧 动画 冒险',8.9,'最后那些最无聊的事情，才是最值得怀念的。',0,0,0,0,0,0,0,0,0,0,0,'马哈维亚（阿米尔·汗 Aamir Khan 饰）曾经是一名前途无量的摔跤运动员，在放弃了职业生涯后，他最大的遗憾就是没有能够替国家赢得金牌。马哈维亚将这份希望寄托在了尚未出生的儿子身上，哪知道妻子接连给他生了两个女儿，取名吉塔（法缇玛·萨那·纱卡 Fatima Sana Shaikh 饰）和巴比塔（桑亚·玛荷塔 Sanya Malhotra 饰）。让马哈维亚没有想到的是，两个姑娘展现出了杰出的摔跤天赋，让他幡然醒悟，就算是女孩，也能够昂首挺胸的站在比赛场上，为了国家和她们自己赢得荣誉。就这样，在马哈维亚的指导下，吉塔和巴比塔开始了艰苦的训练，两人进步神速，很快就因为在比赛中连连获胜而成为了当地的名人。为了获得更多的机会，吉塔进入了国家体育学院学习，在那里，她将面对更大的诱惑和更多的选择。'),(37,'摔跤吧！爸爸','36.jpg',' 涅提·蒂瓦里 Nitesh Tiwari',' 阿米尔·汗 Aamir Khan / 法缇玛...',2016,'印度','剧情 传记 运动 家庭',9,'你不是在为你一个人战斗，你要让千千万万的女性看到女生并不是只能相夫教子。',0,0,0,0,0,0,0,0,0,0,0,'小男孩卡尔（Carl Fredricksen）怀揣着对于冒险的热爱偶遇假小子艾丽（Ellie），而艾丽把整个屋子当成一艘大飞船游戏居然使他对这个女孩子有些着迷，相同的爱好最终使两个人成为了一生的爱侣。他们有一个梦想，那就是有朝一日要去南美洲的“仙境瀑布”探险，但直到艾丽去世，这个梦想也未能实现。终于有一天，曾经专卖气球的老人卡尔居然用五颜六色的气球拽着他的房子飞上了天空，他决定要去实现他们未曾实现的梦想。令卡尔始料不及的是，门廊居然搭上了一个自称是“荒野开拓者”的小男孩小罗（Russell），小罗的喋喋不休让卡尔对这个小胖墩格外讨厌。一老一少在飞行中经过了千难万险终于看到了传说中的“仙境瀑布”，在相处过程中卡尔发现小罗其实是个惹人怜爱的孩子。在步行穿越一座森林时，他们遇到了不会飞的大鸟凯文（Kevin）和一只会说话的狗狗逗逗（Dug），让老人惊讶的是他们还遇到了他少年的崇拜偶像——探险家查尔斯·蒙兹（Charles Muntz），而且他发现蒙兹居然是一个为达目的不择手段的坏人。这时，老人离自己的梦想之地只有一步之遥……本片荣获第82届奥斯卡最佳动画长片、最佳配乐2项大奖。'),(38,'搏击俱乐部','37.jpg',' 大卫·芬奇 David Fincher',' 爱德华·诺顿 Edward Norton / 布拉...',1999,'美国 德国','剧情 动作 悬疑 惊悚',9,'邪恶与平庸蛰伏于同一个母体，在特定的时间互相对峙。',0,0,0,0,0,0,0,0,0,0,0,'孙悟空（周星驰）护送唐三藏（罗家英）去西天取经路上，与牛魔王合谋欲杀害唐三藏，并偷走了月光宝盒，此举使观音萌生将其铲除心思，经唐三藏请求，孙悟空被判五百年后重新投胎做人赎其罪孽。五百年后孙悟空化身强盗头头至尊宝。当遇见预谋吃唐僧肉的妖怪姐妹蜘蛛精春三十娘（蓝洁瑛）和白骨精白晶晶（莫文蔚）时，因为五百年前孙悟空曾与白晶晶有过一段恋情，至尊宝与她一见钟情，但因菩提老祖将二人妖怪身份相告，至尊宝仍带领众强盗开始与二妖展开周旋，过程中，白晶晶为救至尊宝打伤春三十娘，自己也中毒受伤，为了救白晶晶，至尊宝去找春三十娘，遭白晶晶误会，绝望自杀，至尊宝开始用月光宝盒以期使时光倒流。'),(39,'大话西游之月光宝盒','38.jpg',' 刘镇伟 Jeffrey Lau',' 周星驰 Stephen Chow / 吴孟达 Man Tat Ng...',1995,'香港 中国大陆','喜剧 爱情 奇幻 古装',8.9,'旷古烁今。',0,0,0,0,0,0,0,0,0,0,0,'杰克（爱德华•诺顿 饰）是一个大汽车公司的职员，患有严重的失眠症，对周围的一切充满危机和憎恨。一个偶然的机会，杰克遇上了卖肥皂的商人泰勒（布拉德•皮特），一个浑身充满叛逆、残酷和暴烈的痞子英雄，并因为自己公寓失火而住进了泰勒破旧不堪的家中。两人因缘际会地成为了好朋友，并创立了“搏击俱乐部”：一个让人们不戴护具而徒手搏击，宗旨在于发泄情绪的地下组织。俱乐部吸引了越来越多的人，逐渐发展成为一个全国性的地下组织，而泰勒也以自己个人的魅力，吸引着那些盲目的信徒。俱乐部的成员们到处滋事打架、大肆破坏，泰勒本人的行为也越来越疯狂。杰克对于“搏击俱乐部”的现况及泰勒的行为越来越无法忍受，和泰勒发生争执，泰勒离开了他。然而，杰克发现，他走到何处都无法摆脱泰勒的影子，他开始思考：我到底是谁？'),(40,'罗马假日','39.jpg',' 威廉·惠勒 William Wyler',' 奥黛丽·赫本 Audrey Hepburn / 格...',1953,'美国','喜剧 剧情 爱情',9,'爱情哪怕只有一天。',0,0,0,0,0,0,0,0,0,0,0,'继母因无力负担生活，将苏菲和她的两个妹妹都送到了制帽店去当学徒。两个妹妹很快先后就离开了制帽店去追寻各自的梦想，只有苏菲坚持了下来。一天，小镇旁边来了一座移动堡垒，传说堡垒的主人哈尔专吸取年青姑娘的灵魂，所以小镇的姑娘都不敢靠近。一个恶毒的巫婆为了报复苏菲与哈尔见面，用巫术把她变成了一个80岁的老太婆，而且苏菲还不能对别人说出自己身中的巫术。无奈，苏菲决定独自一人逃离小镇。天黑了，虚弱的苏菲没走多远，来到了移动城堡。心想自己已经是老太婆了，苏菲壮着胆子走进了城堡。不想，遇到了和她遭遇相同的火焰魔。两人约定彼此帮助对方打破各自的咒语……'),(41,'哈尔的移动城堡','40.jpg',' 宫崎骏 Hayao Miyazaki',' 倍赏千惠子 Chieko Baish? / 木村拓...',2004,'日本','动画 奇幻 冒险',9,'带着心爱的人在天空飞翔。',0,0,0,0,0,0,0,0,0,0,0,'欧洲某国的安妮公主（奥黛丽·赫本 Audrey Hepburn 饰）到访罗马，国务烦身，但她又厌倦繁文缛节。一天晚上，身心俱疲的她偷偷来到民间欣赏夜景，巧遇报社记者乔（格里高利·派克 Gregory Peck 饰）。二人把手同游，相当快乐。公主更是到乔的家中作客并在那过夜。不料乔无意中发现了公主的真实身份，他决定炮制一个独家新闻，于是乔和朋友、摄影师欧文（埃迪·艾伯特 Eddie Albert 饰）一起带公主同游罗马，并且偷拍了公主的很多生活照。然而，在接下来与公主的相处中，乔不知不觉恋上了公主。为了保护公主的形象，乔只能忍痛抛弃功成名就的良机，将照片送予了公主。安妮公主在经历了罗马一日假期后，反而体验了自己对国家的责任，毅然返回了大使馆，为了本身的责任而果断抛弃了爱情。'),(42,'闻香识女人','41.jpg',' 马丁·布莱斯 Martin Brest',' 阿尔·帕西诺 Al Pacino / 克里斯...',1992,'美国','剧情',9,'史上最美的探戈。',0,0,0,0,0,0,0,0,0,0,0,'查理（克里斯•奥唐纳 Chris O&#x27;Donnell  饰）是一个普通的中学生，他因为见证着一件恶作剧但又不想出卖朋友，于是面临着一道艰难的选择题——要么坦白，要么被学校勒退。而史法兰（阿尔•帕西诺 Al Pacino  饰）是一个退伍军官，因为意外失明，人生从顶点的辉煌滑落谷底。自从两人的人生有了交集，命运的转折慢慢清晰。史法兰打算结束失去了意义的生活，于是在查理的陪伴下，尽情享受着人生最后一趟出行。他吃最美味的佳肴，买光鲜的汽车，在狭窄的街道上飚车，住在豪华的套房里，跟随陌生女子的袅袅香水味，跳一段优雅性感的探戈……极乐的疯狂后，他拿枪对准了自己的头颅。然而，查理声嘶力竭的劝阻改变了一切，曙光亦渐渐在这个老人心中重新升起，二人情深如父子。史法兰在学校礼堂激昂演说，挽救了查理的前途，讽刺了学校的伪善。二人在互相鼓舞中得到重生。'),(43,'窃听风暴','42.jpg',' 弗洛里安·亨克尔·冯·多纳斯马尔克 Florian Henckel von Donnersmarck&n',' ...',2006,'德国','剧情 悬疑',9.1,'别样人生。',0,0,0,0,0,0,0,0,0,0,0,'1978年，只有高中学历的宋佑硕（宋康昊 饰）通过多年的艰苦努力，终于通过司法考试，并在成为法官后很快转行成为一名律师。他敏锐地从最新政策中嗅到商机，以不动产代书业务起家。虽然被同行讥讽为随时随地派发名片的夜店小弟，但佑硕不以为忤，一步一步朝着心中的目标迈进。他依靠赚来的钱让妻儿过上富足的生活，也还了七年前在饭店大婶那里欠下的良心债。进入20世纪80年代，韩国民主化斗争愈演愈烈。佑硕全然不管窗外事，关起门来继续赚钱。然而社会的巨变已经不容他置身事外，饭店大婶的儿子朴镇宇因从属的釜山读书联合会被控为左翼社团而遭到逮捕，更受到残酷的虐待和不公的指控。虽然爱钱却更重感情的佑硕，就这样走上了为民主辩护的道路……'),(44,'辩护人','43.jpg',' 杨宇硕 Woo-seok Yang',' 宋康昊 Kang-ho Song / 吴达洙 Dal-su O...',2013,'韩国','剧情',9.2,'电影的现实意义大过电影本身。',0,0,0,0,0,0,0,0,0,0,0,'溥仪（尊龙 饰）的一生在电影中娓娓道来。他从三岁起登基，年幼的眼光中只有大臣身上的一只蝈蝈，江山在他心中只是一个不明所以的名词。长大了，他以为可以变革，却被太监一把烧了朝廷账本。他以为是大清江山的主人，却做了日本人的傀儡。解放后，他坐上了从俄国回来的火车，身边是押送监视他的解放军。他猜测自己难逃一死，便躲在狭小的卫生间里，割脉自杀。然而他没有死在火车上，命运的嘲笑还在等着他。文革的风风雨雨，在他身上留下了斑斑伤痕。'),(45,'两杆大烟枪','44.jpg',' Guy Ritchie',' Jason Flemyng / Dexter Fletcher / Nick Moran...',1998,'英国','剧情 喜剧 犯罪',9.1,'4个臭皮匠顶个诸葛亮，盖·里奇果然不是盖的。',0,0,0,0,0,0,0,0,0,0,0,'1984年的东德，整个社会笼罩在国家安全局的高压统治之下，特工魏斯曼（乌尔利希·穆厄 饰）奉命监听剧作家德莱曼（塞巴斯蒂安·寇治 饰）及其女友演员克里斯蒂娜（玛蒂娜·杰蒂克 饰）的生活，监听过程中，魏斯曼渐渐对这家人的生活产生了兴趣，开始暗中帮助他们。一篇刊登在西德《明 镜》报上的文章引起了特工头目的注意，他们认为这篇文章是德莱曼写的，并逮捕了克里斯蒂娜，希望能够从她口中得出她丈夫的秘密？而审问克里斯蒂娜的正是魏斯曼……'),(46,'飞越疯人院','45.jpg',' 米洛斯·福尔曼 Milo? Forman',' 杰克·尼科尔森 Jack Nichols...',1975,'美国','剧情',9.1,'自由万岁。',0,0,0,0,0,0,0,0,0,0,0,'热爱音乐的米格尔（安东尼·冈萨雷兹 Anthony Gonzalez 配音）不幸地出生在一个视音乐为洪水猛兽的大家庭之中，一家人只盼着米格尔快快长大，好继承家里传承了数代的制鞋产业。一年一度的亡灵节即将来临，每逢这一天，去世的亲人们的魂魄便可凭借着摆在祭坛上的照片返回现世和生者团圆。在一场意外中，米格尔竟然穿越到了亡灵国度之中，在太阳升起之前，他必须得到一位亲人的祝福，否则就将会永远地留在这个世界里。米格尔决定去寻找已故的歌神德拉库斯（本杰明·布拉特 Benjamin Bratt 配音），因为他很有可能就是自己的祖父。途中，米格尔邂逅了落魄乐手埃克托（盖尔·加西亚·贝纳尔 Gael García Bernal 配音），也渐渐发现了德拉库斯隐藏已久的秘密。'),(47,'死亡诗社','46.jpg',' 彼得·威尔 Peter Weir',' 罗宾·威廉姆斯 Robin Williams / 罗伯...',1989,'美国','剧情',9,'当一个死水般的体制内出现一个活跃的变数时，所有的腐臭都站在了光明的对面。',0,0,0,0,0,0,0,0,0,0,0,'艾迪（尼克·莫伦）思维敏捷，是个玩牌高手。在三个好友的支持下，艾迪携巨资参加了黑社会的高额赌局，不想落入圈套，欠下50万的赌债。为了还清赌债，艾迪和朋友们绞尽脑汁，最终算计到一群毒贩身上，并为打劫购买了两杆老式烟枪。不想这群不安分的毒贩，正惦念着他们毒品供应商的钱，并在同一天实施了打劫。在毒贩们费尽周折，把毒品供应商熨的整整齐齐的钱款拿到手后，艾迪他们幸运的坐享其成。可是他们不知道，这看似简单的抢劫案背后，更有厉害的角色参与其中。他们手里的两杆破烟枪也隐藏着不少故事。在无知与莽撞中置身漩涡的他们能侥幸脱身么？笑料迭出的偶发事件里，穿插着小人物与大人物的辛酸幽默。'),(48,'末代皇帝','47.jpg',' 贝纳尔多·贝托鲁奇 Bernardo Bertolucci',' 尊龙 John Lone / 陈...',1987,'英国 意大利 中国大陆 法国 美国','剧情 传记 历史',9.1,'“不要跟我比惨，我比你更惨”再适合这部电影不过了。',0,0,0,0,0,0,0,0,0,0,0,'她（李来 饰）是一个美丽平凡的小女孩，和爸爸妈妈生活在位于街角的家中。家里经营着以她的名字素媛命名的杂货店，母亲（严智媛 饰）作为老板娘日夜忙碌不得闲暇，父亲则在工厂干着繁重的工作。在那个飘雨的早上，素媛打着雨伞独自上学。在离学校近在咫尺的地方，她遭遇一个相貌猥琐、酒气冲天的大叔，由此开启了她的悲剧之旅。柔嫩的小花遭到暴风雨无情摧残，受伤的岂止枝枝叶叶，更是那迎着阳光无忧成长的心。无良媒体铺天盖地大肆渲染，作为受害者的素媛一家仿佛成了周身污秽的耻辱之人，被四周诧异好奇的目光所包围。妈妈悲痛欲绝，几近崩溃。爸爸全力保护女儿，但受伤的小天使却拒绝爸爸的靠近。问凶之路伴随着天使的治愈旅程，美丽的女孩可会再露灿烂笑容？'),(49,'V字仇杀队','48.jpg',' 詹姆斯·麦克特格 James McTeigue',' 娜塔莉·波特曼 Natalie Por...',2005,'美国 英国 德国','剧情 动作 科幻 惊悚',8.8,'一张面具背后的理想与革命。',0,0,0,0,0,0,0,0,0,0,0,'威尔顿预备学院以其沉稳凝重的教学风格和较高的升学率闻名，作为其毕业班的学生，理想就是升入名校。新学期文学老师约翰·基汀（罗宾·威廉姆斯 饰）的到来如同一阵春风，一反传统名校的严肃刻板。基汀带学生们在校史楼内聆听死亡的声音，反思生的意义 ；让男生们在绿茵场上宣读自己的理想；鼓励学生站在课桌上，用新的视角俯瞰世界。老师自由发散式的哲学思维让学生内心产生强烈的共鸣，他们渐渐学会自己思考与求索，勇敢的追问人生的路途，甚至违反门禁，成立死亡诗社，在山洞里击节而歌！基汀教授、基汀老师、基汀队长，他的教育宛若春风化雨，润物无声的留在每个人心里…'),(50,'指环王2：双塔奇兵','49.jpg',' 彼得·杰克逊 Peter Jackson',' 伊利亚·伍德 Elijah Wood / 西恩...',2002,'美国 新西兰','剧情 动作 奇幻 冒险',9,'承前启后的史诗篇章。',0,0,0,0,0,0,0,0,0,0,0,'麦克墨菲（杰克·尼科尔森 Jack Nicholson 饰）为了逃避监狱里的强制劳动，装作精神异常，被送进了精神病院，他的到来，给死气沉沉的精神病院带来了剧烈的冲击。麦克要求看棒球比赛的电视转播，挑战了医院严格的管理制度，受到护士长瑞秋（路易丝·弗莱彻 Louise Fletcher 饰）的百般阻挠；麦克带领病人出海捕鱼，振奋了 他们的精神，却让院方头痛不已。院方为了惩处麦克胆大妄为、屡犯院规，决定将他永远留在疯人院。生性自由的麦克再也无法忍受疯人院的生活，他联合病友，高大的印第安人“酋长”，开始自己的计划：飞越疯人院。本片获1975年第48届奥斯卡最佳影片，最佳男、女主角，最佳导演和最佳改编剧本五项大奖。主人公“不自由毋宁死”的精神在当今社会仍有很大的现实意义。'),(51,'教父2','50.jpg',' 弗朗西斯·福特·科波拉 Francis Ford Coppola',' 阿尔·帕西诺 A...',1974,'美国','剧情 犯罪',9.1,'优雅的孤独。',0,0,0,0,0,0,0,0,0,0,0,'第二部在延续第一部风格的同时，故事呈现出多线发展的格局，情节有了更高的观赏性。第一部结尾，博罗米尔被强兽人杀死之后，两个哈比族人皮平和梅利也被强兽人绑架，阿拉贡、精灵莱戈拉斯（奥兰多•布鲁姆 饰）、侏儒金利一路追踪强兽人，营救皮平和梅利，遇到了“复活”的白袍巫师甘道夫（伊恩•麦凯伦 饰）。此时，投降索伦的白袍巫师萨鲁曼控制了人类洛汉王国的国王，并派出大量的强兽人军队，准备消灭人类。阿拉贡、莱戈拉斯和金利在甘道夫的带领下，帮助洛汉王国对抗邪恶力量的入侵。幸运的皮平和梅利被会说话的树精救了出来，并且遇到“复活”的甘道夫，在甘道夫的授意下，树精保护了两人的安全，并且带他们参加树精大会，大会上，树精们讨论对待中土大战的态度：是继续当中立者，逆来顺受，还是奋起反抗？身负重任的佛罗多(伊莱贾•伍德 饰)和山姆继续向末日山脉前进，一路上被咕噜跟踪，弗罗多依靠至尊魔戒的力量，成为了咕噜的主人，在咕噜的带领下，他们到了末日山脉的入口，黑门。就在他们准备进入之时，博罗米尔的弟弟法莫尔出现，将他们带回了刚铎。弗罗多又遇上了新的危机：法莫尔想利用至尊魔戒的力量对抗萨鲁曼的攻击……'),(52,'素媛','51.jpg',' 李濬益 Jun-ik Lee',' 薛景求 Kyung-gu Sol / 严志媛 Ji-won Uhm ...',2013,'韩国','剧情',9.2,'受过伤害的人总是笑得最开心，因为他们不愿意让身边的人承受一样的痛苦。',0,0,0,0,0,0,0,0,0,0,0,'影片主要讲述第二代教父麦克·柯里昂（阿尔·帕西诺 饰）的奋斗历程，同时回忆了第一代教父维多·柯里昂（罗伯特·德尼罗 饰）创业的艰辛，反映了不同历史时期，两代教父的事业、家庭生活。麦克为儿子托尼举行圣餐仪式和庆祝活动的当夜，麦克在家中遭到袭击，凶手被人灭口，面临接管家族事业以来的重重危机，麦克回忆起了父亲维多·柯里昂年轻时在美国的创业历程。麦克一边调查袭击的真相，一边继续开展赌博、酒店等生意，和另一个黑帮人物海门罗斯斗智斗勇，不断扩大势力。终于，麦克的不法行为引起了政府的关注，麦克受到一系列的指控；同时，麦克的家庭也遇到了危机，夫妻感情濒临破裂；而最让麦克痛心的，却是家族中，亲人的背叛。和第一代教父其乐融融的家庭生活比起来，麦克无疑很失败。麦克怎么样面对事业、家庭的双重危机？为什么两代教父会有截然不同的家庭生活？让我们自己在影片中寻找答案。'),(53,'指环王1：魔戒再现','52.jpg',' 彼得·杰克逊 Peter Jackson',' 伊利亚·伍德 Elijah Wood / 西恩...',2001,'新西兰 美国','剧情 动作 奇幻 冒险',9,'传说的开始。',0,0,0,0,0,0,0,0,0,0,0,'未来的英国社会处于极权统治的高压下，不能容许同性恋者、异教徒等社会角色的存在，人民在黑暗政权下苟延残喘。这晚，年轻女子艾薇（娜塔丽·波特曼 Natalie Portman饰）身陷险境，幸得V（雨果·维文 Hugo Weaving饰）相助。V是一个永远带着面具的神秘男子，拥有高智商和超凡战斗力。V继承了前革命英雄的使命，为了推翻荒唐极权的统治阶层，他成立了神秘的地下组织，摧毁了伦敦的标志性建筑，点燃了反政府的熊熊烈火。艾薇和V深入接触，不仅得知了V的神秘使命，还渐渐发现原来自己的身世，注定了自己和V是同一条阵线的人。'),(54,'海豚湾','53.jpg',' 路易·西霍尤斯 Louie Psihoyos',' Richard O\'Barry / 路易·西霍...',2009,'美国','纪录片',9.3,'海豚的微笑，是世界上最高明的伪装。',0,0,0,0,0,0,0,0,0,0,0,'比尔博•巴金斯是100多岁的哈比人，住在故乡夏尔，生性喜欢冒险，在年轻时的一次探险经历中，他从怪物咕噜手中得到了至尊魔戒，这枚戒指是黑暗魔君索伦打造的至尊魔戒，拥有奴役世界的邪恶力量，能够统领其他几枚力量之戒，在3000年前的人类联盟和半兽人大军的战役中，联盟取得了胜利，并得到了至尊魔戒，数千年的辗转后，魔戒落到咕噜手中，被比尔博碰巧得到。因为和魔戒的朝夕相处，比尔博的心性也受到了影响，在他111岁的生日宴会上，他决定把一切都留给侄子佛罗多(伊莱贾•伍德 饰)，继续冒险。比尔博的好朋友灰袍巫师甘道夫（伊恩•麦凯伦 饰）知道至尊魔戒的秘密，同时，黑暗魔君索伦已经知道他的魔戒落在哈比族的手中。索伦正在重新建造要塞巴拉多，集结无数的半兽人，准备以大军 夺取魔戒，并且征服全世界。甘道夫说服佛罗多将魔戒护送到精灵王国瑞文希尔，佛罗多在好朋友山姆、皮平和梅利的陪同下，在跃马旅店得到了刚铎王子阿拉贡的帮助，历经艰难，终于到达了精灵王国。然而，精灵族并不愿意保管这个邪恶的至尊魔戒，中土各国代表开会讨论，达成意见，准备将至尊魔戒送到末日山脉的烈焰中彻底销毁，佛罗多挺身而出接受了这个任务，这次，陪伴他的除了三个好朋友，还有甘道夫、阿拉贡、精灵莱戈拉斯（奥兰多•布鲁姆 饰）、人类博罗米尔、侏儒金利。一路上，魔戒远征军除了要逃避索伦爪牙黑骑士和半兽人的追杀之外，更要抵抗至尊魔界本身的邪恶诱惑，前途困难重重。'),(55,'饮食男女','54.jpg',' 李安 Ang Lee',' 郎雄 Sihung Lung / 杨贵媚 Kuei-Mei Yang / 吴...',1994,'台湾 美国','剧情 家庭',9.1,'人生不能像做菜，把所有的料都准备好了才下锅。',0,0,0,0,0,0,0,0,0,0,0,'辛巴是狮子王国的小王子，他的父亲穆法沙是一个威严的国王。然而叔叔刀疤却对穆法沙的王位觊觎已久。要想坐上王位宝座，刀疤必须除去小王子。于是，刀疤利用种种借口让辛巴外出，然后伺机大开杀戒，无奈被穆法沙即时来救。在反复的算计下，穆法沙惨死在刀疤手下，刀疤别有用心的劝辛巴离开，一方面派人将他赶尽杀绝。辛巴逃亡中遇到了机智的丁满和善良的彭彭，他们抚养辛巴长成雄壮的大狮子，鼓励他回去森林复国。在接下来一场复国救民的斗争中，辛巴真正长成一个坚强的男子汉，领会了责任的真谛。'),(56,'美丽心灵','55.jpg',' 朗·霍华德 Ron Howard',' 罗素·克劳 Russell Crowe / 艾德·哈...',2001,'美国','传记 剧情',8.9,'爱是一切逻辑和原由。',0,0,0,0,0,0,0,0,0,0,0,'台湾中国菜硕果仅存的大师老朱（郎雄）退休后，渐尝老年生活的诸多尴尬：每周日费心做出的一桌丰盛菜肴，并无将三个女儿（杨贵媚、吴倩莲、王渝文）齐齐拉到饭桌的吸引力，已经长大成人的她们，心里藏了许多比陪父亲吃饭更重要的事；多年老友的突然离世，令他在友情这块也有了缺口；而对厨师来讲最重要的味觉的丧失，则将其彻底推到人生的低谷。三个女儿虽各忙各事，却也操心着老朱的晚年生活，计划着为其找个老伴，但她们没料到老朱早已悄无声息地谈起了“黄昏恋”。吃惊过后，老朱最看重的继承了他做菜天赋的二女儿家倩因为自身的生活经历，对父亲、她与父亲的关系有了新的认识，而对老朱来讲更大的惊喜，还在后面。'),(57,'狮子王','56.jpg',' Roger Allers / 罗伯·明可夫 Rob Minkoff',' 乔纳森·泰勒·托马...',1994,'美国','剧情 动画 冒险 歌舞 家庭',9,'动物版《哈姆雷特》。',0,0,0,0,0,0,0,0,0,0,0,'本片是关于20世纪伟大数学家小约翰•福布斯-纳什的人物传记片。小约翰•福布斯-纳什（拉塞尔•克劳）在念研究生时，便发表了著名的博弈理论，该理论虽只有短短26页，却在经济、军事等领域产生了深远的影响。但就在小约翰•福布斯-纳什蜚声国际时，他的出众直觉因为精神分裂症受到困扰，然而这并没阻止他向学术上的最高层进军的步伐，在深爱他的妻子艾丽西亚（珍妮弗•康纳利）的鼓励和帮助下，他走得虽然艰缓，却始终没有停步，而最终，凭借十几年的不懈努力和顽强意志，他如愿以偿。'),(58,'情书','57.jpg',' 岩井俊二 Shunji Iwai',' 中山美穗 Miho Nakayama / 丰川悦司 Ets...',1995,'日本','剧情 爱情',8.9,'暗恋的极致。',0,0,0,0,0,0,0,0,0,0,0,'日本和歌山县太地，是一个景色优美的小渔村，然而这里却常年上演着惨无人道的一幕。每年，数以万计的海豚经过这片海域，他们的旅程却在太地戛然而止。渔民们将海豚驱赶到靠近岸边的一个地方，来自世界各地的海豚训练师挑选合适的对象，剩下的大批海豚则被渔民毫无理由地赶尽杀绝。这些屠杀，这些罪行，因为种种利益而被政府和相关组织所隐瞒。理查德•贝瑞（Richard O’Barry）年轻时曾是一名海豚训练师，他所参与拍摄电影《海豚的故事》备受欢迎。但是，一头海豚的死让理查德的心灵受到强烈的震撼。从此，他致力于拯救海豚的活动。不顾当地政府和村民百般阻挠，他和他的摄影团队想方设法潜入太地的海豚屠杀场，只为将罪行公之于众，拯救人类可爱的朋友……本片荣获2010年第82届奥斯卡金像奖最佳纪录长片奖。'),(59,'寻梦环游记','58.jpg',' 李·昂克里奇 Lee Unkrich / 阿德里安·莫利纳 Adrian Molina',' ...',2017,'美国','喜剧 动画 奇幻 音乐',9,'死亡不是真的逝去，遗忘才是永恒的消亡。',0,0,0,0,0,0,0,0,0,0,0,'日本神户某个飘雪的冬日，渡边博子（中山美穗）在前未婚夫藤井树的三周年祭日上又一次悲痛到不能自已。正因为无法抑制住对已逝恋人的思念，渡边博子在其中学同学录里发现“藤井树” 在小樽市读书时的地址时，依循着寄发了一封本以为是发往天国的情书。不想不久渡边博子竟然收到署名为“藤井树（中山美穗）”的回信，经过进一步了解，她知晓此藤井树是一个同她年纪相仿的女孩，且还是男友藤井树（柏原崇）少年时代的同班同学。为了多了解一些昔日恋人在中学时代的情况，渡边博子开始与女性藤井树书信往来。而藤井树在不断的回忆中，渐渐发现少年时代与她同名同姓的那个藤井树曾对自己藏了一腔柔情。'),(60,'钢琴家','59.jpg',' 罗曼·波兰斯基 Roman Polanski',' 艾德里安·布洛迪 Adrien Brod...',2002,'法国 德国 英国 波兰','剧情 传记 历史 战争 音乐',9.1,'音乐能化解仇恨。',0,0,0,0,0,0,0,0,0,0,0,'史标曼（艾德里安•布洛迪 Adrien Brody 饰）是波兰一家电台的钢琴师。二战即将爆发之时，他们全家被迫被赶进华沙的犹太区。在战争的颠沛流离中，家人和亲戚最终被纳粹杀害，而标曼本人也受尽种种羞辱和折磨，他侥幸得到一位朋友的帮助，暂时有了藏身之处。战争愈加猛烈，朋友不得不抛下 他回老家寻得安全的住所养育儿女。此时史标曼恶病缠身，却还要在搜捕中逃亡。在废墟的阁楼上他遇见了一名德国军官，在军官的要求下他弹奏了钢琴曲。美妙的琴声令德国军官萌发了恻隐之心，他暗暗帮助标曼直到俄军对波兰的解放到来……影片根据波兰钢琴家瓦拉迪斯罗•斯皮曼(Wladyslaw Szpilman)的自传体小说《死亡城市》改编。'),(61,'美国往事','60.jpg',' 赛尔乔·莱翁内 Sergio Leone',' 罗伯特·德尼罗 Robert De Niro ...',1984,'意大利 美国','犯罪 剧情',9.1,'往事如烟，无处祭奠。',0,0,0,0,0,0,0,0,0,0,0,'飓风正在侵袭美国新奥尔良，一位病危的老妇睁开了她的睡眼。老妇名叫戴茜（凯特·布兰切特饰），她叫女儿凯若琳（朱莉娅•奥蒙德饰）为她阅读一本日记。这本日记的作者叫本杰明•巴顿（布拉德•皮特饰）。本杰明出生在第一次世界大战停战之时，但生来便像个老人的他被父亲当作怪物，被遗弃在了养老院。本杰明在养老院与老人们一起生活。但谁都没有想到，本杰明逆向发育——越活越年轻！也许“越活越年轻”是某些人的梦想，但真正这样成长的本杰明却有了别人无法理解的烦恼与快乐。穿越半世纪的世界变革，本杰明身处其中，感受别人感受不到的感受。为何母亲会让自己念这本日记？本杰明•巴顿此人与母亲有什么关系？凯若琳陷入了深深的疑惑与好奇之中。'),(62,'本杰明·巴顿奇事','61.jpg',' 大卫·芬奇 David Fincher',' 凯特·布兰切特 Cate Blanchett / ...',2008,'美国','剧情 爱情 奇幻',8.8,'在时间之河里感受溺水之苦。',0,0,0,0,0,0,0,0,0,0,0,'艾德里安（马里奥·卡萨斯 Mario Casas 饰）经营着一间科技公司，事业蒸蒸日上，家中有美丽贤惠的妻子和活泼可爱的女儿，事业家庭双丰收的他是旁人羡慕的对象。然而，野心勃勃的艾德里安并未珍惜眼前来之不易的生活，一直以来，他和一位名叫劳拉（芭芭拉·蓝妮 Bárbara Lennie 饰）的女摄影师保持着肉体关系。某日幽会过后，两人驱车离开别墅，却在路上发生了车祸，为了掩盖事件的真相，两人决定将在车祸中死去的青年丹尼尔联同他的车一起沉入湖底。之后，劳拉遇见了一位善良的老人，老人将劳拉坏掉的车拉回家中修理，然而，令劳拉没有想到的是，这位老人，竟然就是丹尼尔的父亲。'),(63,'小鞋子','62.jpg',' 马基德·马基迪 Majid Majidi',' 法拉赫阿米尔·哈什米安 Amir Fa...',1997,'伊朗','剧情 儿童 家庭',9.2,'奔跑的孩子是天使。',0,0,0,0,0,0,0,0,0,0,0,'二十年代的美国，纽约少年“面条”（罗伯特•德尼罗 饰）和几个同龄朋友一起认识了聪明狡黠的“麦大”（詹姆斯 • 伍兹 饰），他们开始从事走私活动。不久，面条在一场械斗中杀伤人命，被关进监牢。若干年后，“面条”出狱，当时的小伙伴们已经变成了健壮的青年人，在“麦大”的带领下，他们开始了一系列抢劫、盗窃、敲诈活动。随着犯罪活动的不断深入，“麦大”似乎被胜利冲昏了头脑，竟然把美国联邦储备银行也列入了行动目标。“面条”不忍眼看好友走向毁灭，偷偷打电话报警，想逼迫“麦大”收手。警察与“面条”的朋友展开激烈枪战，“麦大”等人全部被杀。“面条”带着深深的悔恨和痛苦，离开纽约，回到年少时生长的地方。三十五年过去了，几近垂暮的“面条”重新回到纽约的伤心地，他遇见了少时的朋友和旧情人，而当年“麦大”他们的死，背后竟然包含着出乎意料的阴谋。'),(64,'黑客帝国','63.jpg',' 安迪·沃卓斯基 Andy Wachowski / 拉娜·沃卓斯基 Lana Wachowski',' ...',1999,'美国 澳大利亚','动作 科幻',8.9,'视觉革命。',0,0,0,0,0,0,0,0,0,0,0,'不久的将来，网络黑客尼奥（基奴李维斯 饰）对这个看似正常的现实世界产生了怀疑。他结识了黑客崔妮蒂（凯莉·安·摩丝 饰），并见到了黑客组织的首领墨菲斯（劳伦斯·菲什伯恩 饰）。墨菲斯告诉他，现实世界其实是由一个名叫“母体”的计算机人工智能系统控制，人们就像他们饲养的动物，没有自由和思想，而尼奥就是能够拯救人类的救世主。可是，救赎之路从来都不会一帆风顺，到底哪里才是真实的世界？如何才能打败那些超人一样的特勤？尼奥是不是人类的希望？这是黑客的帝国，程序和代码欢迎大家的到来。.'),(65,'西西里的美丽传说','64.jpg',' 朱塞佩·托纳多雷 Giuseppe Tornatore',' 莫妮卡·贝鲁奇 Monica ...',2000,'意大利 美国','剧情 战争 情色',8.8,'美丽无罪。',0,0,0,0,0,0,0,0,0,0,0,'当我还只是十三岁时，1941年春末的那一天，我初次见到了她那一天，墨索里尼向英法宣战，而我，得到了生命里的第一辆脚踏车。她，撩著波浪状黑亮的秀发，穿著最时髦的短裙和丝袜，踏著充满情欲诱惑的高跟鞋，来到了西西里岛上宁静的阳光小镇。她的一举一动都引人瞩目、勾人遐想，她的一颦一笑都教男人心醉、女人羡妒。玛莲娜，像个女神一般，征服了这个海滨的天堂乐园。年仅十三岁的雷纳多也不由自主地掉进了玛莲娜所掀起的漩涡之中，他不仅跟著其他年纪较大的青少年们一起骑著单车，穿梭在小镇的各个角落，搜寻著玛莲娜的诱人丰姿与万种风情，还悄悄地成为她不知情的小跟班，如影随形地跟监、窥视她的生活。她摇曳的倩影、她聆听的音乐、她贴身的衣物都成为这个被荷尔蒙淹没的少年，最真实、最美好的情欲幻想。然而，透过雷纳多的眼，我们也看到了玛莲娜掉进了越来越黑暗的处境之中，她变成了寡妇，而在镇民们的眼中，她也成了不折不扣的祸水，带来了淫欲、嫉妒与忿怒，而一股夹杂著情欲与激愤的风暴，开始袭卷这个连战争都未曾侵扰的小镇。玛莲娜一步步地沉沦，与父亲断绝了关系、被送上法院，更失去了所有的财产，这使得向来天真、不经世事的雷纳多，被迫面对这纯朴小镇中，人心的残暴无情，看著已经一无所有的玛莲娜，雷纳多竟鼓起了他所不曾有过的勇气，决定靠著他自己的力量，以一种教人难以料想的方式，来帮助玛莲娜走出生命的泥沼……'),(66,'看不见的客人','65.jpg',' 奥里奥尔·保罗 Oriol Paulo',' 马里奥·卡萨斯 Mario Casas / 阿...',2016,'西班牙','剧情 犯罪 悬疑 惊悚',8.7,'你以为你以为的就是你以为的。',0,0,0,0,0,0,0,0,0,0,0,'哈利波特是一个孤儿，从小寄养在姨妈家，受尽欺凌。但就在哈利11岁生日的时候，他意外收到了霍格沃茨学院的入学通知书。哈利从该学院派来接他的巨人海格口中得知，这是一间魔法学院，并得知了自己的身世，原来哈利的父母都是伟大的魔法师，在对付伏地魔的战斗中双双献身，唯有哈利幸免于难。哈利进入霍格沃茨后，表现出了超乎想象的飞行天赋，得到麦格教授的推荐进入了格兰芬多的魁地奇球队。另一方面，哈利发现霍格沃茨学院内有一股黑暗势力似乎在暗暗滋长，揭开谜团的关键就在有凶恶的三头犬守护的房间内。哈利、罗恩和赫敏三个好朋友决定探个究竟。'),(67,'让子弹飞','66.jpg',' 姜文 Wen Jiang',' 姜文 Wen Jiang / 葛优 You Ge / 周润发 Yun-F...',2010,'中国大陆 香港','剧情 喜剧 动作 西部',8.7,'你给我翻译翻译，神马叫做TMD的惊喜。',0,0,0,0,0,0,0,0,0,0,0,'家境贫寒的男孩Ali（Amir Farrokh Hashemian）帮妹妹Zahra（Bahare Seddiqi）取修补好的鞋子时，不慎将鞋子弄丢，为了不被父（Mohammad Amir Naji）、母（Fereshte Sarabandi ）责罚，他央求Zahra暂时保密，说两人可以替换着穿他的鞋子上学，并答应一定会帮她买双新鞋子。Ali原本指望用他和父亲进城打工挣的钱帮Zahra买双新鞋，父亲的意外受伤打消了他的美梦。看到全市长跑比赛季军的奖品是一双运动鞋时，Ali决定参加比赛，但是他错过了报名日期。几经哀求，老师（Dariush Mokhtari ）破例让实力出众的Ali参加了比赛。比赛场上，Ali不断提醒自己，一定要得第三名！'),(68,'拯救大兵瑞恩','67.jpg',' 史蒂文·斯皮尔伯格 Steven Spielberg',' 汤姆·汉克斯 Tom Hanks...',1998,'美国','剧情 历史 战争',8.9,'美利坚精神输出大片No1.',0,0,0,0,0,0,0,0,0,0,0,'话说在东土傲来国有一座花果山，山上有一尊石猴吸收日精月华化身为一只神猴（邱岳峰 音），统领着山中的猴子猴孙。为求得一件称心的宝贝，神猴孙大圣潜入龙宫，强硬求来大禹治水时的定海神针如意金箍棒。东海龙王（毕克 音）心有不甘，于是上天将此事诉诸玉帝（富润生 音）。玉皇大帝命令太白金星（尚华 音）下界招安，许以爵位。不知有诈的孙大圣欣然前往，却发现只是负责养马的弼马温。得知受骗的猴王反下天庭，与天兵天将在花果山展开大战……本片根据古典名著《西游记》中的故事改编，前后历时4年创作，并荣获1962年捷克斯洛伐克卡罗维发利国际电影节短片特别奖、1978年英国伦敦国际电影节年度杰出电影奖、1982年厄瓜多尔第四届国际儿童电影节三等奖、第二届中国电影“百花奖”最佳美术片奖。'),(69,'致命魔术','68.jpg',' 克里斯托弗·诺兰 Christopher Nolan',' 休·杰克曼 Hugh Jackman...',2006,'美国 英国','剧情 悬疑 惊悚',8.8,'孪生蝙蝠侠大战克隆金刚狼。',0,0,0,0,0,0,0,0,0,0,0,'瑞恩（马特•达蒙 Matt Damon饰 ）是二战期间的美国伞兵，被困在了敌人后方。更不幸的是，他的三个兄弟全部在战争中死亡，如果他也遇难，家中的老母亲将无依无靠。美国作战总指挥部知道了这个情况，毅然决定组织一个小分队前往救援，其中包括米勒上尉（汤姆•汉克斯 Tom Hanks 饰 ）和翻译厄本（杰里米.戴维斯 Jererry Davies饰）。然而，敌方危险重重，他们一路上随时与死亡打交道。他们非常怀疑，到底值不值得冒着八个人的生命危险，去搭救一个人。大家一路辗转寻找瑞恩，对于这次搭救行动，有人不满，有人热忱，有人好奇。大家一次次闻到死神的气息，瑞恩的获救付出了沉重的代价。'),(70,'七宗罪','69.jpg',' 大卫·芬奇 David Fincher',' 摩根·弗里曼 Morgan Freeman / 布...',1995,'美国','剧情 犯罪 悬疑 惊悚',8.8,'警察抓小偷，老鼠玩死猫。',0,0,0,0,0,0,0,0,0,0,0,'民国年间，花钱捐得县长的马邦德（葛优 饰）携妻（刘嘉玲 饰）及随从走马上任。途经南国某地，遭劫匪张麻子（姜文 饰）一伙伏击，随从尽死，只夫妻二人侥幸活命。马为保命，谎称自己是县长的汤 师爷。为汤师爷许下的财富所动，张麻子摇身一变化身县长，带着手下赶赴鹅城上任。有道是天高皇帝远，鹅城地处偏僻，一方霸主黄四郎（周润发 饰）只手遮天，全然不将这个新来的县长放在眼里。张麻子痛打了黄的武教头（姜武 饰），黄则设计害死张的义子小六（张默 饰）。原本只想赚钱的马邦德，怎么也想不到竟会被卷入这场土匪和恶霸的角力之中。鹅城上空愁云密布，血雨腥风在所难免……本片根据马识途的小说《夜谭十记》中的《盗官记》一章改编。'),(72,'被嫌弃的松子的一生','71.jpg',' 中岛哲也 Tetsuya Nakashima',' 中谷美纪 Miki Nakatani / 瑛太 E...',2006,'日本','剧情 歌舞',8.9,'以戏谑来戏谑戏谑。',0,0,0,0,0,0,0,0,0,0,0,'“暴食”、“贪婪”、“懒惰”、“嫉妒”、“骄傲”、“淫欲”、“愤怒”，这是天主教教义所指的人性七宗罪。城市中发生的连坏杀人案，死者恰好都是犯有这些教义的人。凶手故弄玄虚的作案手法，令资深冷静的警员沙摩塞（摩根•弗里曼 Morgan Freeman 饰）和血气方刚的新扎警员米尔斯（布拉德•皮特 Brad Pitt 饰）都陷入了破案的谜团中。他们去图书馆研读但丁的《神曲》，企图从人间地狱的描绘中找到线索，最后从宗教文学哲学的世界中找到了凶手作案计划和手段的蛛丝马迹。凶手前来投案自首，这令众人都松了一口气，以为案件就此结束，怎料还是逃不出七宗罪的杀人逻辑，这次凶手瞄准的目标，是那个犯了“愤怒”罪的人……'),(73,'哈利·波特与魔法石','72.jpg',' Chris Columbus',' Daniel Radcliffe / Emma Watson / Rupert Grint...',2001,'美国 英国','奇幻 冒险',8.9,'童话世界的开端。',0,0,0,0,0,0,0,0,0,0,0,'玛利亚（朱丽·安德鲁斯  饰）是一个年轻活泼的修女，喜欢在大自然下高声歌唱，所以她常常忘记了修道院里的规矩。院长认为玛利亚并不属于规矩严格的修道院。院长与众嬷嬷商量后，决定安排玛利亚到一位名叫特拉普（克里斯托弗·普卢默 饰）上校家当家庭教师。上校的妻子去世多年，留下7个孩子，他要求对孩子严格管教。他告诉玛利亚在他家的家庭教师都做不长久，都是因为孩子的恶作剧。玛利亚果然也遭到了恶作剧，可是这位善良的老师并没有告诉他们的父亲，而是像个母亲一样照顾孩子，很快跟孩子打成一片。上校也渐渐在玛利亚的引导下改变了对孩子们的态度。上校与玛利亚之间发生了感情，他们完婚后回到了已被纳粹占领的奥地利，上校并不想为纳粹办事，一家人准备逃跑……'),(74,'音乐之声','73.jpg',' 罗伯特·怀斯 Robert Wise',' 朱莉·安德鲁斯 Julie Andrews / 克...',1965,'美国','剧情 传记 爱情 歌舞',9,'用音乐化解仇恨，让歌声串起美好。',0,0,0,0,0,0,0,0,0,0,0,'有一天父亲（香川照之饰）突然来找阿笙（瑛太饰），告诉他有个素未谋面的姑姑死了，叫他去收拾下姑姑的房子。在河边的破烂小屋里，阿笙渐渐开始了解父亲口中的姑姑，到底有着怎样的一生。小时候的姑姑川尻松子（中谷美纪饰）经常做着白雪公主似的美梦，她后来成为一名安分的中学教师，却因百口莫辩的误会被辞退了，之后和一作家同居，作家却因为太爱她而选择自杀，死前留下遗言：生而为人对不起。这件事对松子打击极大；之后与该作家的事业敌人同居直至，又忍受不住去找对方妻子的诱惑，结果惨遭抛弃；又是当上浴室女郎，甚至还杀人入狱，然而不管有意无意，她从不放弃生活的希望。不管生活再怎样破碎，她仍然本能地生存下去，这生存本身，足以打动任何人，包括阿笙。'),(75,'低俗小说','74.jpg',' 昆汀·塔伦蒂诺 Quentin Tarantino',' 约翰·特拉沃尔塔 John Tra...',1994,'美国','剧情 喜剧 犯罪',8.8,'故事的高级讲法。',0,0,0,0,0,0,0,0,0,0,0,'《低俗小说》由“文森特和马沙的妻子”、“金表”、“邦妮的处境”三个故事以及影片首尾的序幕和尾声五个部分组成。看似独立的小故事里面，却又有环环相扣的人和事。盗贼“小南瓜”和“小兔子”在早餐店里打劫，却遇上了天大的麻烦——黑社会成员朱尔斯（塞缪尔•杰克逊Samuel L. Jackson饰）和文森特（约翰•特拉沃尔塔John Travolta饰）在店内用餐，可谓天外有天。二人是否会放过两名小盗贼？而文森特是黑社会大哥马沙•华莱士（文•瑞姆斯Ving Rhames饰）的手下，马沙下命令让他陪妻子一个晚上，明知如有雷池必死无疑，但面对马沙妻子美艳诱惑，文森特该怎么办。文森特的故事还没完，拳击手布奇（布鲁斯•威利斯Bruce Willis饰）的出现将令他的人生从此改变。布奇有一块祖传金表，就是因为这块金表，他和马沙分享了一个耻辱的秘密。故事环状结构，回到开端。朱尔斯在小盗贼面前诵读圣经，表示对杀人的厌倦和感悟。什么事件令他如此转变？“邦妮的处境”中就有答案。'),(76,'天使爱美丽','75.jpg',' 让-皮埃尔·热内 Jean-Pierre Jeunet',' 奥黛丽·塔图 Audrey Tau...',2001,'法国 德国','喜剧 爱情',8.7,'法式小清新。',0,0,0,0,0,0,0,0,0,0,0,'弗兰克（莱昂纳多·迪卡普里奥 Leonardo DiCaprio饰）是FBI有史以来年龄最小的通缉犯。他的犯罪手段神通广大，伪装身份的能力超乎常人，全美各地几乎都留下他的犯罪足迹。乔装医生、律师、飞行员，统统都是他曾经的身份。当然，弗兰克凭着这个“本领”，骗取了高达几百万的金额。活得逍遥快乐的弗兰克这次又成功伪造了一份学历证明，去医院做起了大夫。弗兰克不但在这里认识了护士布雷达（艾米·亚当斯 Amy Adams饰），二人擦出爱火花，还通过布雷达的父亲得到了一份检察官助理的优差。然而，这只是暴风雨前夕——一双眼睛已经盯住了弗兰克，誓要把他绳之于法不可。这就是FBI探员卡尔（汤姆·汉克斯 Tom Hanks饰）。在研究追捕弗兰克的过程中，卡尔领教到这个犯罪天才的过人智商。他屡次被弗兰克这个黄毛小子捉弄，心里又恨又不得不佩服。每当弗兰克有惊无险地从他的精心布局中逃脱时，这个猫鼠游戏显得有趣起来……'),(77,'沉默的羔羊','76.jpg',' 乔纳森·戴米 Jonathan Demme',' 朱迪·福斯特 Jodie Foster / 安...',1991,'美国','剧情 犯罪 惊悚',8.8,'安东尼·霍普金斯的顶级表演。',0,0,0,0,0,0,0,0,0,0,0,'见习特工克拉丽斯（茱迪•福斯特 Jodie Foster 饰）所在的城市发生了一系列专剥女性皮的命案。克拉丽斯奉命前去访问被收监的精神有问题的精神病学家汉尼拔博士（安东尼•霍普金斯 Anthony Hopkins 饰），以获取罪犯犯罪心理资料。汉尼拔要求克拉丽斯说出个人经历供他分析以换取他的协助。克拉丽斯的思维完全不是博士的对手，临阵败走了。又一名女子被杀，一人被绑架。今次被绑架的是参议员的女儿，克拉丽斯只得再次找到汉尼拔，汉尼拔给了克拉丽斯一些提示，他们的提示被汉尼拔的医生听见，医生立功心切，对汉尼拔实行严刑逼供，但汉尼拔什么也没透露。克拉丽斯在汉尼拔的提示下，一步步向凶手逼近。'),(78,'勇敢的心','77.jpg',' 梅尔·吉布森 Mel Gibson',' 梅尔·吉布森 Mel Gibson / 苏菲·玛...',1995,'美国','动作 传记 剧情 历史 战争',8.8,'史诗大片的典范。',0,0,0,0,0,0,0,0,0,0,0,'艾米莉（奥黛丽·塔图 Audrey Tautou 饰）有着别人看来不幸的童年——父亲给她做健康检查时，发现她心跳过快，便断定她患上心脏病，从此艾米莉与学校绝缘。随后因为一桩意外，母亲在她眼前突然死去。这一切都毫不影响艾米莉对生活的豁达乐观。1997年，戴安娜王妃的去世让她倍感人生的孤独脆弱，艾米莉从此开始了一系列助人计划，包括自闭忧郁的邻居老人，被老板刻薄的菜摊伙计、遗失了童年器物的旧房东、爱情失意的咖啡店同事。但她万万想不到，成人录象带商店店员尼诺（马修·卡索维 Mathieu Kassovitz 饰），竟成为她的棘手对象，艾米莉开始了令人哭笑不得的另类计划……'),(79,'剪刀手爱德华','78.jpg',' 蒂姆·波顿 Tim Burton',' 约翰尼·德普 Johnny Depp / 薇诺娜·...',1990,'美国','剧情 奇幻 爱情',8.7,'浪漫忧郁的成人童话。',0,0,0,0,0,0,0,0,0,0,0,'威廉•华莱士童年时，其父、苏格兰民族英雄马索•华莱士在与英军的斗争中牺牲，他开始接受父亲好友的指导，学习苏格兰文化和武术。青年华莱士（梅尔•吉布森）学成回到故乡，向美丽的少女梅伦求婚，不想梅伦被英军抢去且遭杀害。在广大村民“英雄之后”的呼声中，华莱士率众揭竿起义，并与苏格兰贵族罗伯结成联盟，但不久他发现，苏格兰贵族考虑的只是自身的利益。英王为缓和局势，派伊莎贝拉（苏菲•玛索）前去和华莱士谈判，由于英王只想收买华莱士，根本不顾苏格兰人民的自由和平等，谈判失败，但这一切并不为伊莎贝拉所知。伊莎贝拉归国后发现事情真相，且知晓英王正策划阴招，忙送信给华莱士，而两人的爱情，也在战争与阴谋中悄然滋生。'),(80,'蝴蝶效应','79.jpg',' 埃里克·布雷斯 Eric Bress / J·麦基·格鲁伯 J. Mackye Gruber',' ...',2004,'美国 加拿大','剧情 悬疑 科幻 惊悚',8.7,'人的命运被自己瞬间的抉择改变。',0,0,0,0,0,0,0,0,0,0,0,'伊万（艾什顿·库奇 Ashton Kutcher 饰）曾经有一个糟糕的童年，因为他行为闯下了大祸，令他童年充满不堪回忆的往事。而事实上，他确实只是依稀记得一点可怕的情景，这些情景一直纠缠着他的正常生活。伊万接受心理学家建议，把琐碎生活记在记事本里，却偶然发现通过记事本回到过去。这时他才清楚记起，童年时候的自己做了那么多的错事。他幻想着用现在的意识，潜入童年的身体，去弥补种种过失给人们带来的伤害，尤其是希望与当年暗恋的凯西最终走回一起。然而他一次次的跨越时空的更改，只能越来越招致现实世界的不可救药。一切就像蝴蝶效应般，牵一发而动全身。'),(81,'春光乍泄','80.jpg',' 王家卫 Kar Wai Wong',' 张国荣 Leslie Cheung / 梁朝伟 Tony Leu...',1997,'香港 日本 韩国','剧情 爱情 同性',8.9,'爱情纠缠，男女一致。',0,0,0,0,0,0,0,0,0,0,0,'爱德华（约翰尼•戴普 饰）是一个机器人，他拥有人的心智，却有一双剪刀手，孤独地生活在古堡里，闯入古堡的化妆品推销员佩格把他带回家，让他走进了人类的世界。单纯的爱德华爱上了佩格的女儿金（薇诺娜•瑞德 饰），金也慢慢的被爱德华的善良所吸引。但是，一连串的意外事情让周围的人邻居对爱德华的态度从喜欢变成无法接受，爱德华痛苦地发现，他总是好心办坏事，连自己的爱人都不能拥抱，或许，他注定就不属于这个世界。'),(82,'猫鼠游戏','81.jpg',' 史蒂文·斯皮尔伯格 Steven Spielberg',' 莱昂纳多·迪卡普里奥 L...',2002,'美国 加拿大','传记 犯罪 剧情',8.9,'骗子大师和执著警探的你追我跑故事。',0,0,0,0,0,0,0,0,0,0,0,'黎耀辉（梁朝伟）与何宝荣（张国荣）是一对同性恋人，为了有新的开始，他们怀着美丽的梦想（去看南美洲大瀑布）离开香港来到阿根廷，却在布宜诺斯艾利斯迷了路。黎耀辉想安下心来过日子，无奈何宝荣于夜夜笙歌中放纵着自己的生命，以期找寻更多的刺激，只当黎耀辉是他受伤后的港湾，两人分歧 、争吵越来越多，心的距离越来越远。黎耀辉明白过去的日子不可能再复返时，决定离开何宝荣，而正是在他离开后，绝望的意味（对黎耀辉的爱）才在何宝荣的脑海中完整地浮现。'),(83,'心灵捕手','82.jpg',' 格斯·范·桑特 Gus Van Sant',' 马特·达蒙 Matt Damon / 罗宾·...',1997,'美国','剧情',8.8,'人生中应该拥有这样的一段豁然开朗。',0,0,0,0,0,0,0,0,0,0,0,'麻省理工学院的数学教授蓝波在席上公布了一道困难的数学题，却被年轻的清洁工威尔（马特·戴蒙 饰）解了出来。可是威尔却是个问题少年，成天和好朋友查克（本·阿弗莱特 饰）等人四处闲逛，打架滋事。当蓝波找到这个天才的时候，他正因为打架袭警被法庭宣判送进看守所。蓝波向法官求情保释，才使他免于牢狱之灾。蓝波为了让威尔找到自己的人生目标，不浪费他的数学天赋，请了很多心理学专家为威尔做辅导，但是威尔十分抗拒，专家们都束手无策。无计可施之下，蓝波求助于他大学的好友，心理学教授尚恩（罗宾·威廉姆斯 饰），希望能够帮助威尔打开心房。经过蓝波和尚恩的不懈努力，威尔渐渐敞开心胸，而好友查克的一席话，更是让他豁然开朗。'),(84,'布达佩斯大饭店','83.jpg',' 韦斯·安德森 Wes Anderson',' 拉尔夫·费因斯 Ralph Fiennes / ...',2014,'美国 德国 英国','剧情 喜剧 冒险',8.8,'小清新的故事里注入了大历史的情怀。',0,0,0,0,0,0,0,0,0,0,0,'本片根据美国小说家丹尼斯·勒翰（Dennis Lehane）的同名小说改编。 1954年，联邦警官泰迪（莱昂纳多·迪卡普里奥 Leonardo DiCaprio 饰）和搭档查克（马克·鲁弗洛 Mark Ruffalo 饰）乘船来到波士顿附近的禁闭岛精神病犯监狱调查一桩离奇失踪案。手刃亲生骨肉的女犯蕾切尔（艾米莉·莫迪默 Emily Mortimer 饰）从戒备森严的牢室神秘逃脱，藏匿于孤岛深处。泰迪怀疑监狱的主治精神病医师约翰·考利（本·金斯利 Ben Kingsley 饰）有意隐瞒内情，并向查克透露他上岛的真实目的其实是寻找当年纵火烧死他妻子德洛丽丝（米歇尔·威廉姆斯 Michelle Williams 饰）的管理员，并揭露美国政府利用精神病犯人进行人体科学实验的罪行。但随着调查的逐渐深入，真相却变得越来越扑朔迷离……'),(85,'禁闭岛','84.jpg',' Martin Scorsese',' 莱昂纳多·迪卡普里奥 Leonardo DiCaprio / ...',2010,'美国','剧情 悬疑 惊悚',8.7,'昔日翩翩少年，今日大腹便便。',0,0,0,0,0,0,0,0,0,0,0,'八岁男孩布鲁诺（Asa Butterfield 饰）一家随着纳粹军官父亲的一纸调令，由柏林搬迁到了乡下。失去了朋友们的布鲁诺很快对新家附近的“农庄”产生了兴趣，那里有一群身穿“条纹睡衣”的人终日忙碌，并且其中一个为布鲁诺一家服务，他形容肮脏，态度慎微。周遭环境和布鲁诺的举止让母亲暗暗担忧，但纳粹父亲制止家中任何怀疑既定政策的行为。布鲁诺偷偷结识了铁丝网另一边的同龄男孩施穆尔，并时常带给他食物吃。在紧张的家庭氛围和姐姐向成人世界的变化中，施穆尔是布鲁诺惟一的朋友。某日布鲁诺决定，去铁丝网的另一边，以便见到施穆尔的父亲……本片根据约翰·伯恩的同名小说改编，获2008年芝加哥国际电影节观众票选奖。'),(86,'入殓师','85.jpg',' 泷田洋二郎 Y?jir? Takita',' 本木雅弘 Masahiro Motoki / ...',2008,'日本','剧情',8.8,'死可能是一道门，逝去并不是终结，而是超越，走向下一程。',0,0,0,0,0,0,0,0,0,0,0,'故事要从一位无名作家（裘德·洛 Jude Law 饰）说起，为了专心创作，他来到了名为“布达佩斯”的饭店，在这里，作家遇见了饭店的主人穆斯塔法（F·莫里·亚伯拉罕 F. Murray Abraham 饰），穆斯塔法邀请作家共进晚餐，席间，他向作家讲述了这座饱经风雨的大饭店的前世今生。饭店曾经的主人名叫古斯塔沃（拉尔夫·费因斯 Ralph Fiennes 饰），而年轻的穆斯塔法（托尼·雷沃罗利 Tony Revolori 饰）在当时不过是追随着他的一介小小门童。古斯塔沃为人正直，精明能干，在他的经营和组织之下，布达佩斯大饭店成为了当时首屈一指的度假胜地。古斯塔沃和年迈的D夫人（蒂尔达·斯文顿 Tilda Swinton 饰）情投意合，D夫人去世后，在遗嘱中将一副价值连城的名画留给了古斯塔沃，这一举动惹恼了她的儿子迪米特里（阿德里安·布洛迪 Adrien Brody 饰），布达佩斯大饭店和古斯塔沃的厄运就此拉开了帷幕。'),(87,'穿条纹睡衣的男孩','86.jpg',' 马克·赫尔曼 Mark Herman',' 阿萨·巴特菲尔德 Asa Butterfield ...',2008,'英国 美国','剧情 战争',9,'尽管有些不切实际的幻想，这部电影依旧是一部感人肺腑的佳作。',0,0,0,0,0,0,0,0,0,0,0,'买了昂贵的大提琴，想要成就一番事业的小林大悟（本木雅弘 饰），经历了4个月的管弦乐演奏，得到的却是“乐团解散”的噩耗与购买乐器的高昂债务。迫不得已，大悟与妻子美香（广末凉子 饰）搬到老屋，过着清贫的日子。某日，一则广告吸引了大悟的注意：NK代理公司，帮助旅行，高薪短工时。大悟来到NK代理公司面试，社长佐佐木生荣（山崎努 饰）二话不说就决定聘用大悟，但却对工作内容避而不谈。在大悟的再三追问下，佐佐木社长终于道明：是入殓（日语Nou Kan）工作！虽然心理上有所忌惮，高额的薪水还是令大悟接受了这份工作。但这样的工作对普通人谈何容易，一方面对遗体的不适，一方面又要对妻友隐瞒自己的工作，小林大悟不平凡的工作就这样开始了。'),(88,'幽灵公主','87.jpg',' 宫崎骏 Hayao Miyazaki',' 松田洋治 Y?ji Matsuda / 石田百合...',1997,'日本','动画 奇幻 冒险',8.8,'人与自然的战争史诗。',0,0,0,0,0,0,0,0,0,0,0,'战斗中负伤而下身瘫痪的前海军战士杰克•萨利（萨姆•沃辛顿 Sam Worthington 饰）决定替死去的同胞哥哥来到潘多拉星操纵格蕾丝博士（西格妮•韦弗 Sigourney Weaver 饰）用人类基因与当地纳美部族基因结合创造出的 “阿凡达” 混血生物。杰克的目的是打入纳美部落，外交说服他们自愿离开世代居住的家园，从而SecFor公司可砍伐殆尽该地区的原始森林，开采地下昂贵的“不可得”矿。在探索潘多拉星的过程中，杰克遇到了纳美部落的公主娜蒂瑞（佐伊•索尔达娜 Zoe Saldana 饰），向她学习了纳美人的生存技能与对待自然的态度。与此同时，SecFor公司的经理和军方代表上校迈尔斯（史蒂芬•朗 Stephen Lang 饰）逐渐丧失耐心，决定诉诸武力驱赶纳美人……本片采用3D技术拍摄，共耗资5亿美元制作发行，是电影史上最为昂贵的作品。本片荣获第82届奥斯卡最佳摄影、最佳视觉效果、最佳艺术指导等3项大奖。'),(89,'阿凡达','88.jpg',' 詹姆斯·卡梅隆 James Cameron',' 萨姆·沃辛顿 Sam Worthington ...',2009,'美国 英国','动作 战争 科幻 冒险',8.7,'绝对意义上的美轮美奂。',0,0,0,0,0,0,0,0,0,0,0,'为了拯救危难中的村民，阿斯达卡的右手中了凶煞神的诅咒。他卡只好离开亲人往西方流浪以寻找解除诅咒的方法。旅途中他遇到了由幻姬大人带领的穷苦村民在麒麟兽的森林里开采铁矿，提炼矿石。白狼神莫娜和她养大的人类女孩“幽灵公主”桑对幻姬恨之入骨，因为她们觉得幻姬带领众人破坏了森林。想帮助人类的阿斯达卡被桑深深吸引，他理解她，但为了帮助穷人又不得不和她作战。一次战斗中，阿斯达卡被麒麟兽所救，他的立场更加摇摆不定。这时，以疙瘩和尚为首的一群人来杀麒麟兽，幻姬以火枪击毙了麒麟，麒麟的头被疙瘩和尚抢走。愤怒的麒麟的灵魂为夺回自己的头，大肆破坏着森林。阿斯达卡和桑联手决定帮麒麟夺回头颅。'),(90,'阳光灿烂的日子','89.jpg',' 姜文 Wen Jiang',' 夏雨 Yu Xia / 宁静 Jing Ning / 陶虹 Hong Tao...',1994,'中国大陆 香港','剧情 爱情',8.8,'一场华丽的意淫。',0,0,0,0,0,0,0,0,0,0,0,'20世纪70年代初的北京，忙着“闹革命”大人无空理会小孩，加上学校停课无事可做，以军队大院男孩为突出代表的少年人便自找乐子，靠起哄、打架、闹事、拍婆子等方式挥霍过量的荷尔蒙。马小军（夏雨 饰）就是这样的少年，他的嗜好之一是趁别人家无人用万能钥匙将其锁打开，溜进去耍玩一番，正是用这样的方式，少女米兰（宁静 饰）的照片先于其人入了马小军的双眼。通过院里的“头儿”刘忆苦（耿乐 饰），马小军又见到之前在炮局偶然瞥见过一眼的米兰，开始正式将其当作梦中情人，然而在米兰眼中，马小军不过是毛孩一个，她中意的人是成熟、稳重、帅气的刘忆苦。自此，马小军迎来五味混杂的青春期生活。本片改编自王朔短篇小说《动物凶猛》。夏雨凭此片获得第51届威尼斯国际电影节最佳男演员（银狮奖）。'),(91,'玛丽和马克思','90.jpg',' 亚当·艾略特 Adam Elliot',' 托妮·科莱特 Toni Collette / 菲利...',2009,'澳大利亚','剧情 喜剧 动画',8.9,'你是我最好的朋友，你是我唯一的朋友 。',0,0,0,0,0,0,0,0,0,0,0,'一个典型而又引人入胜的悬疑故事：一个汽车旅馆里，住进了10个人，他们中间有司机、妓女、过气女星、夫妇、警探和他的犯人，还有神秘的旅馆经理。这天风雨大作，通讯中断，10人被困在了旅馆里，惊悚的故事开始了。他们一个接一个的死去，并且按照顺序留下牌号。10个人存活下来的渐渐变少，他们开始恐慌，互相猜忌，却无意间发现了彼此间的联系。但是，大家怀疑的嫌疑人却纷纷死去，谜团笼罩在旅馆狭小的空间里，这样的凶杀案件却有着人们猜不到的真相……'),(92,'第六感','91.jpg',' M·奈特·沙马兰 M. Night Shyamalan',' 布鲁斯·威利斯 Bruce Wi...',1999,'美国','剧情 悬疑 惊悚',8.8,'深入内心的恐怖，出人意料的结局。',0,0,0,0,0,0,0,0,0,0,0,'故事发生在17世纪，传说中海盗最为活跃的加勒比海。风趣迷人的杰克·斯伯洛（约翰尼·德普 Johnny Depp 饰），是活跃在加勒比海上的海盗，拥有属于自己的“黑珍珠”号海盗船。对他来说，最惬意的生活就是驾驶着“黑珍珠”号在加勒比海上游荡，自由自在的打劫过往船只。但不幸的是，他的仇敌，老谋深算的巴尔巴罗萨船长(杰弗里·拉什 Geoffrey Rush 饰)偷走了他的“黑珍珠”号。巴伯萨是一个无恶不作的坏蛋，他抢劫了杰克的&quot;黑珍珠号&quot;后，更加猖狂，在加勒比海上横行霸道，一时成为整个加勒比海的霸主。一次，巴伯萨一伙袭击了罗亚尔港小镇，还绑架了总督的女儿伊莉莎白·斯万(凯拉·奈特莉 Keira Knightley 饰)和伊莉莎白青梅竹马的铁匠学徒威尔·特纳（奥兰多·布鲁姆 Orlando Bloom 饰），想方设法救出了狱中的船长杰克，偷来英国皇家舰队最快的&quot;拦截号&quot;军舰迅速向&quot;黑珍珠&quot;追去。在打斗中，威尔和杰克发现，巴尔巴罗萨和他的海盗们身背着咒语，在每一个月光之夜，他们就变成了不死骷髅，而伊莉莎白正是解开咒语的关键。'),(93,'致命ID','92.jpg',' James Mangold',' John Cusack / Ray Liotta / Amanda Peet...',2003,'美国','剧情 悬疑 惊悚',8.7,'最不可能的那个人永远是最可能的。',0,0,0,0,0,0,0,0,0,0,0,'麦克（布鲁斯·威利斯 饰）是著名儿童心理学家，却也有始终未能治愈的患者，甚至因此遭到枪击，这名少年随后也饮枪自毙。这给麦克带来很大心理阴影，一年后他找到另一个症状很像这名患者的男孩柯尔（海利·乔·奥斯蒙 饰），并耐心的做起了他的医生。柯尔并不容易接近，但麦克还是慢慢赢得 了他的信任，得知了柯尔的秘密。原来柯尔有着灵异的第六感，可以看到鬼魂。虽然这令人感到难以置信，但麦克在证实了事情的真相后还是帮助柯尔接受了这个事实。可是就在问题即将得到解决的时候，麦克却在柯尔的引导下，发现了一个更令人震惊的秘密……'),(94,'狩猎','93.jpg',' 托马斯·温特伯格 Thomas Vinterberg',' 麦斯·米科尔森 Mads Mik...',2012,'丹麦 瑞典','剧情',9.1,'人言可畏。',0,0,0,0,0,0,0,0,0,0,0,'美国怀俄明州的西部，沉默寡言的农夫恩尼斯（希斯•莱杰饰）和热情开朗的牛仔杰克（杰克•吉伦希尔饰)一道被派到山上牧羊，那里人迹罕至，他们只有与羊群为伴，生活单调无味。一个天寒地冻的夜晚，在酒精与荷尔蒙的作用下，他们做了“不该做的事情”，也就此他们在断背山上度过了人生中最美好的时光。季节性放牧结束，迫于世俗压力，杰克和恩尼斯不舍地与对方分离并各自结婚生子。恩尼斯迎娶了自幼相识的阿尔玛，并有了两个可爱的女儿；杰克到了德州，在妻子露琳家族的扶植下事业顺利，还有了个儿子。虽然彼此真心相应，他们只能每年定期约会。一边知情的阿尔玛痛苦无比，而他们又无法满足一年只有几天的团聚。这时意外发生……'),(95,'重庆森林','94.jpg',' 王家卫 Kar Wai Wong',' 林青霞 Brigitte Lin / 金城武 Takeshi K...',1994,'香港','剧情 爱情',8.7,'寂寞没有期限。',0,0,0,0,0,0,0,0,0,0,0,'二十年代的美国处于经济萧条时期，失业率居高不下，工人受尽压榨，成为了大机器生产中的一颗螺丝钉。查理（查理·卓别林 Charles Chaplin 饰）就是一个底层市民，他在一个机器隆隆的厂房里日以继夜地工作，以赚取微薄的收入。重复繁重的工作压得他喘不过气，他把人们的鼻子当成螺丝钉来拧，卷入流水线机器的皮带里，令人苦笑不得。查理尽管贫穷，但却很善良。他在路上搭救了流浪女，和她一起生活，家里破烂却又温馨。每次身无分文的查理为了找到吃的，都会故意犯事，以便进入监牢。光景一时间有了好转，流浪女成了歌舞红星，然而好景太短暂了。'),(96,'断背山','95.jpg',' 李安 Ang Lee',' 希斯·莱杰 Heath Ledger / 杰克·吉伦哈尔 Jake...',2005,'美国 加拿大','剧情 爱情 同性 家庭',8.7,'每个人心中都有一座断背山。',0,0,0,0,0,0,0,0,0,0,0,'编号为223的警察（金城武）失恋后患上失恋综合症，在与金发女杀手（林青霞）擦肩而过又离奇相遇并有了一晚温情后，原本以为包括“爱情”在内的所有东西都有保质期的他意外地迎来心灵的短暂温暖。可是，他们的爱情还是结束了。快餐店新来的女招待阿菲（王菲）爱上了时常光顾快餐店的编号 为663的警察（梁朝伟），因拆了他的女友（周嘉玲）留在快餐店给他的“分手” 信，阿菲知晓了他的心情，偷拿到他的钥匙趁他不在时常潜入他家，一边梦游一边悄悄地改变他的生活，终在被他撞见时令其感受到情感的回归。然而，这才是他们爱情的开始。'),(97,'加勒比海盗','96.jpg',' 戈尔·维宾斯基 Gore Verbinski',' 约翰尼·德普 Johnny Depp / ...',2003,'美国','动作 冒险 奇幻',8.7,'约翰尼·德普的独角戏。',0,0,0,0,0,0,0,0,0,0,0,'刚刚和妻子离婚的卢卡斯（麦斯·米科尔森 Mads Mikkelsen 饰）目前在一家托儿所工作，心地善良个性温和的他很快就受到了同事和孩子们的喜爱，其中，一个名叫卡拉（安妮卡·韦德科普 Annika Wedderkopp 饰）的早熟女孩对卢卡斯尤为的亲近。面对女孩幼稚 而单纯的示好，卢卡斯只能婉转的拒绝，可令他没有想到的是，这一举动将他的生活推向了风口浪尖。卡拉报复性的谎言让卢卡斯背负起了性侵女童的罪名，一时间，这个好好先生成为了整个小镇排挤和压迫的对象。好友的愤怒，前妻的不信任，爱犬的死亡和陌生人的恶意让卢卡斯几近崩溃，而当小小的卡拉吐露真相之后，恶意却并没有随着卢卡斯的重获清白而划下句点。'),(98,'摩登时代','97.jpg',' 查理·卓别林 Charles Chaplin',' 查理·卓别林 Charles Chaplin ...',1936,'美国','剧情 喜剧 爱情',9.2,'大时代中的人生，小人物的悲喜。',0,0,0,0,0,0,0,0,0,0,0,'1976年，8岁的玛丽·黛西·丁格尔（贝丝妮·惠特摩尔 Bethany Whitmore 配音）是澳大利亚墨尔本的一个小女孩，喜欢动画片“诺布利特”、甜炼乳和巧克力。玛丽的妈妈是个酒鬼，而在茶叶包装厂工作的父亲平日只喜欢制作鸟标本。孤独的玛丽没有朋友，某一天心血来潮给美国纽约市的马克思·杰瑞·霍罗威茨（菲利普·塞默·霍夫曼 Philip Seymour Hoffman 配音）写了一封信询问美国小孩从哪里来，并附上一根樱桃巧克力棒。44岁的马克思患有自闭症及肥胖，碰巧也喜欢看“诺布利特”动画片及吃巧克力。二人的笔友关系从1976年维持到1994年，期间各自经历了许多人生起伏，直到成年的玛丽（托妮·科莱特 Toni Collette 配音）终于来到纽约看望马克思……本片获2009年法国昂锡国际动画影展最佳动画长片奖，柏林国际电影节水晶熊奖及渥太华国际动画电影节最高奖。'),(99,'告白','98.jpg',' 中岛哲也 Tetsuya Nakashima',' 松隆子 Takako Matsu / 冈田将生 ...',2010,'日本','剧情 惊悚',8.7,'没有一人完全善，也没有一人完全恶。',0,0,0,0,0,0,0,0,0,0,0,'尹天仇（周星驰 饰）一直醉心戏剧，想成为一名演员，平时除了做跑龙套以外，还会在街坊福利会里开设演员训练班。此时舞小姐柳飘飘在妈妈桑的带领下来到这里要求学做戏，原来柳飘飘有一段非常不愉快的经历，在尹天仇对她指导的过程中，柳飘飘对尹天仇渐生情愫，同时她也成为了夜总会里当红的小姐。尹天仇受到了极多白眼之后，终于得到了大明星鹃姐（莫文蔚 饰）的赏识，提携他担演新戏中的男主角，但没想到突然把他的角色换掉了，令他失望不已。在片场当场务的卧底警员（吴孟达 饰）身份被识穿，尹天仇阴差阳错的帮忙破了案。之后尹天仇继续活跃在街坊福利会的演员训练班里。'),(100,'大鱼','99.jpg',' 蒂姆·波顿 Tim Burton',' 伊万·麦克格雷格 Ewan McGregor / 阿...',2003,'美国','剧情 家庭 奇幻 冒险',8.8,'抱着梦想而活着的人是幸福的，怀抱梦想而死去的人是不朽的。',0,0,0,0,0,0,0,0,0,0,0,'一所平凡的中学，1年B组即将迎来春假。不知天高地厚的学生们肆意吵闹，殊不知一场绵亘数月的风暴正向他们袭来。级任教师森口悠子（松隆子 饰）全然无视这片混乱，静静地向学生们做出最后的告白。这个单亲妈妈独自抚养着可爱的女儿（芦田爱菜 饰），然而女儿最终在游泳池中溺水身亡。警察 认定这是一起意外，森口则认定女儿死于班上两个学生之手。她不动声色地指责着犯人A和B，并宣布用自己的方式进行复仇。在此之后，森口辞去教师职务，1年B班的学生也心怀惴惴迎来了春假。新学期开始，残酷的风暴袭向了这群无知无畏的少男少女……本片根据湊かなえ的原作改编，并成为2010年电影旬报十佳影片；第34届日本电影学院奖最佳作品、最佳导演、最佳剧本和最佳剪辑4项大奖。'),(101,'喜剧之王','100.jpg',' 周星驰 Stephen Chow / 李力持 Lik-Chi Lee',' 周星驰 Stephen Ch...',1999,'香港','喜剧 剧情 爱情',8.6,'我是一个演员。',0,0,0,0,0,0,0,0,0,0,0,'结婚五周年纪念日的早上，尼克·邓恩（本·阿弗莱克 Ben Affleck 饰）来到妹妹玛戈（凯莉·库恩 Carrie Coon 饰）的酒吧，咒骂抱怨那个曾经彼此恩爱缠绵的妻子艾米（罗莎蒙德·派克 Rosamund Pike 饰）以及全然看不见希望的婚姻。当他返回家中时， 却发现客厅留下了暴行的痕迹，而妻子竟不见了踪影。女探员朗达·邦妮（金·迪肯斯 Kim Dickens 饰）接到报案后赶来调查，而现场留下的种种蛛丝马迹似乎昭示着这并非是一件寻常的失踪案，其背后或许隐藏着裂变于夫妻之情的谋杀罪行。艾米的失踪通过媒体大肆渲染和妄加揣测很快闻名全国，品行不端的尼克被推上风口浪尖，至今不见踪影的爱人对他进行无情审判，你侬我侬的甜言蜜语早已化作以血洗血的复仇与折磨……本片根据吉莉安·弗琳（Gillian Flynn）的同名小说改编。'),(102,'一一','101.jpg',' 杨德昌 Edward Yang',' 吴念真 / 李凯莉 Kelly Lee / 金燕玲 Elai...',2000,'台湾 日本','剧情 爱情 家庭',9,'我们都曾经是一一。',0,0,0,0,0,0,0,0,0,0,0,'爱德华（伊万·麦克格雷格 Ewan McGregor 饰）生性热爱自由，成年之后，他选择离开家乡，踏上了环游世界的旅程。一路上，爱德华遇见了各种各样稀奇古怪的角色，经历了无数精彩绝伦的的冒险，而他日后最大的兴趣，就是向他人喋喋不休的重复讲述他的这一段奇幻旅程。威尔（比利·克鲁德普 Billy Crudup 饰）是爱德华的儿子，他并不相信父亲所讲述的那些光怪陆离的故事，甚至对此感到无比厌烦。婚后，他同父亲中断了联系，一晃眼就是数年过去。当再次得到爱德华的消息之时，威尔才知道父亲即将不久于人世，他决定去见爱德华最后一面。然而，这一次，威尔终于发现了隐藏在这些故事背后的奥秘和真相。'),(103,'消失的爱人','102.jpg',' 大卫·芬奇 David Fincher',' 本·阿弗莱克 Ben Affleck / 罗莎蒙...',2014,'美国','剧情 犯罪 悬疑 惊悚',8.7,'年度最佳date movie。',0,0,0,0,0,0,0,0,0,0,0,'NJ（吴念真）是个很有原则的生意人，同妻子敏敏（金燕玲）、女儿婷婷（李凯莉）、儿子洋洋（张杨洋）以及外婆住在台北某所普通公寓里。小舅子的一场麻烦婚礼过后，因为外婆突然中风昏迷，他迎来更加混乱的日子。敏敏公司、家里两头跑，时常感觉自己要被耗空；婷婷一直为外婆的中风内疚，恋爱谈到中途发现自己不过是替代品；NJ更是麻烦重重，公司面临破产，他又不愿放下别人眼里一文不值的自尊。一家人里，似乎只有洋洋没有烦恼，他平静地用照相机拍着各种人的背面，帮他们长出另一双眼睛，然而，洋洋简简单单的一句话，道出更深的悲凉。'),(104,'射雕英雄传之东成西就','103.jpg',' 刘镇伟 Jeffrey Lau',' 梁朝伟 Tony Leung Chiu Wai / 林青霞 Bri...',1993,'香港','喜剧 奇幻 武侠 古装',8.7,'百看不厌。',0,0,0,0,0,0,0,0,0,0,0,'金轮国王妃（叶玉卿）与表哥欧阳锋（梁朝伟）有染，为霸占江山，他们毒死了国王，但没找到传国玉玺。得知玉玺在前往九宫山找寻其师父求助的三公主（林青霞）手里后，欧阳锋企图抢到手但没成功。糊涂国师（张曼玉）在淫威下屈服，查出三公主的具体下落，欧阳锋乘火箭金靴追赶，却误脱落一只插死刚出关的王重阳（钟镇涛），奄奄一息的王重阳恳求适逢路过的三公主找到其师弟周伯通（刘嘉玲）代为报仇。逃到九宫山的三公主邀得师弟黄药师（张国荣）与师妹（王祖贤）相助，再加上前来寻找表妹的洪七（张学友）、找到真心人才能成仙的段智兴（梁家辉），一场与欧阳锋的生死恶战蓄势待发……'),(105,'阳光姐妹淘','104.jpg',' 姜炯哲 Hyeong-Cheol Kang',' 沈恩京 Eun-kyung Shim / 闵孝琳 Hy...',2011,'韩国','剧情 喜剧',8.8,'再多各自牛逼的时光，也比不上一起傻逼的岁月。',0,0,0,0,0,0,0,0,0,0,0,'25年前，高中生任娜美（沈恩京 饰）一家从全罗道搬到汉城，娜美入读真德女子高中，因方言浓重怯于开口的娜美幸运的得到了同班大姐头夏春花（姜索拉 饰）的维护，并与围绕在夏春花周围的执着于双眼皮的金玫瑰、满嘴脏话的黄珍熙、梦想成为作家的徐金玉、要成为韩国小姐的俞福姬以及沉默傲慢的美人郑秀智等五人结识。在一次和不良少女团对决之后，春花和娜美等七人组成了“Sunny”团体……多年以后，家庭主妇娜美在去医院探望母亲时偶然重逢了身患绝症住院的春花，后者希望在生命的最后两个月内，能够再见当年的Sunny成员。娜美找到金玫瑰，两人委托私家侦探寻找当年的同伴，而那些关于青春的回忆，也在一个个熟悉的名姓后面再次被唤醒。'),(106,'甜蜜蜜','105.jpg',' 陈可辛 Peter Chan',' 黎明 Leon Lai / 张曼玉 Maggie Cheung / ...',1996,'香港','剧情 爱情',8.8,'相逢只要一瞬间，等待却像是一辈子。',0,0,0,0,0,0,0,0,0,0,0,'美国青年杰西（伊桑·霍克 Ethan Hawke 饰）在火车上偶遇了法国女学生塞琳娜（朱莉·德尔佩 Julie Delpy 饰），两人在火车上交谈甚欢。当火车到达维也纳时，杰西盛情邀请塞琳娜一起在维也纳游览一番，即使杰西翌日便要坐飞机离开。与杰西一见钟情的塞琳娜接受了杰西的邀请。他们一边游览城市，一边谈论着彼此的过去 ，彼此对生活的感想，两人了解越加深刻。他们非常珍惜这美妙的晚上，这对恋人一起经历了很多浪漫的经历因为他们约定在半年后再见，而此次约会将会在日出之间结束……'),(107,'爱在黎明破晓前','106.jpg',' 理查德·林克莱特 Richard Linklater',' 伊桑·霍克 Ethan Hawke ...',1995,'美国 奥地利 瑞士','剧情 爱情',8.8,'缘分是个连绵词，最美不过一瞬。',0,0,0,0,0,0,0,0,0,0,0,'改革开放初期，黎小军（黎明 饰）告别女友小婷（杨恭如 饰）从天津（国语版中为无锡）来到香港讨生活，期望有天挣到大钱把小婷接来与之风风光光地成婚，没料想日子会比想象中的难熬许多。黎小军在快餐店与同样从大陆到港讨生活但避讳谈自己身份的李翘（张曼玉 饰）结识后，因为共同喜爱邓丽君，两人人在异乡的孤独都有了某种程度的缓解，并在交往的过程中生出了真爱，可是世事难料，两人最终无奈分手，黎小军成了小婷的老公，李翘跟了在黑社会做事的豹哥（曾志伟 饰）。然而因为邓丽君，两人的缘分并没到此为止。'),(108,'小森林 夏秋篇','107.jpg',' 森淳一 Junichi Mori',' 桥本爱 Ai Hashimoto / 三浦贵大 Takahir...',2014,'日本','剧情',9,'那些静得只能听见呼吸的日子里，你明白孤独即生活。',0,0,0,0,0,0,0,0,0,0,0,'平凡女孩市子（桥本爱 饰）自幼生长在位于日本东北地区的村庄小森。这里远离都市的喧嚣和浮躁，为青山绿水所环绕，俨然一个幽静怡然的世外桃源。村民们日出而作，日落而息，依靠一双勤劳的双手经营渺小却舒适的生活，与世无争。市子曾经前往东京闯荡，只不过她终究无法适应都市快节奏的步伐，最终回到了妈妈早已不在的老宅。童年时妈妈福子利用山川田野各种食材做出胡乱命名的美食，实心眼的市子在感叹受骗之余，也将美好的回忆留在了味蕾深处。仿佛遵循着母亲的步伐，她将对故乡的热爱融入了美食的烹制中。在朋友佑太（三浦贵大 饰）和吉子（松冈茉优 饰）的环绕下，享受着无忧无虑的人生……本片根据五十岚大介的漫画改编。'),(109,'侧耳倾听','108.jpg',' 近藤喜文 Yoshifumi Kondo',' 本名阳子 Youko Honna / 小林桂树 K...',1995,'日本','剧情 爱情 动画',8.8,'少女情怀总是诗。',0,0,0,0,0,0,0,0,0,0,0,'故事发生在八十年代的意大利里维埃拉，每年夏天，十七岁的少年艾力奥（提莫西·查拉梅 Timothée Chalamet 饰）都会跟家人一起来此地度假。今年，和他们共享假日时光的，还有来自美国的奥利弗（艾米·汉莫 Armie Hammer 饰），高大英俊热情开朗的奥利弗很快就获得了艾力奥一家人的喜爱。随着时间的推移，艾力奥和奥利弗之间渐渐产生了致命的吸引力，但性别和年龄的桎梏让他们迟迟无法跨出那关键的一步，与此同时，单纯善良的少女马奇娅（艾斯特·加莱尔 Esther Garrel 饰）也向艾力奥奉献着自己的感情和身体。最终，汹涌的激情冲破了艾力奥和奥利弗之间的防线，两人开始了一段注定不会有结果的恋情。'),(110,'红辣椒','109.jpg',' 今敏 Satoshi Kon',' 林原惠美 Megumi Hayashibara / 江守彻 Toru...',2006,'日本','动画 悬疑 科幻 惊悚',8.9,'梦的勾结。',0,0,0,0,0,0,0,0,0,0,0,'正在读初三的月岛滴滴是一个喜欢看书的女孩，她每次都能在借书卡上看到一个叫天泽圣司名字，因此她对这个人充满了好奇。滴滴一直喜欢写诗，有一天她跟好友夕子在讨论写诗的事，夕子告诉滴滴自己收到了情书，但事实上夕子已有了喜欢的人。更没有想到的是，夕子喜欢的杉村喜欢的是滴滴，滴滴一时间感到十分困惑。滴滴无意中来到了一个小店，原来店主是圣司的爷爷。认识了圣司之后，听到了圣司对自己理想的追求之后，也激发了滴滴对自己理想的追求之念。当圣司离开了到意大利学习做小提琴时，滴滴决定要专心写作。当滴滴完成了作品之后，她发现原来自己高估了自己，就这样她选择继续考高中，这时她非常想念圣司。一天凌晨，她站到窗边，突然看到了一个熟悉的身影……'),(111,'倩女幽魂','110.jpg',' 程小东 Siu-Tung Ching',' 张国荣 Leslie Cheung / 王祖贤 Joey W...',1987,'香港','剧情 爱情 武侠 古装',8.7,'两张绝世的脸。',0,0,0,0,0,0,0,0,0,0,0,'维京岛国的少年小嗝嗝（杰伊•巴鲁切尔 Jay Baruchel 配音）是部落统领伟大的斯托里克（杰拉德·巴特勒 Gerard Butler 配音）的儿子，他非常想像自己的父亲一样亲手屠龙——这些飞龙是岛上维京人放牧羊群的主要天敌——但他每次出现在部落屠龙的战斗中都只给大家徒增烦恼。在一次对抗飞龙的战斗中，希卡普偷偷用射龙器击伤了一只最神秘的“夜之怒龙”，并背着族人放生、豢养，甚至驯服了这只龙，还给它起名“无牙”。希卡普的神秘行径引起了一同训练屠龙技巧的女孩阿斯特丽德（亚美莉卡·费雷拉 America Ferrera 配音）的怀疑。阿斯特丽德发现了希卡普的秘密，却同时被身骑“无牙”御风而飞的美妙体验所震撼。格雷决定在屠龙成人礼上向远征归来的斯托里克和族人讲明真相，说服大家放弃屠龙，却偏偏弄巧成拙，害得“无牙”被俘，一场更大的灾难就在眼前……'),(112,'恐怖直播','111.jpg',' 金秉祐 Byeong-woo Kim',' 河正宇 Jung-woo Ha / 李璟荣 Kyeong-y...',2013,'韩国','剧情 犯罪 悬疑',8.7,'恐怖分子的“秋菊打官司”。',0,0,0,0,0,0,0,0,0,0,0,'近未来，为了治疗现代人类越来越多、越来越严重的精神疾病，位于东京的精神医疗综合研究所开发出一种可以反映他人梦境的机器。通过微型DC的帮助，梦境在显示器上呈现出来，更方便找到一个人焦虑的症结。某日，三台微型DC失窃，与之相关的研究人员的梦境接连被人侵入，随后受到严重伤害。美女医疗师千叶敦子另一个身份是梦境侦探“红辣椒”，她能够与患者同步体验梦境。为避免盗贼利用微型DC进一步作恶，她不得不潜入受害者的梦中寻找恐怖分子，一场充满奇幻和惊险的争斗旋即展开……本片入围2006年威尼斯电影节主竞赛单元，荣获2007年葡萄牙奇幻电影节影评人选择奖、2006年蒙特利尔电影节大众选择奖。'),(113,'上帝之城','112.jpg',' Kátia Lund / Fernando Meirelles',' Alexandre Rodrigues / Lea...',2002,'巴西 法国','犯罪 剧情',8.9,'被上帝抛弃了的上帝之城。',0,0,0,0,0,0,0,0,0,0,0,'书生宁采臣（张国荣饰）收账不成，无处可归，遂夜宿鬼寺兰若寺，遇上侠士燕赤霞（午马饰），二人成为邻居。一日偶遇艳女小倩（王祖贤饰），二人两情相悦，但小倩乃是被树妖姥姥控制的鬼魂，专门迷惑精壮男子代姥姥吸取阳气。小倩见宁采臣心地善良不忍加害，并与他感情逐渐加深。宁采臣欲救小倩脱离姥姥魔掌，但苦于姥姥功力深厚，小倩无法脱离其魔掌。二人遂向燕赤霞求救......'),(114,'风之谷','113.jpg',' 宫崎骏 Hayao Miyazaki',' 岛本须美 Sumi Shimamoto / 松田洋治 Y...',1984,'日本','动画 奇幻 冒险',8.8,'动画片的圣经。',0,0,0,0,0,0,0,0,0,0,0,'韩国首尔某个平凡的早上，广播电台Daily Topic节目的主持人尹英华（河正宇 饰）正就税率改革与听众进行连线，这时一个自称住在首尔昌信洞的普通工人朴鲁圭打入电话，大肆抱怨超高的电费和相关部门对他的威胁。尹英华颇不耐烦，以偏离主题为由强行切断电话。谁知连线无法单方面由电台方面中断，愤怒的朴鲁圭继续抱怨，并扬言炸掉汉江大桥。尹英华不以为然，进而怂恿对方想做就做，谁知话音刚落，窗外的麻浦大桥便炸作废墟。大惊失色的尹英华很快冷静下来，他决定利用这次难得的机会打一次事业的翻身仗。在他的主持下，针对恐怖分子的连线直播就此展开，无关良知的节目拉开帷幕……'),(115,'请以你的名字呼唤我','114.jpg',' 卢卡·瓜达尼诺 Luca Guadagnino',' 艾米·汉莫 Armie Hammer / ...',2017,'意大利 法国 巴西 美国 荷兰 德国','剧情 爱情 同性',8.8,'沉醉在电影的情感和视听氛围中无法自拔。',0,0,0,0,0,0,0,0,0,0,0,'工业文明的高度发展，却最终带来灾难，一场为期7天的虫族毁灭战争摧毁了人类文明。一千年后，工业文明遗留下来的症结仍在困扰这个星球。带有强烈毒性的植物组成了令人望而却步的“腐海”森林，随着时间的推移，腐海有条不紊地向四周蔓延，蚕食周边世界。在一片腐海森林的旁边，居住着一群御风而行的人类。女主角娜乌茜卡和族人依靠海风的力量抵御着有毒孢子的侵蚀，过着平静祥和的生活。直到某一天，战火烧到了这里。西方强国特洛梅意欲重新建立人类霸权，他们计划统一周边诸国，然后向虫族发起总攻。另一方面，一千年前曾主导摧毁人类的上古怪兽“猛怪”重现人间。毁灭战争一触即发，人类的命运将会如何……本片根据宫崎骏同名漫画改编，并分获1985年罗马奇幻电影节和1985年电影旬报最佳影片奖、1985年每日电影大藤信郎奖。'),(116,'超脱','115.jpg',' 托尼·凯耶 Tony Kaye',' 艾德里安·布洛迪 Adrien Brody / 马西...',2011,'美国','剧情',8.8,'穷尽一生，我们要学会的，不过是彼此拥抱。',0,0,0,0,0,0,0,0,0,0,0,'亨利•巴赫特（艾德里安•布洛迪 Adrien Brody 饰）来到社区学校担任代课老师。学校因学生反叛、经营不善而濒临绝境，多丽丝（刘玉玲 饰）为首的一批教师备受煎熬。亨利的第一堂课就遭遇了顽劣学生的挑衅，但是被他巧妙地化解。他赢得了女教师萨沙（克里斯蒂娜•亨德里克斯 Christina Hendricks）的好感。同时，他的教学方式引起了同学们的兴趣，其中就包括因肥胖而苦闷的梅丽迪斯。她一直默默地承受着因体重带来的各种责骂与嘲笑。但是因为老师，她似乎又找到了一切的理由……但是，亨利其实内心也有很大的压力，他的爷爷处于弥留之际，他的母亲自杀阴影始终在脑海中萦绕。某天夜里，他在公车上黯然神伤，独自流泪。这情形被一个刚受到嫖客凌辱的雏妓艾瑞卡（萨米•盖尔 Sami Gayle 饰）看到了。她尾随他，希望获得他的帮助。他起初拒绝了她的要求，后来他还是把她带回了单身公寓……'),(117,'驯龙高手','116.jpg',' 迪恩·德布洛斯 Dean DeBlois / 克里斯·桑德斯 Chris Sanders','...',2010,'美国','动画 奇幻 冒险',8.7,'和谐的生活离不开摸头与被摸头。',0,0,0,0,0,0,0,0,0,0,0,'九年前，杰西（伊桑·霍克 Ethan Hawke 饰）与席琳（朱莉·德尔佩 Julie Delpy 饰）在火车上不期而遇，怦然心动。在维也纳渡过疯狂而又浪漫的一夜后，他们在日出前分手，并相约在维也纳重逢。九年之后，杰西已成为畅销书作家，而席琳则是法国环保组织成员。杰西在新书里娓娓道来的，正是九年前的浪漫夜晚。在巴黎促销新书时，杰西与席琳在书店相遇，然而他们只有一下午的时光相处，日落之前，杰西要乘飞机赶回美国。两人在午后的巴黎街头散步，在美丽的护城河上泛舟，无所不谈，兴致勃勃。可是就像命运的捉弄，快乐的时光像烟花一样醉人却短暂。杰西对席琳一送再送，难以忘情；席琳用吉他和歌声，怀念着内心深处的爱恋。太阳就快落下去了，杰西就要误了飞机，又或许他更不想错过的，是命里注定的缘分。'),(118,'爱在日落黄昏时','117.jpg',' 理查德·林克莱特 Richard Linklater',' 伊桑·霍克 Ethan Hawke ...',2004,'美国','剧情 爱情',8.8,'九年后的重逢是世俗和责任的交叠，没了悸动和青涩，沧桑而温暖。',0,0,0,0,0,0,0,0,0,0,0,'巴西里约热内卢的贫民窟，这里是“上帝之城”，更是魔鬼也会叹息着转身的地方。阿炮（Alexandre Rodrigues 饰）带着我们到了这里，他见证了这里二十多年来被残暴、贪婪、复仇、野心、背叛、掠夺所裹挟的混乱生活以及最终导致的一场灾难性的黑帮争斗。虽然从小就要 辗转于匪徒间求生存，但胆小怕事的性格与自我保护的本能却使他一直能平安度日。60年代初，阿毛、阿夹和阿呆是这里的“少年三侠”，在抢劫完旅馆之后，他们三人分道扬镳，阿夹重回上帝的怀抱，而阿呆和阿毛纷纷付出了生命的代价。70年，当年“少年三侠”手下的小弟小豆子（Douglas Silva 饰）靠着自己的心狠手辣，不停地吞并别人的地盘，成为了贫民区的“小霸王”，生意也从抢劫升级到了更为暴利的毒品买卖，和他一起飞黄腾达的还有班尼（Phellipe Haagensen 饰）。班尼认识了美丽的安迪丽卡（Alice Braga 饰），准备归隐，在送别的晚会上，他意外被对头杀害，悲痛之下，“小霸王”集合人手给班尼报仇，帮派之间的厮杀就此开始。此时的阿炮，机缘巧合下成为了杂志社的见习摄影师，他的相机，照下的却是孩子们持枪荷弹的狰狞，和帮派间无休无止的仇杀。'),(119,'菊次郎的夏天','118.jpg',' 北野武 Takeshi Kitano',' 北野武 Takeshi Kitano / 关口雄介 Yus...',1999,'日本','剧情 喜剧',8.8,'从没见过那么流氓的温柔，从没见过那么温柔的流氓。',0,0,0,0,0,0,0,0,0,0,0,'暑假到来，自幼丧父的小学三年级学生正男（关口雄介饰），如今和奶奶生活在一起，暑假特别无聊。他拿出母亲从外地寄回的信，准备自己一个人去爱知县丰桥市看望母亲。邻居阿姨（岸本加世子饰）发现后，决定帮正男完成心愿。她拿出一笔钱做为旅费，还安排游手好闲的老公菊次郎（北野武饰）陪伴正男一起踏上寻母之途。可是在第一天，菊次郎就把老婆给的钱全部输光，于是两个人只好步行前往爱知。一路搭顺风车，惹了不少麻烦后，菊次郎终于带着正男到了他母亲的家，但小男孩却十分沮丧。归途中，菊次郎努力安慰他，二人过得十分愉快，夏天就这么过去了。'),(120,'幸福终点站','119.jpg',' 史蒂文·斯皮尔伯格 Steven Spielberg',' 汤姆·汉克斯 Tom Hanks...',2004,'美国','喜剧 剧情 爱情',8.7,'有时候幸福需要等一等。',0,0,0,0,0,0,0,0,0,0,0,'于无法融入喧嚣吵闹的大城市，平凡女孩市子（桥本爱 饰）选择回到自幼生长的老家——位于日本东北地区的小森村。这里没有过多时尚文明的色彩，当地人过着日出而作日落而息的传统生活，他们靠天吃饭，靠着双手经营人生。生活虽不富裕，心中则是满满的充实和欢喜。受妈妈（桐島かれん 饰） 影响，市子似乎对亲手制作各种美味而廉价的料理有着格外浓厚的兴趣。妈妈失踪已经很久，对料理的回忆与再现成为母女间别具特色的交流方式。更何况还有取自大自然的各种食材，又怎能暴殄天物浪费了大好的韶光？在好友纪子（松冈茉优 饰）和裕太（三浦贵大 饰）的陪伴下，市子静静地走过了春夏秋冬……本片根据漫画家五十岚大介的原作改编。'),(121,'哈利·波特与死亡圣器(下)','120.jpg',' 大卫·叶茨 David Yates',' 丹尼尔·雷德克里夫 Daniel Radcliffe...',2011,'美国 英国','剧情 悬疑 奇幻 冒险',8.7,'10年的完美句点。',0,0,0,0,0,0,0,0,0,0,0,'当又一次和伏地魔（拉尔夫·费因斯 Ralph Fiennes 饰）的意识连通，哈利·波特（丹尼尔·雷德克里夫 Daniel Radcliffe 饰）断定最后一件魂器藏在霍格沃茨，于是和罗恩（鲁伯特·格林特 Rupert Grint 饰）、赫敏（艾玛·沃森 Emma Watson 饰）一同返回阴云密布的学校。在好友们的帮助下，他们成功驱逐了斯内普（艾伦·瑞克曼 Alan Rickman 饰），然而觉察到哈利目的的伏地魔则率领徒众向霍格沃茨逼近。食死徒、摄魂怪、巨人疯狂涌入这所有着悠久历史的魔法学校，正邪决战旋即爆发，一时间血雨腥风，死伤无数。从斯内普的眼泪中，哈利不仅了解到父辈的故事，也证实了藏缅于他体内最后的秘密。在此之后，他也和伏地魔迎来了最后的对决……本片根据英国作家J.K.罗琳的同名原著改编，也是“哈利·波特”系列影片的完结篇。'),(122,'杀人回忆','121.jpg',' 奉俊昊 Joon-ho Bong',' 宋康昊 Kang-ho Song / 金相庆 Sang-kyun...',2003,'韩国','犯罪 剧情 悬疑 惊悚',8.7,'关于连环杀人悬案的集体回忆。',0,0,0,0,0,0,0,0,0,0,0,'为了完成父亲的心愿，维克多（汤姆•汉克斯 Tom Hanks 饰）从故国乘坐飞机前往美国肯尼迪机场，但戏剧性的事情发生了：他被告知祖国发生政变，而他的身份证护照一一失效，同时他的签证也无法再使用。进退两难的维克多只有在机场滞留，等待新证件的办理。但是，他在机场等待了整整9个月。在这9个月里面，他用机场的洗手间洗漱，在候机室睡觉，他已经学懂因地制宜，在机场照料自己的生活，甚至还找了一份建筑工地工作。然而维克多的邋遢晦气却招来了机场负责人弗兰克（史坦利•图齐 Stanley Tucci 饰）的不满，而恐怕更令他气愤妒忌的是，美丽的空姐艾米利亚（凯瑟琳•泽塔-琼斯 Catherine Zeta-Jones 饰）竟然爱上了维克多。处在甜蜜中的维克多，也在慢慢观察机场的人生百态，自得其乐。'),(123,'小森林 冬春篇','122.jpg',' 森淳一 Junichi Mori',' 桥本爱 Ai Hashimoto / 三浦贵大 Takahir...',2015,'日本','剧情',9,'尊敬他人，尊敬你生活的这片土地，明白孤独是人生的常态。',0,0,0,0,0,0,0,0,0,0,0,'1997年，只有6岁儿童智商的智障男子李龙久（柳成龙 饰）和可爱的女儿艺胜（葛素媛 饰）相依为命，生活虽然简单清贫，却充满幸福。某天，执着为女儿买美少女战士书包的龙久意外卷入一起幼童诱拐奸杀案，而死者竟是警察局长的女儿。龙久懵懂无知，搞不清状况，昏头昏脑就被投入监狱。在7号牢房中，聚集着走私犯蘇杨浩（吴达洙 饰）、诈骗犯崔春浩（朴元尚 饰）、通奸犯姜万范（金正泰 饰）、恐吓犯老徐（金基灿 饰）和抢劫犯申奉植（郑万植 饰）等五毒俱全的“社会渣滓”。龙久孩子般纯洁的心渐渐感动了这几个“大坏蛋”，他们甚至不惜冒险将艺胜带入牢房与父亲相会。黑暗冰冷的监牢内，7号牢房阳光满满……'),(124,'神偷奶爸','123.jpg',' 皮艾尔·柯芬 Pierre Coffin / 克里斯·雷纳德 Chris Renaud',' ...',2010,'美国 法国','喜剧 动画 冒险',8.5,'Mr. I Don\'t Care其实也有Care的时候。',0,0,0,0,0,0,0,0,0,0,0,'1986年，韩国京畿道华城郡，热得发昏的夏天，在田野边发现一具女尸，早已发臭。小镇警察朴探员（宋康昊饰）和汉城来的苏探员（金相庆饰）接手案件，唯一可证实的是这具女尸生前被强奸过。线索的严重缺乏让毫无经验的朴探员和搭档曹探员（金罗河饰）只凭粗暴逼供和第六感推断，几次将犯罪 嫌疑人屈打成招。而苏探员客观冷静，据理分析，几次排除嫌疑，警察内部为了证明与推翻矛盾不断，然而无辜女子还是接二连三被残忍杀害，他们只好达成共识一起合作。此时，一个极其符合作案特征的小青年（朴海日饰）成为最大嫌疑人，警方神经绷紧地锁定住他，同时DNA检测报告也被送往美国，然而案件并未在此处停止。'),(125,'借东西的小人阿莉埃蒂','124.jpg',' 米林宏昌 Hiromasa Yonebayashi',' 志田未来 Mirai Shida / 神木...',2010,'日本','动画 奇幻 冒险',8.7,'曾经的那段美好会沉淀为一辈子的记忆。',0,0,0,0,0,0,0,0,0,0,0,'虽然患有心脏方面的疾病，但是少年翔（神木隆之介 配音）的父母依然对他疏于呵护。为了准备即将到来的手术，翔来到了位于偏远乡间的姨婆（竹下景子 配音）家静养。姨婆家位于一片幽静的丛林中，这是一幢有着上百年历史的欧式别墅。这里除了生活着姨婆和女佣阿春（树木希林 配音）外，还有一个奇特的三口之家，“借东西一族”——小人阿莉埃蒂（志田未来 配音）和她的爸爸（三浦友和 配音）妈妈（大竹忍 配音），他们生活在别墅的地板下，只有几公分高，过着不为人类察觉的生活。遇到所需的日常用品时，便会在夜深人静之时偷偷潜入厨房借出来。翔无疑中瞥见阿莉埃蒂的身影，他有心接近这些传说中的小人，却不知不觉打扰了他们的生活……本片根据英国作家玛丽·诺顿的原著《借东西的小人》改编，并荣获2011年日本电影学院奖最佳动画片奖。'),(126,'7号房的礼物','125.jpg',' 李焕庆 Hwan-kyeong Lee',' 柳承龙 Seung-yong Ryoo / 朴信惠 Shi...',2013,'韩国','剧情 喜剧 家庭',8.8,'《我是山姆》的《美丽人生》。',0,0,0,0,0,0,0,0,0,0,0,'超级坏蛋格鲁（史蒂夫·卡瑞尔 Steve Carell 配音）在听说埃及金字塔被盗的新闻后不满市面上新贼辈出，决定在纳法利欧博士（拉塞尔·布兰德 Russell Brand 配音）的帮助下建造火箭升空盗取月亮。在向坏蛋银行贷款的过程中，格鲁盗取的收缩射线枪被新贼维克托（杰森·席格尔 Jason Segel 配音）抢走。为了夺回收缩射线枪，格鲁决定领养三位孤儿——玛戈（米兰达·卡斯格拉夫 Miranda Cosgrove 配音）、伊迪丝（达娜·盖伊 Dana Gaier 配音）和阿格蕾丝（埃尔希·费舍 Elsie Fisher 配音），利用她们进入维克托的城堡兜售饼干的机会实施偷盗，计划成功后再偷偷处理掉三个小孩。然而在平凡的日常相处中，格鲁却发现自己越来越离不开这三个小鬼，但这样的感情用事却将严重影响周密的盗月计划……'),(127,'怪兽电力公司','126.jpg',' 彼特·道格特 Pete Docter / 大卫·斯沃曼 David Silverman',' 约...',2001,'美国','儿童 喜剧 动画 奇幻 冒险',8.6,'不要给它起名字，起了名字就有感情了。',0,0,0,0,0,0,0,0,0,0,0,'检察官哈维·登特（艾伦·艾克哈特 Aaron Eckhart 饰）死后的八年间，哥谭市在戈登警长（加里·奥德曼 Gary Oldman 饰）的努力下有效地遏制了犯罪活动。而蝙蝠侠布鲁斯·韦恩（克里斯蒂安·贝尔 Christian Bale 饰）因为背负谋杀登特的罪名，被 警方通缉，在哥谭市销声匿迹。然而，这看似平静的状态被恐怖分子贝恩（汤姆·哈迪 Tom Hardy 饰）的出现打破，他利用猫女（安妮·海瑟薇 Anne Hathaway 饰）偷取布鲁斯的指纹，致使韦恩集团面临破财，布鲁斯被赶出董事会。为了保证韦恩集团投资的能源项目不被坏人利用制造核弹，布鲁斯帮助米兰达（玛丽昂·歌迪亚 Marion Cotillard 饰）成为董事会主席。贝恩接下来一连串精密设计的计划将哥谭市陷入孤绝之境，毁灭之日指日可待。布鲁斯只能再次肩负起拯救哥谭的重任，然而至亲的管家阿福辞职离开、猫女的背叛、贝恩的凶残手段，爱人米拉达的真实面目露出，都让他拯救哥谭的行动变得不可能……'),(128,'岁月神偷','127.jpg',' 罗启锐 Alex Law',' 吴君如 Sandra Ng / 任达华 Simon Yam / 钟绍...',2010,'香港 中国大陆','剧情 家庭',8.7,'岁月流逝，来日可追。',0,0,0,0,0,0,0,0,0,0,0,'某年夏天，6岁小女孩竹川萤来到爷爷家度假，她闯进了传说住满妖怪的山神森林。正当她因为迷路而焦急万分的时候，一个戴着狐狸面具的大男孩出现在她面前，并引领着萤找到回家的路。虽然萤分外感激，可是男孩却禁止她碰触自己的身体，原来这名叫银的男孩并非人类，他一旦被人类碰触就会烟消云散。在此后的日子里，萤和银成为好朋友，他们走遍了森林的每一个角落玩耍。日复一日，年复一年，每到夏天的时候萤就会如约来到森林和好朋友见面。她遵守着和银的约定，无论如何也不碰触银的身体。随着年龄的增长，萤和银对彼此的情感都悄悄发生了变化，他们共同期待相聚的日子，共同期待拥抱对方……本片根据绿川幸的原作改编。'),(129,'萤火之森','128.jpg',' 大森贵弘 Takahiro Omori',' 佐仓绫音 Ayane Sakura / 内山昂辉 K...',2011,'日本','剧情 爱情 动画 奇幻',8.8,'触不到的恋人。',0,0,0,0,0,0,0,0,0,0,0,'唐伯虎（周星驰 饰）身为江南四大才子之首，却有道不尽的心酸。宁王想唐伯虎帮忙图谋作反，唐伯虎只好用内功改变脉象，令众人都相信他命不久矣。母亲埋怨他不应该把功夫暴露，因为他们家族一直被当年的仇人追杀。唐伯虎在与朋友出游时，遇到了貌若天仙的秋香并对她一见钟情，决心要到华府当家丁以追求秋香，唐伯虎被取名华安。期间华太师遇到了宁王上门刁难，幸好有唐伯虎出面相助，并暴露了自己是唐伯虎的身份。秋香才知道华安是自己欣赏的唐伯虎。华夫人跟唐家有怨，因此二人便开始斗法。怎料宁王跟夺面书生再次上门，华夫人不是对手，幸得唐伯虎出手，华夫人也答应把秋香许配给唐伯虎。'),(130,'唐伯虎点秋香','129.jpg',' 李力持 Lik-Chi Lee',' 周星驰 Stephen Chow / 巩俐 Li Gong / 陈...',1993,'香港','喜剧 爱情 古装',8.5,'华太师是黄霑，吴镇宇四大才子之一。',0,0,0,0,0,0,0,0,0,0,0,'未来世界的超级都市旧京山（San Fransokyo），热爱发明创造的天才少年小宏，在哥哥泰迪的鼓励下参加了罗伯特·卡拉汉教授主持的理工学院机器人专业的入学大赛。他凭借神奇的微型磁力机器人赢得观众、参赛者以及考官的一致好评，谁知突如其来的灾难却将小宏的梦想和人生毁于一旦。大火烧毁了展示会场，而哥哥为了救出受困的卡拉汉教授命丧火场。身心饱受创伤的小宏闭门不出，哥哥生前留下的治疗型机器人大白则成为安慰他的唯一伙伴。原以为微型机器人也毁于火灾，谁知小宏和大白竟意外发现有人在某座废弃工厂内大批量地生产他的发明。稍后哥哥的朋友们弗雷德等人也加入进来，他们穿上小宏发明的超级战士战斗装备，和怀有险恶阴谋的神秘对手展开较量……'),(131,'七武士','130.jpg',' 黑泽明 Akira Kurosawa',' 三船敏郎 Toshir? Mifune / 志村乔 ...',1954,'日本','动作 冒险 剧情',9.2,'时代悲歌。',0,0,0,0,0,0,0,0,0,0,0,'我们不知道，在那样的世界里住着那样一群怪物。他们长相滑稽，却必须装作狰狞。因为，在夜深的时候，他们要悄悄的出现在孩子的衣橱里，吓唬刚刚甜美睡去的宝宝。一切，只因为他们是怪物电力公司的员工，而孩子的尖叫，则是怪物王国发电的全部能量。怪物们害怕孩子，却又必须让孩子尖叫。在怪物的国度里，他们都是为全民造福的英雄。毛怪苏利文（约翰•古德曼）是怪物公司最出色的员工，业绩总是摇摇领先，他吓哭的小孩儿不计其数。他与搭档大眼怪麦克（比利•克里斯托）很受大家的爱戴。一次偶然，毛怪不小心把一个两岁的小女孩阿布（玛丽•吉布斯）带回了怪物世界，引起了极大的恐慌，调皮可爱的阿布把这些可怕的怪物吓的人仰马翻。警方在追捕阿布，而坏蛋亨利（詹姆斯•柯博）也计划利用阿布进行他改革工厂的邪恶计划。另一方面，在与阿布相处的过程中，毛怪渐渐对她产生莫名的情愫，甚至因此被放逐野外。可是一切都不能抵挡毛怪拯救女孩的信念，为了阿布，毛怪踏上了艰险的旅程……'),(132,'超能陆战队','131.jpg',' 唐·霍尔 Don Hall / 克里斯·威廉姆斯 Chris Williams',' 斯科特...',2014,'美国','喜剧 动作 科幻 动画 冒险',8.6,'Balalala~~~',0,0,0,0,0,0,0,0,0,0,0,'60年代的香港，风云变幻。一面要忍受港英政府的压制，一面又受到内地运动的波及，更要面对不时登陆的台风暴雨。老字号的永利街就处在这样一个风暴的旋涡中心。鞋匠罗一家四口，在街尾以做鞋为生。罗先生（任达华 饰）做得一手好鞋，在那个混乱的年代仅能养家糊口；罗太太（吴君如 饰）为人辛辣直率，人称“侠盗罗嫂”。大儿子罗进一（李治廷 饰）16岁，品学兼优，是运动会的冠军，全家人的希望，也是永利街的骄傲；小儿子罗进二（钟绍图 饰）8岁，在父母溺爱之下，天性顽劣，出了名的顽皮整蛊……一家人艰难度日，也算其乐融融。然而大儿子与富家小姐芳菲（蔡颖恩 饰）之间一段纯美的初恋、一场扫荡整个香港的飓风暴雨、更有一场潜伏已久的噩梦，让这个普通家庭的平安幸福在一夜之间陡生变故、支离破碎……面对岁月这个最大的“神偷”，顽强不屈的人该如何去抵抗？2010第60届柏林电影节“新生代单元”最佳影片水晶熊奖，第29届香港电影金像奖最佳编剧、最佳男主角、最佳新演员、最佳原创电影歌曲4项大奖。'),(133,'蝙蝠侠：黑暗骑士崛起','132.jpg',' 克里斯托弗·诺兰 Christopher Nolan',' 克里斯蒂安·贝尔 Christ...',2012,'美国 英国','剧情 动作 科幻 犯罪 惊悚',8.7,'诺兰就是保证。',0,0,0,0,0,0,0,0,0,0,0,'新搬来的公寓这家人是母亲惠子（You饰）带着四个孩子：明（柳乐优弥饰）、京子、茂、雪。但母亲却得对周围的人们撒谎说丈夫去海外工作，自己与长子两个人在一起生活。事实是其它三名弟妹是“黑孩子”，因为四个孩子有着各自不同的父亲。他们一直呆在家中，没有去学校上学。在母亲去百货商店工作时，年纪尚小的明就在家中代替母亲行使家长的职责。突然有一天母亲不见了，她把手中仅有的20万日元现金和一张短短的便条留给了孩子们，把弟妹托付给明看管后，就悄然地离家出走。无亲无故，对外面几乎一无所知的四个孩子们，要开始面对新的生活，那实在不是件容易的事情……'),(134,'电锯惊魂','133.jpg',' 詹姆斯·温 James Wan',' 雷·沃纳尔 Leigh Whannell / 加利·艾...',2004,'美国','悬疑 惊悚 恐怖',8.7,'真相就在眼前。',0,0,0,0,0,0,0,0,0,0,0,'一觉醒来的亚当（雷•沃纳尔 Leigh Whannell饰）发现自己被困在一个废弃的厕所里。他的对面是同样命运的劳伦斯（加利•艾尔维斯 Cary Elwes 饰）——他们被人用铁链绑住了腿，并吃惊发现二人中间横亘着一个恐怖的死人。死人鲜血淋漓，左手拿录放机右手拿枪。亚当兜里被人放进来一盘磁带，他赶紧放到录放机里。磁带里说，罗伦斯必须在今晚6点前杀死亚当，否则二人将同归于尽，劳伦斯的家人也不能幸免。而面前死人流出来的血，剧毒无比。一个血腥的死亡游戏开始了。在剩下不多的时间里，他们必须找到线索，逃出地狱。在最后关头，当他们以为重见天日的时候，新一轮的噩梦才刚刚开始。'),(135,'真爱至上','134.jpg',' 理查德·柯蒂斯 Richard Curtis',' 休·格兰特 Hugh Grant / 柯林...',2003,'英国 美国 法国','喜剧 剧情 爱情',8.6,'爱，是个动词。',0,0,0,0,0,0,0,0,0,0,0,'日本战国时代，一小山村面临着山贼的威胁，为了保护秋天的收成，村中长老决定让去请武士来保护村子安全，但只能拿出的报酬是一天三顿的白米饭。在城里，他们遭到了武士白眼甚至被打。直到勘兵卫（志村乔饰）的出现，他现今已沦为浪人，几经考虑最后答应了。他对农民说至少需要七名武士，于是久藏（宫口精二饰）、胜四郎（木村功饰）、五郎（稻叶义男饰）、七郎（加东大介饰）、平八（千秋实饰）和菊千代（三船敏郎饰）等六人也加入了队伍，七个人肩负保卫村子的任务。整个防御准备的过程中，武士与农民间发生许多摩擦也闹出不少笑话。而在一次偷袭行动中，有武士为救农民被火枪打死，很快山贼的反扑随之而来，一场恶战即将开始。'),(136,'谍影重重3','135.jpg',' 保罗·格林格拉斯 Paul Greengrass',' 马特·达蒙 Matt Damon / ...',2007,'美国 德国','动作 悬疑 惊悚',8.7,'像吃了苏打饼一样干脆的电影。',0,0,0,0,0,0,0,0,0,0,0,'失去了心爱的女人，波恩（马特•戴蒙 饰）面临更为艰难的日子，他努力回忆，却只能在睡梦中被脑海里一知半解的闪回所惊醒，依然无法记起自己的身份。但是波恩注定不是平凡人，不等他冷静下来好好“寻找回”自己真正的身份，中情局派出的杀手又接踵而至。在接连的几次较量之后，杰森•伯恩终于被彻底激怒，决定反戈一击——他主动追击杀手，到过莫斯科、马德里。巴黎，也在伦敦和丹吉尔做过停留。随着问题一个一个解决，杰森回到了纽约，在那里，他将会找到一切的答案，寻回自己的身份。'),(137,'疯狂原始人','136.jpg',' 科克·德·米科 Kirk De Micco / 克里斯·桑德斯 Chris Sanders',' ...',2013,'美国','喜剧 动画 冒险',8.7,'老少皆宜，这就是好莱坞动画的魅力。',0,0,0,0,0,0,0,0,0,0,0,'这是一出10个爱情故事串成的喜剧杂烩：失去母亲的小男孩终日郁郁寡欢，继父不知该如何安慰。当他得知继子喜欢上学校里最美的女孩，便热烈地鼓励儿子去追。小男孩为了赢得小女孩的关注，废寝忘食地练习架子鼓，只为了在圣诞节的晚会上能与她同台演出。勇敢的他，甚至为了最后的一记道别潇 洒地突破机场的安检区。两个孩子的母亲面对了婚姻危机。丈夫感情出轨，把项链送给了别的女人，给她的，则仅是一张她热爱的女歌手的CD。她找了借口仓皇躲入卧室，在歌声中隐忍啜泣。转个身，又夸张地大笑着，迎向娇女爱子欢喜的面容。 丈夫最终幡然醒悟。……如此的小故事共有十出，温暖你我的心。'),(138,'萤火虫之墓','137.jpg',' 高畑勋 Isao Takahata',' 辰己努 / 白石绫乃 / 志乃原良子...',1988,'日本','动画 剧情 战争',8.7,'幸福是生生不息，却难以触及的远。',0,0,0,0,0,0,0,0,0,0,0,'原始人咕噜一家六口在老爸Grug（尼古拉斯·凯奇 Nicolas Cage 配音）的庇护下生活。每天抢夺鸵鸟蛋为食，躲避野兽的追击，每晚听老爸叙述同一个故事，在山洞里过着一成不变的生活。大女儿Eep（艾玛·斯通 Emma Stone 配音）是一个和老爸性格截然相反的充满好奇心的女孩，她不满足一辈子留在这个小山洞里，一心想要追逐山洞外面的新奇世界。没想到世界末日突然降临，山洞被毁，一家人被迫离开家园，展开一场全新的旅程。离开了居住了“一辈子”的山洞，展现在他们眼前的是一个崭新绚丽却又充满危险的新世界，到处都是食人的花草和叫不出名字的奇异鸟兽，一家人遇到了全所未有的危机。在旅途中，他们还遇到了游牧部落族人Guy（瑞恩·雷诺兹 Ryan Reynolds 配音），他有着超凡的创造力和革新思想，帮助咕噜一家躲过了重重困难，途中他还发明了很多“高科技”产品，并让他们知道了原来生活需要“用脑子”，走路需要“鞋子”等等。一行人在影片中展开了一场闹腾而又惊险的旅程。'),(139,'喜宴','138.jpg',' 李安 Ang Lee',' 赵文瑄 Winston Chao / 郎雄 Sihung Lung / 归亚...',1993,'台湾 美国','剧情 喜剧 爱情 同性 家庭',8.9,'中国家庭的喜怒哀乐忍。',0,0,0,0,0,0,0,0,0,0,0,'伟同（赵文瑄）是事业有成的男同志，与男友赛门（Mitchell Lichtenstein）在美国过着幸福的同居日子，烦恼来自要用各种招数应对远在台北的父（郎雄）母（归亚蕾）的一次次逼婚。伟同被逼以“乖乖仔”形象修书一封声称会在美国结婚，没料父母想亲眼见证。无奈，他只得拉上来自上海的不得志的女艺术家葳葳（金素梅）“假婚”，想逃过一劫。父母对葳葳相当满意，却对伟同的草率态度不满，为让父母满意尽快返回台北，伟同犹如“拼命三郎”使出了浑身解数。但人算不如天算，不断的波折使得父母的返台日期一次次推迟，令他和赛门的感情亮起“红灯”，而葳葳又意外怀上了他的孩子。似乎，伟同在强大的父母（传统）面前，只能选择去做一个 “表面正常”的男人。'),(140,'东邪西毒','139.jpg',' 王家卫 Kar Wai Wong',' 张国荣 Leslie Cheung / 林青霞 Brigitte...',1994,'香港 台湾','剧情 动作 爱情 武侠 古装',8.6,'电影诗。',0,0,0,0,0,0,0,0,0,0,0,'香港某个国际伪钞集团重要分子宋子豪（狄龙 饰）和Mark（周润发 饰）情同手足，某次宋子豪带手下谭成（李子雄 饰）去台北交易时被其出卖受枪伤被捕入狱，为替好兄弟报仇，Mark孤身赴台，结果被人打成瘸子，江湖地位自此一落千丈，而宋子豪的父亲也在不久丧命。 一向视宋子豪为偶像的宋子杰（张国荣 饰）得知哥哥的真实身份后，对黑社会及他恨之入骨，立誓利用警察身份将黑帮势力斩草除根，宋子豪出狱后不顾苦等他想重创辉煌的Mark的劝阻，决心弃暗投明，无奈得不到宋子杰的谅解。而此时已成帮会老大的谭成欲找宋子豪再合作，遭拒绝后放言会害宋子杰，被逼走投无路，宋子豪决定再与Mark连手共抗强敌。'),(141,'贫民窟的百万富翁','140.jpg',' 丹尼·鲍尔 Danny Boyle / 洛芙琳·坦丹 Loveleen Tandan',' 戴夫...',2008,'英国 美国','剧情 爱情',8.5,'上帝之城+猜火车+阿甘正传+开心辞典=山寨富翁',0,0,0,0,0,0,0,0,0,0,0,'在恋人（张曼玉）负气嫁给兄长的当晚，欧阳锋（张国荣）黯然离开白陀山，走进沙漠某个小镇，成为一名杀手中介人。他的朋友、风流剑客黄药师（梁家辉）每年都来小镇与他畅饮，酒话里有关白陀山的消息令他忘却往事的念想渐次演变成自欺行为。黄药师只是表面风流。他迷恋好友“盲武士”（梁朝伟）的妻子桃花（刘嘉玲），后者在丈夫死后，永远地离开了他；而对迷恋他的女人慕容嫣（林青霞），他又不愿兑现曾经随口说出的承诺，这使得慕容嫣迷失于自己的身份中。与欧阳锋构成短暂“买凶杀人”关系的洪七（张学友）、村姑（杨采妮）等人，也都有一段只有他们自己才知、不愿回首的痛苦过往。'),(142,'英雄本色','141.jpg',' 吴宇森 John Woo',' 周润发 Yun-Fat Chow / 狄龙 Lung Ti / 张国...',1986,'香港','动作 犯罪',8.6,'英雄泪短，兄弟情长。',0,0,0,0,0,0,0,0,0,0,0,'美日战争爆发，14岁的清太带着年幼的妹妹到处逃命，当他们到达防空洞的时候，母亲已身受重伤，没过多久便不久人世。两兄妹自此过着相依为命的日子。他们只好投靠了母亲的姐妹，纵使他们把家里所有的家当都送给了阿姨，但当食物吃完，他们就越感到了寄人篱下的感觉，清太决定带着妹妹离开独自生活。火灾硝烟中的生活并不好过，清太为了妹妹四处偷取食物，但妹妹还是严重营养不良……'),(143,'记忆碎片','142.jpg',' 克里斯托弗·诺兰 Christopher Nolan',' 盖·皮尔斯 Guy Pearce /...',2000,'美国','犯罪 剧情 悬疑 惊悚',8.6,'一个针管引发的血案。',0,0,0,0,0,0,0,0,0,0,0,'2006年，印度孟买。印度青年杰玛•马利克（戴夫•帕特尔饰）还差一个问题就能赢得2千万卢比。他是怎么做到的？A：他作弊；B：他幸运；C：他是天才；D：一切命中注定。这是《谁想成为百万富翁》电视猜谜节目的人生版。杰玛•马利克在已经赢得1千万卢比的情况下被警方以欺诈罪逮捕，严刑拷问下杰玛说出他获得1千万卢比的真相——他确实知道答案，但他只知道这些！出身贫民窟的杰玛年幼就生活艰苦，他与哥哥沙里姆、少女拉媞卡(芙蕾达•平托饰)三人却一起经历了几十年印度的变迁。之前每一个问题，都好像是杰玛的记忆碎片，牵动他关于亲情、爱情与人生的回忆。而现在，杰玛一方面要洗清自己的犯罪嫌疑，一方面要拯救与拉媞卡的爱。在金钱与爱之前，杰玛能够沉着冷静，选择出正确的答案吗？'),(144,'黑天鹅','143.jpg',' 达伦·阿罗诺夫斯基 Darren Aronofsky',' 娜塔莉·波特曼 Natalie...',2010,'美国','剧情 惊悚',8.5,'黑暗之美。',0,0,0,0,0,0,0,0,0,0,0,'1945年，第二次世界大战接近尾声，作为邪恶轴心重要成员的日本，其嚣张态势已成强弩之末。是年，决定战局走向的冲绳岛战役拉开序幕，成千上万斗志昂扬的美国大兵被派往冲绳，等待他们的则是敌军重兵防守、凶险异常的钢锯岭。在这群人中间，却有一个不愿拿起武器的军医。他名叫戴斯蒙德·道斯（安德鲁·加菲尔德 Andrew Garfield 饰），来自美国的弗吉尼亚。太平洋爆发之际，瘦弱的戴斯蒙德志愿成为救死扶伤的军医而应征入伍。可因童年和家庭的原因，他始终不愿拿起枪支操练，为此宁愿背上拒服兵役的罪名被送上军事法庭。几经周折，戴斯蒙德最终和战友来到了钢锯岭。枪林弹雨，转瞬之间无数人应声倒地。在信仰和信念的支持下，戴斯蒙德仅凭一己之力拯救了数十条濒死的生命……本片根据真人真事改编。'),(145,'无人知晓','144.jpg',' 是枝裕和 Hirokazu Koreeda',' 柳乐优弥 Y?ya Yagira / 北浦爱...',2004,'日本','剧情',9.1,'我的平常生活就是他人的幸福。',0,0,0,0,0,0,0,0,0,0,0,'纽约剧团要重排《天鹅湖》，因前领舞Beth（薇诺娜•赖德 Winona Ryder 饰）离去，总监Thomas（文森特•卡索尔 Vincent Cassel. 饰）决定海选新领舞，且要求领舞要分饰黑天鹅与白天鹅。Nina（娜塔莉•波特曼Natalie Portman 饰）自幼练习芭蕾舞，在母亲的细心关照下，技艺出众。这次，她希望可以脱颖而出。然而，在竞争中，她发现心机颇重的Lily（米拉•库妮丝 Mila Kunis 饰）是自己的强劲对手。在选拔中，她的白天鹅表演的无可挑剔，但是黑天鹅不及Lily。她感到身心俱疲，回家还发现了背部的红斑与脚伤。她一个人找到总监，希望争取一下。总监趁机亲吻她，却被她强硬拒绝。结果，总监居然选了她。队友怀疑她靠色相上位。在酒会上，Beth甚至当众发泄。这种压力外加伤病，一直影响着她的发挥。总监启发她要释放激情，表现出黑天鹅的诱惑。在强大的心理暗示中，她似乎也滑向了黑天鹅的角色……'),(146,'心迷宫','145.jpg',' 忻钰坤 Yukun Xin',' 霍卫民 Weimin Huo / 王笑天 Xiaotian Wang ...',2014,'中国大陆','剧情 犯罪 悬疑',8.7,'荒诞讽刺，千奇百巧，抽丝剥茧，百转千回。',0,0,0,0,0,0,0,0,0,0,0,'当记忆支离破碎后，你该怎样面对生活？本片的主人公就遭遇了这样的事情。莱纳•谢尔比（盖伊•皮尔斯 饰）在家遭到歹徒的袭击，妻子被残忍的奸杀，自己脑部也受到严重的伤害。醒来后，他发现自己患了罕见的“短期记忆丧失症”，他只能记住十几分钟前发生的事情，为了让生活继续下去，更为了替惨死的妻子报仇，他凭借纹身、纸条、宝丽来快照等零碎的小东西，保存记忆，收集线索，展开了艰难的调查。调查中，莱纳遇上粗俗的酒吧女招待娜塔莉娅(凯瑞•安妮•莫斯 饰)，她似乎知道一些莱昂纳多感兴趣的事；还有泰迪(乔•潘托利亚诺 饰)，自称是他以前好朋友，但看上去鬼鬼祟祟的，不怀好意。到底谁能相信？娜塔莉娅？泰迪？还是他自己？抽丝剥茧之后，真相呼之欲出，简单之至却又残酷无比，而莱纳是否有面对这一切的勇气？'),(147,'傲慢与偏见','146.jpg',' 乔·怀特 Joe Wright',' 凯拉·奈特莉 Keira Knightley / 马修·...',2005,'法国 英国 美国','剧情 爱情',8.5,'爱是摈弃傲慢与偏见之后的曙光。',0,0,0,0,0,0,0,0,0,0,0,'根据简·奥斯汀同名小说改编。伊丽莎白·班纳特(凯拉·奈特丽 饰)出身于小地主家庭，有四个姐妹，母亲班纳特太太整天操心着为女儿物色称心如意的丈夫。新来的邻居宾格来先生和他的朋友达西（马修·麦克菲迪恩 饰）打破了她们一家人单调的乡村生活。宾格来和伊丽莎白的姐姐简·班纳特互生情愫；达西对善良聪明的伊丽莎白产生了好感，而伊丽莎白却对达西不可一世的傲慢心存偏见，不接受他的感情。然而，世事难料，宾格来和简·班纳特因为误会，关系危在旦夕；达西的种种作为，展示了性格中和伊丽莎白相同的善良一面，逐渐赢得了伊丽莎白的好感。两对有情人能否终成眷属？班纳特姐妹们能否得到自己想要的生活？简·奥斯汀笔下十九世纪初英国乡村生活和社会风貌，重新展现在大银幕上。'),(148,'血战钢锯岭','147.jpg',' 梅尔·吉布森 Mel Gibson',' 安德鲁·加菲尔德 Andrew Garfield /...',2016,'美国 澳大利亚','剧情 传记 历史 战争',8.7,'优秀的战争片不会美化战场，不会粉饰死亡，不会矮化敌人，不会无视常识，最重要的，不会宣扬战争。',0,0,0,0,0,0,0,0,0,0,0,'Tim（多姆纳尔·格利森 Domhnall Gleeson 饰）21岁了，他的老爸（比尔·奈伊 Bill Nighy 饰）告诉他，他们家族的男人都有时光旅行的超能力，可以回到过去。于是Tim将信就疑地试了一下，回到了夏天，在那里他试图改变和暗恋对象的关系，却发现怎么穿越时空都不能让不爱你的人爱上你。之后Tim来到了伦敦，成为了一个律师。他爱上了一个漂亮的姑娘Mary（瑞秋·麦克亚当斯 Rachel McAdams 饰），他通过几次时空旅行，努力地想成为Mary的男朋友。再后来，他又试图通过时光旅行，去挽回一场失败的话剧，去改善妹妹的生活，去更好地和亲人、朋友相处，度过生命中的每一天。'),(149,'雨人','148.jpg',' 巴瑞·莱文森 Barry Levinson',' 达斯汀·霍夫曼 Dustin Hoffman ...',1988,'美国','剧情',8.7,'生活在自己的世界里，也可以让周围的人显得可笑和渺小。',0,0,0,0,0,0,0,0,0,0,0,'一个想要挣脱父权控制的青年，在一次争执中失手杀死了同村的痞子，被迫逃亡。他没有想过会用这样的方式逃离安逸的生活，离开之际却惊人的发现宿命早已将他和专制的父亲紧紧连接在一起，走或留他都将失去一切。一个饱受家庭暴力摧残的留守女人，在曾经恋人的怀抱里找到了慰藉。黑暗里绝望的女人与情夫密谋杀夫，可当莽夫的死讯真的传来时，情夫却避而不见矢口否认一切。当女人又一次陷入绝望，另一个男人出现在她的生活里，他给女人带来的不仅仅是关心……一个行为正直严格自律的老村长，精心设计着自己退休后的晚年生活。一生忠诚于信仰的他，却在本性面前轻易地低下了头；一个污点掉落在命运蓝图上，他竭力去擦掉污迹，却剥开了一个黑洞，深陷其中。'),(150,'时空恋旅人','149.jpg',' 理查德·柯蒂斯 Richard Curtis',' 多姆纳尔·格里森 Domhnall Gl...',2013,'英国','喜剧 爱情 奇幻',8.7,'把每天当作最后一天般珍惜度过，积极拥抱生活，就是幸福。',0,0,0,0,0,0,0,0,0,0,0,'砵仔糕（周润发饰）、阿占（张国荣饰）和红豆（锺楚红饰）均是孤儿，在养父（曾江饰）栽培下成为国际大盗。长大后成了帮他赚钱的艺术品大盗，而三人同时又认了警察（朱江饰）为干爹。法国巴黎博物馆内，名画《赫林之女仆》被人盗走。与此同时，阿海、阿占和红豆三人以敏捷身手盗得另一幅名画，在与法国大哥交易时得知名画《赫林之女仆》在妖气重重的古堡内，他们在曾江安排下成功地盗取此画之后，反被集团原凶曾江与法国大哥合谋设下陷阱，派人追杀灭口。阿海驾车与杀手快艇相撞……三人失散，数年后，他们在香港重聚，阿海“瘫痪”住在朱江家里，阿占和红豆已经结婚了。曾江又逼他们去偷画……'),(151,'荒蛮故事','150.jpg',' 达米安·斯兹弗隆 Damián Szifron',' 达里奥·葛兰帝内提 Darío...',2014,'阿根廷 西班牙','剧情 喜剧 犯罪',8.8,'始于荒诞，止于更荒诞。',0,0,0,0,0,0,0,0,0,0,0,'《荒蛮故事》是一部黑色喜剧，由6个独立的暴力复仇小故事构成。影片是一次对于人类失控行径的颠覆性创作，从怪异的幽默感，独特的画面和大胆的配乐，到对于身处绝境的普通人这一题材的偏爱，都可以清晰地看到南美鬼才导演达米安·斯兹弗隆与阿莫多瓦在创作方面的相似之处。不过，斯兹弗隆仍然通过这部影片发出了自己独特的声音：一场对于一个腐败成风、经济和社会严重不平等的社会的尖锐抨击。'),(152,'纵横四海','151.jpg',' 吴宇森 John Woo',' 周润发 Yun-Fat Chow / 张国荣 Leslie Cheung...',1991,'香港','剧情 喜剧 动作 犯罪',8.7,'香港浪漫主义警匪动作片的巅峰之作。',0,0,0,0,0,0,0,0,0,0,0,'查理（汤姆·克鲁斯 Tom Cruise 饰）父亲去世，留下了300万美元的遗产。然而令他意外的是，遗产全部给了一个他不认识的哥哥雷蒙（达斯汀·霍夫曼 Dustin Hoffman 饰）。雷蒙的名字查理从没听过，这个事件让他气愤不已。他决定前去寻找哥哥。谁知雷蒙的住处就在一个精神病院里，原来他自幼患有自闭症，母亲去世后就被送到精神病院治疗。查理心中有了算计，他把雷蒙带出精神病院，企图骗他出让遗产。雷蒙的生活习惯奇异，活在自己的幻想世界里，有很多离奇古怪的行为。并且，查理在共处中发现了雷蒙惊人的记忆能力，他试着利用哥哥过目不忘的本领去赌场上试一下身手，赢得了一大笔奖金，使查理足以摆脱穷困生活。而令查理收获更大的是，他还获得了慢慢升温的亲情，这种手足情远远胜过了他原先图谋的300万的遗产。'),(153,'教父3','152.jpg',' 弗朗西斯·福特·科波拉 Francis Ford Coppola',' 阿尔·帕西诺 A...',1990,'美国','剧情 犯罪',8.8,'任何信念的力量，都无法改变命运。',0,0,0,0,0,0,0,0,0,0,0,'转眼间已经是1979年，第二代教父麦克•柯里昂（阿尔•帕西诺 饰）到了垂暮之年，为了灵魂的救赎，麦克慢慢结束家族的黑道事业，转投正当生意。麦克的儿子托尼酷爱艺术，无意接手家族事业，迈克尔决定让大哥逊尼的私生子，火爆好色的文森（安迪•加西亚 饰）继承家业，当第三代教父。麦克的爱女玛丽（索菲娅•科波拉 饰）和文森相恋，遭到父亲的反对，父女渐渐疏远。为了使家族资产合法化，麦克通过在梵蒂冈教廷的关系网，准备投资“屹立”集团，却遭到敌人的暗中阻挠，教皇的去世也让事情更加扑朔迷离。麦克无奈之下，只能重新选择用暴力解决问题，他的亲人也被卷入了这场血雨腥风。'),(154,'卢旺达饭店','153.jpg',' 特瑞·乔治 Terry George',' 唐·钱德尔 Don Cheadle / 苏菲·奥...',2004,'英国 南非 意大利 美国','剧情 历史 战争',8.9,'当这个世界闭上双眼，他却敞开了怀抱。',0,0,0,0,0,0,0,0,0,0,0,'1986年美国达拉斯市，恐同的德州电工罗恩·伍德鲁夫（马修·麦康纳 Matthew McConaughey 饰）发现自己患上“同志病”——艾滋，生命只剩30天。他使用的AZT（叠氮胸苷）是当时美国药管局唯一批准面市的抗艾药物，但毒性极大。为了活下去，罗恩开始研究各种抗艾 处方和替代疗法，甚至走私来自世界各地未经批准的药物。在医生萨克斯（詹妮弗·加纳 Jennifer Garner 饰）和异装癖同性恋雷蒙（杰瑞德·莱托 Jared Leto 饰）的帮助下，罗恩开始成立了一个叫做“达拉斯买家俱乐部”的地下组织，为艾滋病人提供更多“非常规疗法”，很多患病的男同性恋亦求助于他。他的举动自然受到了药管局和药商的阻挠和施压。罗恩最终在1992年9月去世，离他被告知只剩30天可活已经过去了2557天。在这近7年时间里，他坚持不懈的与病魔、与药管局及制药商进行艰苦的斗争，享受真正活过的人生......本片根据真人真事改编，讲述一个绝症病人如何努力求生并拯救成千上万面临同样境遇的人的故事，提名金球奖剧情类最佳男主/男配以及获得大小29个奖项。'),(155,'玩具总动员3','154.jpg',' 李·昂克里奇 Lee Unkrich',' 汤姆·汉克斯 Tom Hanks / 蒂姆·艾...',2010,'美国','喜剧 动画 奇幻 冒险',8.8,'跨度十五年的欢乐与泪水。',0,0,0,0,0,0,0,0,0,0,0,'单亲孩子菲利普·佩里（T·J·劳瑟 T.J. Lowther 饰）的母亲对他管教甚严，8岁的小菲利普甚至从未参加过一次鬼节讨糖果的游戏。附近州监狱的两名罪犯越狱成功，劫持了菲利普作为人质，向德州边界逃窜。途中，罪犯之一的布奇（凯文·科斯特纳 Kevin Costner 饰）干掉了鲁莽愚蠢的同伙，却对小菲利普照顾有加。与此同时，德州警探瑞德（克林特·伊斯特伍德 Clint Eastwood 饰）带着手下和州长特派的犯罪专家萨利（劳拉·邓恩 Laura Dern 饰）一同火速追捕布奇。双方在德克萨斯州境内展开了一场公路赛大竞技；而小菲利普也经历了很多从未想过过的刺激与快乐，并与布奇产生了一种近似父子的不寻常感情……'),(156,'达拉斯买家俱乐部','155.jpg',' 让-马克·瓦雷 Jean-Marc Vallée',' 马修·麦康纳 Matthew McCon...',2013,'美国','剧情 传记 同性',8.7,'Jared Leto的腿比女人还美！',0,0,0,0,0,0,0,0,0,0,0,'距上一次的冒险已经过去11个年头，转眼间安迪（约翰·莫里斯 John Morris 配音）变成了17岁的阳光男孩。这年夏天，安迪即将开始大学生活，他必须将自己的房间收拾整齐留给妹妹。此前，伍迪（汤姆·汉克斯 Tom Hanks 配音）与巴斯光年（蒂姆·艾伦 Tim Allen 配音）等玩具一直期待安迪再和他们玩耍，但是随着岁月的流逝，他们被冷落在箱子里很久了。安迪十分珍惜这些童年的玩伴，于是准备将他们收在阁楼。谁曾想，妈妈却把玩具们当作废物扔到街道上。玩具们误解了安迪，于是愤然出走，宁可被捐赠到阳光之家幼儿园。伍迪尽力劝解大家，却收效甚微，只得独自黯然离开。巴斯光年他们原本以为将重新回到往昔的快乐时光，不料却陷入一场阴谋之中……'),(157,'花样年华','156.jpg',' 王家卫 Kar Wai Wong',' 梁朝伟 Tony Leung Chiu Wai / 张曼玉 Ma...',2000,'香港','剧情 爱情',8.6,'偷情本没有这样美。',0,0,0,0,0,0,0,0,0,0,0,'1960年代的香港，报馆编辑周慕云（梁朝伟 饰）与太太搬进一间住户多是上海人的公寓，和某家日资公司的贸易代表陈先生与太太苏丽珍（张曼玉 饰）成了邻居。因为发现各自在外工作的配偶背着他们有了婚外情，周慕云和苏丽珍开始见面商讨未来可能发生的事情以及相应对策。起初两人是君子之交淡如水就事谈事，可是日子一日接一日过去后，在周围一帮上海邻居的闲言碎语中，他们发现配偶的事早空出了他们的脑袋，彼此眼里只剩下了对方，而刻意回避已生出的感情的结果，是更加刻骨的相思。'),(158,'完美的世界','157.jpg',' 克林特·伊斯特伍德 Clint Eastwood',' 凯文·科斯特纳 Kevin Cos...',1993,'美国','剧情 犯罪',9,'坏人的好总是比好人的好来得更感人。',0,0,0,0,0,0,0,0,0,0,0,'1962年，卢旺达宣布独立后，胡图族与图西族两部族之间矛盾重重，多次发生冲突，战事持续不断。胡图族大肆屠杀图西族人，在这种背景下，卢旺达饭店经理保罗一直四面奔走，最终成功挽救了饭店里一千多名图西族和胡图族难民。'),(159,'海边的曼彻斯特','158.jpg',' 肯尼斯·罗纳根 Kenneth Lonergan',' 卡西·阿弗莱克 Casey Affle...',2016,'美国','剧情 家庭',8.6,'我们都有权利不与自己的过去和解。',0,0,0,0,0,0,0,0,0,0,0,'法庭上，十二岁的男孩赞恩向法官状告他的亲生父母，原因是，他们给了他生命。是什么样的经历让一个孩子做出如此不可思议的举动？故事中，赞恩的父母在无力抚养和教育的状况下依然不停生育，作为家中的长子赞恩，弱小的肩膀承担了无数生活的重压。当妹妹被强行卖给商贩为妻时，赞恩愤怒离家，之后遇到一对没有合法身份的母子，相互扶持勉强生活。然而生活并没有眷顾赞恩，重重磨难迫使他做出了令人震惊的举动……'),(160,'海洋','159.jpg',' 雅克·贝汉 Jacques Perrin / 雅克·克鲁奥德 Jacques Cluzaud','...',2009,'法国 瑞士 西班牙 美国 阿联酋','纪录片',9,'大海啊，不全是水。',0,0,0,0,0,0,0,0,0,0,0,'海蒂（阿努克·斯戴芬 Anuk Steffen 饰）很小就失去了父母，无依无靠伶仃飘零，所幸得到了姨妈的收留，然而，这照顾却不能够持久，最终，海蒂来到了阿尔卑斯山，投奔住在那里的爷爷（布鲁诺·甘茨 Bruno Ganz 饰）。在村民们眼中，爷爷是个倔强而又古怪的老头，对 其敬而远之，然而海蒂那双天真无邪的眼睛发现了爷爷深藏在内心的柔情，一老一少两人卸下心防，相依为命。一个名为皮特的放羊男孩成为了海蒂的新朋友，两人之间结下了深厚的友谊。可是好景不长，海蒂被迫离开了爷爷和皮特，来到了富家小姐克劳拉（伊莎贝尔·奥特曼 Isabelle Ottmann 饰）家中，做她的玩伴。克劳拉的双腿因幼年生病不能行走，个性亦因此而内向怪癖，海蒂的到来替她打开了新世界的大门，找回了久违的快乐。'),(161,'虎口脱险','160.jpg',' 杰拉尔·乌里 Gérard Oury',' 路易·德·菲耐斯 Louis de Funès...',1966,'法国 英国','喜剧 战争',8.9,'永远看不腻的喜剧。',0,0,0,0,0,0,0,0,0,0,0,'李（卡西·阿弗莱克 Casey Affleck 饰）是一名颓废压抑的修理工，在得知哥哥乔伊（凯尔·钱德勒 Kyle Chandler 饰）去世的消息后，李回到了故乡——海边的曼彻斯特处理乔伊的后事。根据乔伊的遗嘱，李将会成为乔伊的儿子帕特里克（卢卡斯·赫奇斯 Lucas Hedg es 饰）的监护人，李打算将帕特里克带回波士顿，但很显然帕特里克并不愿意离开家乡和朋友们，但李亦不愿在这片伤心地久留。原来，曼彻斯特埋藏着李的一段绝望的回忆，他的过失使得两个女儿葬身火海，妻子兰迪（米歇尔·威廉姆斯 Michelle Williams 饰）亦因此而离开了他。此次重回故乡，李再度见到了已经再婚并且即将做妈妈的兰迪，与此同时，帕特里克那失踪已久的母亲艾丽斯（格瑞辰·摩尔 Gretchen Mol 饰）亦联系上了帕特里克，希望他能够成为她的新家庭中的一员。'),(162,'恋恋笔记本','161.jpg',' 尼克·卡索维茨 Nick Cassavetes',' 瑞恩·高斯林 Ryan Gosling /...',2004,'美国','剧情 爱情',8.5,'爱情没有那么多借口，如果不能圆满，只能说明爱的不够。',0,0,0,0,0,0,0,0,0,0,0,'1858年，美国南北战争前两年。德国赏金猎人金·舒尔茨（克里斯托弗·瓦尔兹 Christoph Waltz饰）从贩奴商人手中买下黑奴姜戈（杰米·福克斯 Jamie Foxx饰），让其重获自由。舒尔茨实则是要把姜戈培养成无法无天的赏金猎人，为其缉拿各种通缉犯以换取报酬。姜 戈的唯一条件是：从暴虐的糖果庄园主卡尔文·坎迪（莱昂纳多·迪卡普里奥 Leonardo DiCaprio饰）手中解救出自己的妻子布鲁姆希尔达（凯丽·华盛顿 Kerry Washington饰）。本片是昆汀向1966年由塞吉奥·考布西执导的经典意大利西部片《迪亚戈》的致敬之作。鬼才导演痞子昆丁三年磨一剑，继《无耻混蛋》后又一巨制力作。本片延续昆汀一贯低调奢华的风格，处处可见奇思妙想的幽默元素和血腥野性的动作场面，更有强档群戏，豪华卡司，可谓看点十足。《被解放的姜戈》荣获第85届奥斯卡金像奖-最佳原创剧本大奖，克里斯托弗·沃尔兹 Christoph Waltz则凭借此片荣获最佳男配角。本片同时荣获第85届奥斯卡金像奖最佳影片、最佳摄影和最佳音效剪辑提名。'),(163,'你看起来好像很好吃','162.jpg',' 藤森雅也 Masaya Fujimori',' 山口胜平 Kappei Yamaguchi / 爱河...',2010,'日本','剧情 动画 儿童',8.8,'感情不分食草或者食肉。',0,0,0,0,0,0,0,0,0,0,0,'米尔德雷德（弗兰西斯·麦克多蒙德 Frances McDormand 饰）的女儿在外出时惨遭奸杀，米尔德雷德和丈夫查理（约翰·哈克斯 John Hawkes 饰）之间的婚姻因此走到了尽头，如今，她同儿子罗比（卢卡斯·赫奇斯 Lucas Hedges饰）过着相依为命的生活。一晃眼几个月过去了，案件仍然没有告破预兆，而警方似乎早已经将注意力从案子上转移了开来。被绝望和痛苦缠绕的米尔德雷德租下了高速公路边上的三块巨型广告牌，在上面控诉警方办案无能，并将矛头直接对准了警察局局长威洛比（伍迪·哈里森 Woody Harrelson 饰）。实际上，威洛比一直隐瞒着自己身患绝症命不久矣的事实。因为这三块广告牌，米尔德雷德和威洛比的生活发生了翻天覆地的变化。'),(164,'燃情岁月','163.jpg',' 爱德华·兹威克 Edward Zwick',' 布拉德·皮特 Brad Pitt / 安东...',1994,'美国','剧情 爱情 战争 西部',8.7,'传奇，不是每个人都可以拥有。',0,0,0,0,0,0,0,0,0,0,0,'一个浸润着鲜红与纯白的爱情故事，写在一本洒满昏黄的笔记本上，被一位老先生(詹姆斯·加纳 饰)，一遍一遍的讲述。老太太(吉娜·罗兰兹 饰)总是静静的听着，好奇的追问结果。在一家疗养院，这样不变的场景每天都会上演。笔记本上，秀美的字迹，记载着发生在那个夏天的爱情。艾莉(瑞秋·麦克亚当斯 饰)是富有人家的千金，她随家人来到小镇避暑。在一个充满梦幻的游乐场，邂逅了诺亚(瑞恩·高斯林 饰)。诺亚没有钱，却活的很快乐。艾莉在他那学会了自由，得到了欢笑，两人很快热恋起来。然而在艾莉父母的阻挠下，相爱的两个人，就被分开在夏天结束的那一刻。随着诺亚的365封信被偷偷藏起，艾莉在7年后终于放弃了等待。就在她要步入教堂的前一天，突然在报纸上看到了诺亚曾许诺给自己建造的白色房子。一切记忆，全部苏醒……也许，应该苏醒的，不是故事中的，而是听故事的人。'),(165,'二十二','164.jpg',' 郭柯 Ke Guo',' ...',2015,'中国大陆','纪录片',8.7,'有一些东西不应该被遗忘。',0,0,0,0,0,0,0,0,0,0,0,'哈特（山口胜平 饰）是一只被草食性恐龙养大的霸王龙。其实，早在它破壳而出时，草食性恐龙的首领就曾命令哈特的母亲（原田知世 饰）抛弃它，但母亲却最终还是偷偷把它养大。随着年龄的增长，每天只吃野果的哈特每天饥饿难耐，最终还是抵不住本能的驱使，开始了自己食肉的残暴生涯。然而，由于母亲的影响，在哈特的内心深处，始终涌动着一颗善良的心灵。一天，偶尔遇到一只破壳而出的食草恐龙宝宝，哈特阴差阳错的被恐龙宝宝误认为是“爸爸”，而且为小恐龙取名为“很美味”，自此开始了又一段奇异的恐龙父子情。然而，伴随着生存环境的恶化，恐龙们的生存遭受着前所未有的破坏，哈特和它的亲人最终能否经得起考验……本篇由日本知名漫画家宫西达也的同名漫画改编，本书曾获剑渊绘本乡绘本奖大奖。'),(166,'被解救的姜戈','165.jpg',' 昆汀·塔伦蒂诺 Quentin Tarantino',' 杰米·福克斯 Jamie Foxx /...',2012,'美国','剧情 动作 西部 冒险',8.6,'热血沸腾，那个低俗、性感的无耻混蛋又来了。',0,0,0,0,0,0,0,0,0,0,0,'《海洋》耗时五年，耗资5000万欧元，动用12个摄制组、70艘船，在全球50个拍摄地，有超过100个物种被拍摄，超过500小时的海底世界及海洋相关素材，是史上投资最大的纪录片。海洋是什么？这部电影告诉你答案。这是一部以环保为主题，令人心旷神怡、叹为观止的生态学纪录片。本片聚焦于覆盖着地球表面的四分之三的“蓝色领土”。导演深入探索这个幽深而富饶的神秘世界、完整地呈现海洋的壮美辽阔。真实的动物世界的冒险远比动画片中的故事来的精彩，接下来银幕展开——巨大的水母群、露脊鲸、大白鲨、企鹅等。毫不吝啬在镜头前展示他们旺盛的生命力，让人叹为观止。'),(167,'头脑特工队','166.jpg',' 彼特·道格特 Pete Docter / 罗纳尔多·德尔·卡门 Ronaldo Del Carmen&nb',' ...',2015,'美国','喜剧 动画 冒险',8.7,'愿我们都不用长大，每一座城堡都能永远存在。',0,0,0,0,0,0,0,0,0,0,0,'二战期间，英国一架飞机在执行轰炸任务中，被德军击中，几名英国士兵被迫跳伞逃生。他们约好在土耳其浴室见面，并用这次行动的代号“鸳鸯茶”作为接头暗号。他们分别降落在法国巴黎德军占领区的不同地点。大胡子中队长雷金纳德被动物园管理员所救。而另外两名士兵，也分别在油漆匠奥古斯德 （布尔维尔 饰）和乐队指挥斯塔尼斯拉斯（路易·德·费内斯 饰）的帮助下掩藏好了。即便德军展开了全城的搜索，油漆匠、指挥和中队长还是在浴室顺利地会面，几经辗转，英国士兵终于接上了头。几个原本并不认识的人，就这样结成了生死同盟，与敌人展开了斗智斗勇的生死游戏。同时，也闹出了不少温情的笑话。他们用微薄的力量对抗严酷德军，险相迭生，滑稽搞笑，为了逃出虎口，共同战斗。'),(168,'冰川时代','167.jpg',' 卡洛斯·沙尔丹哈 Carlos Saldanha / 克里斯·韦奇 Chris Wedge',' ...',2002,'美国','喜剧 动画 冒险',8.5,'松鼠才是角儿。',0,0,0,0,0,0,0,0,0,0,0,'可爱的小女孩莱莉（凯特林·迪亚斯 Kaitlyn Dias 配音）出生在明尼苏达州一个平凡的家庭中，从小她在父母的呵护下长大，脑海中保存着无数美好甜蜜的回忆。当然这些记忆还与几个莱莉未曾谋面的伙伴息息相关，他们就是人类的五种主要情绪：乐乐（艾米·波勒 Amy Poehl er 配音）、忧忧（菲利丝·史密斯 Phyllis Smith 配音）、怕怕（比尔·哈德尔 Bill Hader 配音）、厌厌（敏迪·卡灵 Mindy Kaling 配音）和怒怒（刘易斯·布莱克 Lewis Black 配音）。乐乐作为团队的领导，她协同其他伙伴致力于为小主人营造更多美好的珍贵回忆。某天，莱莉随同父母搬到了旧金山，肮脏逼仄的公寓、陌生的校园环境、逐渐失落的友情都让莱莉无所适从，她的负面情绪逐渐累积，内心美好的世界渐次崩塌。为了保护这一切，乐乐只有行动起来……'),(169,'雨中曲','168.jpg',' 斯坦利·多南 Stanley Donen / 吉恩·凯利 Gene Kelly',' 吉恩·...',1952,'美国','喜剧 歌舞 爱情',9,'骨灰级歌舞片。',0,0,0,0,0,0,0,0,0,0,0,'在远离大都会的小山村，住着巫女世家出身的高中女孩宫水三叶（上白石萌音 配音）。校园和家庭的原因本就让她充满烦恼，而近一段时间发生的奇怪事件，又让三叶摸不清头脑。不知从何时起，三叶在梦中就会变成一个住在东京的高中男孩。那里有陌生的同学和朋友，有亲切的前辈和繁华的街道，一切都是如此诱人而真实。另一方面，住在东京的高中男孩立花泷（神木隆之介 配音）则总在梦里来到陌生的小山村，以女孩子的身份过着全新的生活。许是受那颗神秘彗星的影响，立花和三叶在梦中交换了身份。他们以他者的角度体验着对方的人生，这期间有愤怒、有欢笑也有暖心。只是两人并不知道，身份交换的背后隐藏着重大而锥心的秘密……本片为2016年度日本本土影片票房冠军。'),(170,'我是山姆','169.jpg',' 杰茜·尼尔森 Jessie Nelson',' Sean Penn / Dakota Fanning / Mi...',2001,'美国','剧情 家庭',8.9,'爱并不需要智商 。',0,0,0,0,0,0,0,0,0,0,0,'在日本侵华战争的八年间，至少20万中国妇女被迫沦为日军的性奴隶，也就是我们经常提及的“慰安妇”。在影片2014年开拍之时，中国内地仅剩22位“慰安妇”幸存者。当光阴慢慢划过，时间抚平伤口，这些经历了常人无法想象的磨难的老人们，如今又身在何处，过着怎样的生活，经历着怎样的悲喜忧乐？'),(171,'无敌破坏王','170.jpg',' 瑞奇·莫尔 Rich Moore',' 约翰·C·赖利 John C. Reilly / 萨拉...',2012,'美国','喜剧 动画 奇幻 冒险',8.7,'迪士尼和皮克斯拿错剧本的产物。',0,0,0,0,0,0,0,0,0,0,0,'无敌破坏王（约翰·C·赖利 John C. Reilly 配音）生活在一个80年代出品的低精度游戏中。他的设定身份是一个反派，每天的生活就是在游戏《快手阿修》中大搞破坏，其后由玩家操作的英雄人物快手阿修（杰克·麦克布瑞尔 Jack McBrayer 配音） 会及时赶到进行修补，赢得奖牌，包揽一切荣耀。身为反派，破坏王厌倦了自己的生活，眼看阿修被胜利者的光环围绕，自己却日复一日在无趣中过活，他终于决定改变。单纯的他以为只要自己也能得到一枚奖牌，就可以摆脱反派的身份，于是某日在游戏厅歇业后，破坏王偷偷离开了自己的游戏，前去闯荡其他电子游戏的世界。在途中，破坏王结识了来自《英雄使命》的冷酷队长（简·林奇 Jane Lynch 配音）和来自90年代糖果赛车游戏《甜蜜冲刺》的小女孩云妮（萨拉·丝沃曼 Sarah Silverman 配音）。后者梦想着能上场比赛，但其身份也不允许她梦想成真。破坏王所属的游戏《快手阿修》由于失去了他被认定为系统错误，如不尽快返回，则游戏就会被永久删除；而《甜蜜冲刺》的游戏世界则在悄悄酝酿着一场巨大的、威胁到整个游戏世界的阴谋。这也许是无敌破坏王实现梦想的机会，但也可能是一条不归路…… 他可以扭转乾坤，成为一名真正的英雄吗？'),(172,'人工智能','171.jpg',' 史蒂文·斯皮尔伯格 Steven Spielberg',' 海利·乔·奥斯蒙 Haley...',2001,'美国','冒险 剧情 科幻',8.6,'对爱的执着，可以超越一切。',0,0,0,0,0,0,0,0,0,0,0,'冰河时期降至，动物们都急着迁徙到温暖的地方及储存食物。长毛象曼弗瑞德、树獭希德、剑齿虎迪亚戈为了帮助一个人类的婴儿回到父母身边，因而也掉了动物们迁徙的队伍。三只性格各异的动物，觉得集合力量帮助婴儿。一路上，善良的曼弗瑞德总觉得迪亚戈心怀鬼胎，想吃掉婴儿，互相猜疑。他们一起经历了无数艰难险阻，终于能够真诚相对。当剑齿虎迪亚戈的同伴知道它身边正有一个婴儿，饥寒交迫的它们就想迪亚戈把婴儿交给它们当食物，迪亚戈已对可爱的小婴儿产生了感情，无法下手，而迪亚戈该如何选择呢？小婴儿又能否安全回到家中？'),(173,'你的名字。','172.jpg',' 新海诚 Makoto Shinkai',' 神木隆之介 Ry?nosuke Kamiki / 上...',2016,'日本','剧情 爱情 动画',8.4,'穿越错位的时空，仰望陨落的星辰，你没留下你的名字，我却无法忘记那句“我爱你”。',0,0,0,0,0,0,0,0,0,0,0,'在星巴克工作的山姆（西恩•潘 Sean Penn 饰），虽已成人，但智力水平只有7岁。一次偶然，他收留了一个流浪女。该女子帮山姆生下了一个女儿后消失得无影无踪。他给女儿取名叫露西（达科塔•范宁 Dakota Fanning 饰）,因为他最喜欢甲壳虫乐队的《天空中戴钻石的露西》。他非常疼爱自己的孩子。露西在山姆的细心呵护下慢慢地长大了，她发现爸爸不能看懂稍微复杂一些的故事。她在拒绝长大，希望和爸爸一样。父女两的生活是那么幸福。地区的教育官员发现了这个特殊的家庭，他们认为山姆没有能力照顾露西，于是把露西带走了。伤心极了的山姆一心要挣回露西的抚养权，于是他自以为是的去找该地区最好的律师……'),(174,'爆裂鼓手','173.jpg',' 达米恩·查泽雷 Damien Chazelle',' 迈尔斯·特勒 Miles Teller /...',2014,'美国','剧情 音乐',8.6,'这个世界从不善待努力的人，努力了也不一定会成功，但是知道自己在努力，就是活下去的动力。',0,0,0,0,0,0,0,0,0,0,0,'无声电影时代，演员的形体远远比声音重要。琳娜（简·哈根 Jean Hagen 饰）就是凭着讨好的外形，和唐（吉恩·凯利 Gene Kelly 饰）成为大受欢迎的明星搭档。然而，随着技术的发展，有声电影问世，这就难倒了声音及其难听的琳娜。无论如何训练，她都不能把台词念得漂 亮。于是，唐请来了声音甜美的凯西（黛比·雷诺斯 Debbie Reynolds 饰），让她做琳娜音乐剧幕后的配音者，令琳娜的演出声名大振。而走红的琳娜更加目中无人。唐经常与凯西、好友科斯莫（唐纳德·奥-康纳 Donald O&#x27;Connor 饰）合作无间，唐更与凯西擦出火花，两人相互倾慕。一场大雨给了唐无限的灵感。然而他如何让才艺俱佳的凯西得到应有的名誉和地位？'),(175,'穿越时空的少女','174.jpg',' 细田守 Mamoru Hosoda',' 仲里依纱 Riisa Naka / 石田卓也 Takuya...',2006,'日本','剧情 爱情 科幻 动画',8.6,'爱上未来的你。',0,0,0,0,0,0,0,0,0,0,0,'辽阔的西部草原住着一位父亲和他的三个儿子——父亲是退了休的骑兵上校，三个儿子个性鲜明：大儿子艾尔弗莱德（艾丹•奎因 Aidan Quinn  饰）忠厚老实，二儿子特里斯坦（布拉德•皮特 Brad Pitt 饰）狂放不羁，最小的儿子塞缪尔（亨瑞•托马斯Henry Thomas饰）温文尔雅。父子在大草原的生活随着塞缪尔未婚妻苏珊娜（朱莉娅•奥蒙德 Julia Ormond  饰）的到来而改变。苏珊娜年轻漂亮，给艾尔弗莱德带来了内心的震动。他暗恋她，然而苏珊娜心里却不由自主的迷恋上豪放粗犷的特里斯坦。出于道德的坚守，他们一直压抑着内心的感情。直到塞缪尔壮烈牺牲在前线，事情有了变化。特里斯坦非常爱戴哥哥，无法面对已经爱上苏珊娜的现实，于是离家出走。而苏珊娜万念俱灰，答应嫁给了艾尔弗莱德，而特里斯坦在草原之外也已结婚生子。事情好像趋于了平静，但特里斯坦妻子的亡故又令事情有了波澜。'),(176,'魂断蓝桥','175.jpg',' 茂文·勒鲁瓦 Mervyn LeRoy',' 费雯·丽 Vivien Leigh / 罗伯特·...',1940,'美国','剧情 爱情 战争',8.8,'中国式内在的美国电影。',0,0,0,0,0,0,0,0,0,0,0,'19岁少年安德鲁（迈尔斯·特勒 Miles Teller 饰）成长在单亲家庭，一心想成为顶级爵士乐鼓手。某晚他在学校练习时被魔鬼导师弗莱彻（J·K·西蒙斯 J.K. Simmons 饰）相中，进入正规乐队，同时也开始为追求完美付出代价。安德鲁越是刻苦练习，与外部世界越是隔膜。唯一理解他的是弗莱彻，但后者的暴躁与喜怒无常扭曲了这段师生关系，更让安德鲁耳濡目染，连带自身的性格亦发生变化。最后当安德鲁终于登上纽约音乐厅的舞台，他才惊恐的发现原来弗莱彻一直等着将他打入尘埃......《爆裂鼓手》讲述一名少年在严师督教下，以非常规手段挑战自己的极限、追逐爵士乐鼓手梦的热血故事。主人公热爱打鼓，但过度的投入让他失去对音乐的初衷，进而演变为生命的负荷以及师徒间近乎疯魔的对决。电影不只有音乐人的苦痛，更让人看到传统励志背后的残酷真相。 《爆裂鼓手》获得第30届圣丹斯电影节最高荣誉评审团奖。'),(177,'猜火车','176.jpg',' 丹尼·博伊尔 Danny Boyle',' 伊万·麦克格雷格 Ewan McGregor / ...',1996,'英国','剧情 犯罪',8.5,'不可猜的青春迷笛。',0,0,0,0,0,0,0,0,0,0,0,'当红三人少女偶像团体Charming Bird面临解散，核心成员雾越未麻在事务所的安排下不得不退出团体，转型成为一名电视剧演员。万事开头难，对于偶像歌手转型而来的未麻尤其如此，她在工作中承受着压力，闷闷不乐。与此同时，各种恐吓信不断、经纪人田所先生遇袭以及以自己的口吻在网站上写日记的神秘人都让未麻焦虑不已，恍惚间她甚至看到另一个自己。未麻的苦恼无人知晓，贪婪的田所甚至同意剧组的剧本，要求未麻出演一场尺度极大的强暴戏。这次演出成为未麻演艺事业的转折点，她的出镜率开始攀升，甚至还拍摄了裸露的写真。与此相对，电视剧编剧涩谷和曾给未麻拍下裸照摄影师村野接连遇害。未麻的生活变得混乱不堪，真相究竟如何？本片荣获1997年亚洲奇幻电影节最佳亚洲影片。'),(178,'未麻的部屋','177.jpg',' 今敏 Satoshi Kon',' 岩男润子 Junko Iwao / 松本梨香 Rica Matsu...',1997,'日本','动画 奇幻 惊悚',8.9,'好的剧本是，就算你猜到了结局也猜不到全部。',0,0,0,0,0,0,0,0,0,0,0,'21世纪中期，由于温室效应，南北极冰川融化，地球上很多城市被淹没。此时，人类科技已经高度发达，人工智能机器人就是人类发明出来用以应对恶劣自然环境的科技手段之一，而且，机器人制造技术已经高度发达，先进的机器人不但拥有可以乱真的人类外表，还能感知自身的存在。莫妮卡的儿子马丁重病住院，生命危在旦夕，为了缓解伤痛的心情，她领养了机器人小孩大卫（海利•乔•奥斯蒙特 饰），大卫的生存使命就是爱她。马丁苏醒，恢复健康，回到了家里，一系列的事情使大卫“失宠”，最后被莫妮卡抛弃。在躲过机器屠宰场的残酷追杀后，大卫在机器情人乔（裘德•洛 饰）的帮助下，开始寻找自己的生存价值：渴望变成真正的小孩，重新回到莫妮卡妈妈的身边。谁也不知道他能否完成自己的心愿，脱胎换骨成为真正的人，等待他们的只是凶吉难料的旅程……'),(179,'模仿游戏','178.jpg',' 莫滕·泰杜姆 Morten Tyldum',' 本尼迪克特·康伯巴奇 Benedict C...',2014,'英国 美国','剧情 传记 战争 同性',8.6,'他给机器起名“克里斯托弗”，因为这是他初恋的名字。',0,0,0,0,0,0,0,0,0,0,0,'二战期间，盟军苦于德国的秘密系统”英格玛“无法破译，政府召集了一批民间数学家、逻辑学家进行秘密破解工作，图灵（本尼迪克特·康伯巴奇 Benedict Cumberbatch 饰）就是其中之一。计划刚开始图灵遭到了以休（马修·古迪 Matthew Goode）为首的组员和领导的排斥，幸好军情处部长孟席斯（马克·斯特朗 Mark Strong 饰）帮助他立项研究破译密码的机器，而图灵则变成了负责人，招收了新的成员琼（凯拉·奈特莉 Keira Knightley）开始了艰难的工作。琼很快就迷上了图灵，由于她的帮助所有组员空前的团结，并于两年后成功破解德军的密码。图灵一度与琼订婚，但实际上他隐瞒了一个秘密，因为这个秘密他也遭受了非人的待遇……本片改编自安德鲁·霍奇斯编著的《艾伦·图灵传》，上映后获得了第87届奥斯卡最佳改编剧本奖。'),(180,'一个叫欧维的男人决定去死','179.jpg',' 汉内斯·赫尔姆 Hannes Holm',' 罗夫·拉斯加德 Rolf Lassg?rd...',2015,'瑞典','剧情',8.8,'惠及一生的美丽。',0,0,0,0,0,0,0,0,0,0,0,'欧维（罗夫·拉斯加德 Rolf Lassgård 饰）是一个刻板而又固执的老头，他的妻子半年前死于疾病，留他一人生活在这个混乱不堪的世界之中。每天早晨，欧维都会定时在社区里进行巡视，确认所有的车辆都停在应停的位置，呵斥违反规定私自驶入社区的车辆，赶走四处乱转破坏环境的猫狗，在社区居民眼里，欧维是“来自地狱的恶邻”，可每个人都明白，这其实是欧维对于社区爱之深刻的表现。某一日，欧维遭到了上司的解雇，离开了恪守了几十年的工作岗位，心灰意冷对现世了无牵挂的欧维决定自杀。然而，就在这个节骨眼上，一位名为帕维娜（巴哈·帕斯 Bahar Pars 饰）的女子和丈夫带着两个孩子搬到了欧维的隔壁，成为了欧维自杀计划的绊脚石。'),(181,'三块广告牌','180.jpg',' 马丁·麦克唐纳 Martin McDonagh',' 弗兰西斯·麦克多蒙德 France...',2017,'美国 英国','剧情 犯罪',8.7,'N/A',0,0,0,0,0,0,0,0,0,0,0,'17岁少女绀野真琴是一个活泼跳脱的少女。在一次普通值日工作中，真琴不小心摔倒了，自此她发现自己拥有了穿越时空的能力。她兴奋不已，掌握了穿越时空的方法后，她经常用这个方法去解决生活中许多令她困扰十分的事。喜欢棒球的真琴与同班的两名男生千昭与功介有着共同爱好。一天，与她本是好朋友的千昭突然向她表达爱意，手足无措了她再次穿越时空希望可以躲避这件事的发生。但没想到，千昭会跟同学友梨在一起了，而友梨也是一直喜欢千昭的。此时，暗恋功介的果穗误以为真琴是功介的女友。为了帮忙解决朋友的问题，真琴不断以同样的方法回到过去。她突然发现自己手臂上的数字原来是穿越时空的次数，次数变得越来越少，与此同时她也发现了千昭的秘密……'),(182,'罗生门','181.jpg',' 黑泽明 Akira Kurosawa',' 三船敏郎 Toshir? Mifune / 千秋实 ...',1950,'日本','犯罪 剧情 悬疑',8.7,'人生的N种可能性。',0,0,0,0,0,0,0,0,0,0,0,'第一次世界大战期间，回国度假的陆军中尉罗伊（罗伯特·泰勒）在滑铁卢桥上邂逅了舞蹈演员玛拉（费雯·丽），两人彼此倾心，爱情迅速升温。就在两人决定结婚之时，罗伊应招回营地，两人被迫分离。由于错过剧团演出，玛拉被开除，只能和好友相依为命。不久玛拉得知罗伊阵亡的消息，几欲崩溃，备受打击。失去爱情的玛拉感到一切都失去了意义，为了生存，她和好友不得不沦为妓女。然而命运弄人，就在此时玛拉竟然再次遇到了罗伊。虽然为罗伊的生还兴奋不已，玛拉却因自己的失身陷入痛苦之中。感到一切难以挽回的玛拉潸然离开，独自来到两人最初相遇的地点——滑铁卢桥上…'),(183,'房间','182.jpg',' 伦尼·阿伯拉罕森 Lenny Abrahamson',' 布丽·拉尔森 Brie Larson...',2015,'爱尔兰 加拿大 英国 美国','剧情 家庭',8.8,'被偷走的岁月，被伤害的生命，被禁锢的灵魂，终将被希望和善意救赎。',0,0,0,0,0,0,0,0,0,0,0,'女孩乔伊（布丽·拉尔森 Brie Larson 饰）被一个叫“老尼克”的男人拐骗，之后被他囚禁在其房子后院的棚屋里长达七年之久。在此期间她遭到强奸，并生下儿子杰克（雅各布·特伦布莱 Jacob Tremblay 饰）。靠着老尼克时不时的物资补给，母子二人艰难度日。尽管如此，母亲还是竭尽所能，为儿子杰克创造了一个安全而开心的成长空间。这个狭小逼仄的房间，成了杰克生活成长的神奇小天地。在杰克度过了他的五岁生日后，母亲决定告诉他真相，在这个小小的房间外面，有着更广阔的世界。他们开始策划逃跑计划，决心要逃出这个囚禁他们的房间……本片根据艾玛·唐纳修的同名小说改编。'),(184,'完美陌生人','183.jpg',' 保罗·格诺维瑟 Paolo Genovese',' 马可·贾利尼 Marco Giallini ...',2016,'意大利','剧情 喜剧',8.5,'来啊，互相伤害啊！',0,0,0,0,0,0,0,0,0,0,0,'1923年，日本秋田县大馆市天降大雪，近藤家纯种秋田犬产仔，赠与县土木科长间濑。后者将其中一犬转赠东京帝国大学教授上野秀次郎（仲代达矢 Tatsuya Nakadai 饰）驯养。上野的独生女千鹤子对此欢欣鼓舞，而上野夫妇却面露难色。后来，千鹤子（石野真子 Mako Ishino饰）谈恋爱，竟怀了男友的孩子。男友专程登门造访。上野与之对谈，后者诚惶诚恐，坦言要对其女儿负责，事不宜迟，即日便举行婚礼，上野闻听此言，转怒为喜。千鹤子出嫁后，上野旋即把全部的心血与爱都投注在幼犬身上，并取名为阿八。每日上下班，阿八必在涩谷车站等候，一年四季，风雨无阻，令路人叹为观止，成为地方一道风景，主仆之情感动天地……本片根据真实事件改编，为1987年日本票房冠军，票房成绩高达54亿日元。'),(185,'忠犬八公物语','184.jpg',' Seijir? K?yama',' 山本圭 Kei Yamamoto / 井川比佐志 Hisa...',1987,'日本','剧情',9.1,'养狗三日，便会对你终其一生。',0,0,0,0,0,0,0,0,0,0,0,'苏格兰爱丁堡，雷登（伊万·麦克格雷格 Ewan McGregor 饰）、土豆（艾文·布莱纳 Ewen Bremner 饰）和病仔（约翰尼·李·米勒 Jonny Lee Miller 饰）三个青年过着混沌糜烂的生活，他们吸毒、滥交、诈骗无所不作，而在如此肆无忌惮挥霍青春的过程中，毒品成为一切万恶之源。雷登对之亦爱亦恨，试图戒毒却最终重蹈覆辙。在一次纵情狂欢后，他们三个不知谁和少女爱丽森（Susan Vidler 饰）所生的婴儿死去。以此为开端，噩梦真正降临。土豆抢劫时锒铛入狱，雷登吸食毒品过量被送往医院抢救，后被强制戒毒。恐怖的幻觉和心底生气的恐惧迫使他不得不和毒品一刀两断。看似美好的新生活，但往日狐朋狗友贝格比（罗伯特·卡莱尔 Robert Carlyle 饰）等找上门来，再度给他带来无限的烦恼……本片根据欧文·威尔士（Irvine Welsh）的同名小说改编，'),(186,'恐怖游轮','185.jpg',' 克里斯托弗·史密斯 Christopher Smith',' 梅利莎·乔治 Melissa ...',2009,'英国 澳大利亚','剧情 悬疑 惊悚',8.4,'不要企图在重复中寻找已经失去的爱。',0,0,0,0,0,0,0,0,0,0,0,'琪琪今年13岁了，按照魔法界的规矩，魔法少女年满13岁就要出外进行为期一年的修行。所以琪琪带着宠物黑猫吉吉踏上了修行之旅。然而，修行之旅开始得并不顺利，当琪琪来到海边一座大城市时，人们并没有欢迎她的到来，人人都不搭理她。幸亏琪琪有一颗善良的心，当她拾到了一件别人的失物时，热心的琪琪找到了失主。她的善良赢得了面包店老板娘的好感，琪琪就在面包店开始了她用飞行魔法为客人服务的快递业务。琪琪很快适应了新环境，一次，一个热衷于飞机制造的男孩邀请琪琪去参加飞行俱乐部的聚会，途中琪琪因为帮一位老大娘送东西而被雨淋了。从此，琪琪突然发现自己的魔法正在一天天变弱。'),(187,'阿飞正传','186.jpg',' 王家卫 Kar Wai Wong',' 张国荣 Leslie Cheung / 张曼玉 Maggie C...',1990,'香港','犯罪 剧情 爱情',8.5,'王家卫是一种风格，张国荣是一个代表。',0,0,0,0,0,0,0,0,0,0,0,'单亲母亲杰西（梅利莎·乔治 饰）和一帮朋友乘游艇出海游玩，但她总有一种有不好的事情发生的感觉。不久，他们便在海上遭遇一场强烈的风暴。游艇翻船，众人落海，几经挣扎他们好不容易爬到游艇残骸上来。正当他们无计可施之时，一艘巨大的游轮向众人缓缓驶来。众人欣喜过望，未加思索便登上这艘名为“艾俄洛斯”的游轮，结果发现这竟是一艘1930年便告失踪的神秘之船，而船上更是空无一人。随处可见的鲜血、神秘的指示以及突如其来的凶杀事件，将这群男女带入万劫不复的恐怖轮回之中……'),(188,'魔女宅急便','187.jpg',' 宫崎骏 Hayao Miyazaki',' 高山南 Minami Takayama / 佐久间玲 Re...',1989,'日本','动画 奇幻 冒险',8.5,'宫崎骏的电影总让人感觉世界是美好的，阳光明媚的。',0,0,0,0,0,0,0,0,0,0,0,'罗生门，日本京都的正南门。云游和尚、砍柴人和乞丐在城门底下避雨，三人闲聊，话题开始，故事的序幕拉开：一个武士和他妻子路过荒山，遭遇了不测。妻子被侮辱，而武士惨遭杀害。惨案如何酿成？凶手、妻子、借武士亡魂来做证的女巫，都各有说法。真相只得一个，但是各人提供证词的目的却各有不同。为了美化自己的道德，减轻自己的罪恶，掩饰自己的过失，人人都开始叙述一个美化自己的故事版本。荒山上的惨案，成了一团拨不开看不清的迷雾。谈论完毕，雨过天晴。砍柴人在罗生门旁发现一个哭泣的弃婴。他决定收养下来，抱着婴孩往夕阳深处走去。'),(189,'香水','188.jpg',' 汤姆·提克威 Tom Tykwer',' 本·卫肖 Ben Whishaw / 艾伦·瑞克...',2006,'德国 法国 西班牙 美国','剧情 犯罪 奇幻',8.5,'一个单凭体香达到高潮的男人。',0,0,0,0,0,0,0,0,0,0,0,'三对处于各个婚姻阶段的伴侣和一个宅男，七人聚在一起吃晚餐。女主人提议下拍板决定当夜所有人分享每一个电话、每一条短信、邮件的内容,由此许多秘密开始不再是秘密，他们之间的关系也开始发生波动。无数疮痍在这场“坦白局”中被揭开，复杂的男女情感让所有人陷入困局，什么是婚姻感情中最不可触碰的底线？众人遭遇是难言的禁忌还是隐藏的真心，月食过后，谎言能否继续？'),(190,'浪潮','189.jpg',' 丹尼斯·甘塞尔 Dennis Gansel',' 尤尔根·沃格尔 Jürgen Vogel ...',2008,'德国','剧情 惊悚',8.7,'世界离独裁只有五天。',0,0,0,0,0,0,0,0,0,0,0,'商末时期，陈塘关总兵李靖的夫人怀胎3年6个月，最终生下一个肉球，肉球中跳出一个伶俐可爱的男孩。李靖原当他是妖孽欲杀之而后快，幸太乙真人前来收之为徒，赐名哪吒，并赐以乾坤圈和混天绫两件宝贝。某年，天下大旱，甘露未降。哪吒和家将到东海洗澡玩耍。他用混天绫搅动海水，撼动龙宫，惹出巡海夜叉李艮和龙王三太子敖丙。几番言语不和，哪吒杀此二人，由此闯下通天大祸。四海龙王齐聚陈塘关索命，为救一方百姓，哪吒决定交出生命……本片根据《封神演义》故事改编，并荣获1980年电影百花奖最佳美术片奖；文化部1979年优秀影片奖、青年优秀创作奖；1983年菲律宾马尼拉国际电影节特别奖；1988年法国布尔波拉斯文化俱乐部青年国际动画电影节评委奖和宽银幕长动画片奖。'),(191,'朗读者','190.jpg',' 史蒂芬·戴德利 Stephen Daldry',' 凯特·温丝莱特 Kate Winslet ...',2008,'美国 德国','剧情 爱情',8.5,'当爱情跨越年龄的界限，它似乎能变得更久远一点，成为一种责任，一种水到渠成的相濡以沫。',0,0,0,0,0,0,0,0,0,0,0,'1960年代的香港，因生母在阿飞旭仔（张国荣）长大成人过程中的缺失，他把自己优雅地比喻为“无根鸟”，对生命中遇到的每一个女人都表现得放荡不羁，售票员苏丽珍（张曼玉）和舞女咪咪（刘嘉玲）先后令他感受过温暖，可是她们也只能当当小情人。为摆脱沉重和无力感，旭仔抛下一切去南洋找寻生母。暗恋过苏丽珍且目睹过她与旭仔情感一路变化的，曾是小巡警今在跑船的超仔（刘德华）在菲律宾又遇到旭仔，是缘分也是宿命，他参与、见证了阿飞命运被改写的过程。'),(192,'哪吒闹海','191.jpg',' 严定宪 Dingxian Yan / 王树忱 Shuchen Wang',' 梁正晖 Zhenghui ...',1979,'中国大陆','冒险 动画 奇幻',8.9,'想你时你在闹海。',0,0,0,0,0,0,0,0,0,0,0,'临海古都镰仓，顺山而成的小镇，不起眼的角落里生活着香田家四姐妹。她们的父亲早年和情人离家出走，母亲则干脆将女儿们抛给了外婆照顾。外婆去世后，外孙女们继承了这栋有着悠久历史的大房子。过早担负起家庭重任的大姐香田幸（绫濑遥 饰），尽心尽力照顾着两个妹妹佳乃（长泽雅美 饰）、千佳（夏帆 饰）健康成长。这一天，父亲去世的消息传到姐妹手中。她们结伴而行参加了父亲的葬礼，并且结识了从未谋面的异母妹妹浅野铃（广濑丝丝 饰）。许是血缘中的亲近之感，幸在临行前邀请铃搬来镰仓同住。未过多久，抱着对姐姐们的憧憬，铃迈入了父亲曾经生活过的房子。四季流转，姐妹们的故事悄然上演……本片根据吉田秋生的同名漫画改编。'),(193,'可可西里','192.jpg',' 陆川 Chuan Lu',' 多布杰 Duobujie / 张磊 Lei Zhang / 亓亮 Qi L...',2004,'中国大陆 香港','剧情 犯罪',8.7,'坚硬的信仰。',0,0,0,0,0,0,0,0,0,0,0,'第二集中，尼奥（基努·里维斯 Keanu Reeves 饰）没有能从内部摧毁“母体”，他的身体在真实世界的飞船上陷于昏迷，思想却被困在介于“母体”和真实世界的中间地带，这个地方由“火车人”控制。墨菲斯（劳伦斯·菲什伯恩 Laurence Fishburne 饰）和崔妮蒂（凯瑞-安·莫斯 Carrie-Anne Moss 饰）等人知道了尼奥的情况，在守护天使的带领下， 找到了“火车人”的控制者梅罗纹奇，经过一番激斗，将尼奥救了出来。此时，电子乌贼部队对锡安发起了猛烈的攻击，人类组织所有机甲战士展开顽强的抵抗，形势危在旦夕；尼奥和崔妮蒂驾驶了一艘飞船克服重重困难，到达机器城市，尼奥终于见到了机器世界的统治者“机器大帝”，双方谈判并达成了协议：尼奥除掉不受“母体”控制的史密斯，以换取锡安的和平。在“母体”中，尼奥和史密斯展开了关系人类生死存亡的最后决斗。'),(194,'黑客帝国3：矩阵革命','193.jpg',' Andy Wachowski / Larry Wachowski',' 基努·里维斯 Keanu Reeves...',2003,'美国 澳大利亚','动作 科幻',8.6,'不得不说，《黑客帝国》系列是商业片与科幻、哲学完美结合的典范。',0,0,0,0,0,0,0,0,0,0,0,'十八世纪，让-马普蒂斯特•格雷诺耶（本•韦肖 Ben Whishaw 饰）出生在巴黎最肮脏、最恶臭不堪的地方——鱼市场上。格雷诺耶天生对气味有着惊人的天赋：无论恶臭还芳香，他都一一记住，并能轻易分辨各种气味。当他在孤儿院长到13岁的时候，被院长卖给了制皮匠。格雷诺耶在制皮铺过着犬马不如的生活。机缘巧合，格雷诺耶在香水巴尔蒂尼面前展露了其过人的天赋，进入了香水铺工作。但格雷诺耶并不仅仅满足于制作出世界上最芳香的香水，他梦想学得如何保存万物气味的方法。巴尔蒂尼告诉格雷诺耶香水的起源地在格拉斯，那里的人知道保存气味的方法。格雷诺耶拿着巴尔蒂尼的推荐信来到了格拉斯。格雷诺耶爱上了青春少女的体香，为了把这种香味保存下来，格雷诺耶最终走上了杀手的道路。'),(195,'海街日记','194.jpg',' 是枝裕和 Hirokazu Koreeda',' 绫濑遥 Haruka Ayase / 长泽雅美 M...',2015,'日本','剧情 家庭',8.7,'是枝裕和的家庭习作。',0,0,0,0,0,0,0,0,0,0,0,'15岁的少年米夏·伯格（大卫·克劳斯 David Kross 饰）偶遇36岁的中年神秘女列车售票员汉娜（凯特·温丝莱特 Kate Winslet 饰），后来两个发展出一段秘密的情人关系。汉娜最喜欢躺在米夏怀里听米夏为他读书，她总是沉浸在那朗朗的读书声中。年轻的米夏沉溺于这种关系不能自拔的同时，却发现他自己根本不了解汉娜。忽然有一天，这个神秘女人不告而别，米夏在短暂的迷惑和悲伤之后，开始了新的生活。二战虽然结束了，但德国对于纳粹战犯的审判还在继续。成为法律学校的实习生的米夏，在一次旁听对纳粹战犯的审判过程中，竟然发现一个熟悉的身影。虽然已经事隔8年，但米夏还是一眼便认出那就是消失8年的汉娜。而这一次，她坐上了纳粹战犯审判法庭的被告席，这个神秘女人的往事在案件的审理过程中逐渐清晰。然而，米夏却发现了一个汉娜宁愿搭上性命也要隐藏秘密。汉娜最终被判终身监禁，而此时米夏（拉尔夫·费因斯 Ralph Fiennes 饰）与汉娜的故事还在继续……在2009年初的第81届奥斯卡上，该片共获包括最佳女主角在内的5项提名，最终温丝莱特凭借该片折冠当年奥斯卡影后。'),(196,'战争之王','195.jpg',' 安德鲁·尼科尔 Andrew Niccol',' 尼古拉斯·凯奇 Nicolas Cage /...',2005,'美国 法国','剧情 犯罪',8.6,'做一颗让别人需要你的棋子。',0,0,0,0,0,0,0,0,0,0,0,'赖纳•文格尔（Jürgen Vogel 饰）是德国某所高中的老师，该学校正在进行“国家体制”的主题活动周。由于他最喜欢的“无政府主义”课被另一位老师捷足先登，因此他只能主讲“独裁统治”课程。对于自由散漫的学生们来说，任何课程都只是为了学分而上。他们在课上大声聊天，无心听讲。文格尔别出心裁提出假想“独裁”的实验。在为期一周的实验中，文格尔被置于至高无上的地位，学生们对他要绝对服从。从最初的玩乐心态，这些青年男女渐渐沉湎这个名为“浪潮”的组织中，他们体会到集体和纪律的重要性，却在不知不觉中滑向了“独裁”与“纳粹”的深渊……本片根据真实事件改编，并荣获2008年德国电影杰出剧情片和最佳男配角奖（Frederick Lau）。'),(197,'谍影重重','196.jpg',' 道格·里曼 Doug Liman',' 马特·达蒙 Matt Damon / 弗兰卡·波坦...',2002,'美国 德国 捷克','动作 悬疑 惊悚',8.5,'哗啦啦啦啦，天在下雨，哗啦啦啦啦，云在哭泣……找自己。',0,0,0,0,0,0,0,0,0,0,0,'尕玉（张磊 饰）本来是个警察，为了调查藏羚羊猎杀状况，他假扮记者身份，随考察团来到可可西里——那里气候寒冷、空气稀薄，含氧量极低。就在这个人类生存的“禁区”，尕玉目睹了一幕幕人性的贪婪以及人类与环境的狂暴冲突。首先是藏羚羊保护站的巡山队员被盗猎人枪杀，接下来他们见到了悲惨的一幕：盗猎者逃走，只留下众多只剩嶙峋白骨的藏羚羊。巡山队员在恶劣的环境中追捕凶手，最终只夺回了一部份的藏羚羊皮毛。一方面要与恶劣的自然环境抗争、另一方面还要与凶残的盗猎者周旋，巡山队员和尕玉面临着生死考验。'),(198,'谍影重重2','197.jpg',' 保罗·格林格拉斯 Paul Greengrass',' 马特·达蒙 Matt Damon / ...',2004,'美国 德国','动作 悬疑 惊悚',8.6,'谁说王家卫镜头很晃？',0,0,0,0,0,0,0,0,0,0,0,'经过上一集的腥风血雨之后，伯恩（马特·达蒙 饰）和女朋友玛丽（弗兰卡·泼坦特 饰）隐居在印度偏僻的海边小镇，想忘记以前的生活。一天，神秘组织的杀手来到小镇，打破了伯恩二人世界的宁静，女友玛丽在逃亡途中被枪杀。为了查出真相，伯恩重新开始战斗，他发现以前工作的中情局开始重新寻找他，自己被卷入了一场刺杀活动中，被人诬陷破坏了中情局的一次情报交易，杀害特工。伯恩别无选择，他只能找到冒充自己的人，才能洗刷清白，为女友报仇。'),(199,'牯岭街少年杀人事件','198.jpg',' 杨德昌 Edward Yang',' 张震 Chen Chang / 杨静怡 Lisa Yang / 张...',1991,'台湾','剧情 犯罪',8.8,'弱者送给弱者的一刀。',0,0,0,0,0,0,0,0,0,0,0,'天庭有珍奇书籍“天书”，被锁在石龛门里三千年。看守天书的袁公对天书的内容好奇不已，他乘无人之际，偷偷拿出观看。原来，天书上记录了一百〇八条法术，袁公偷偷下凡，把天书上的内容刻在石壁上。但本意造福人类的袁公此举却触犯了天条，遭到了玉帝的惩罚。炼丹炉里的仙丹不慎被三条狐狸偷吃了，她们变成精下凡骗人钱财，还假扮仙姑和官府勾结，欺压百姓，祸害人间。袁公便指引天赋异禀的蛋生——一个从蛋里跳出来的孩子修习天书上的法术，和狐狸精斗智斗勇，为民除害。'),(200,'地球上的星星','199.jpg',' 阿米尔·汗 Aamir Khan&nbsp;&nbsp;&nbsp;',' 达席尔·萨法瑞 Darsheel Safary / 阿...',2007,'印度','剧情 儿童 家庭',8.9,'天使保护事件始末。',0,0,0,0,0,0,0,0,0,0,0,'杰森·伯恩（马特·达蒙 饰）在意大利被人从海上救起，他失去了记忆，除了臀部的瑞士银行帐号之外，他完全没有办法证明自己的身份。杰森从瑞士银行找到了大量的现金，六本护照，一把枪，同时他发现自己格斗、枪械、和语言等方面的能力，他开始追查自己的身份，并且把陌生女子玛丽（弗兰卡·泼坦特 饰）也卷了进来。两人从瑞士到巴黎，一路上受到神秘杀手组织的追杀，危机重重。杰森能否化险为夷，找到自己的真实身份？他是否有勇气面对真相？'),(201,'一次别离','200.jpg',' 阿斯哈·法哈蒂  Asghar Farhadi',' 佩曼·莫阿迪 Peyman Moadi /...',2011,'伊朗 法国','剧情 家庭',8.7,'只有有信仰的人才能说出事实真相。',0,0,0,0,0,0,0,0,0,0,0,'结识小明（杨静怡）前，小四（张震）是典型的乖仔，是父母的希望和兄妹的骄傲（一家人指望他考上名牌大学将来提升全家的社会地位），他有一个喜欢摇滚乐的自称“小猫王（王启赞）”的好友，两人虽会去树林看人幽会，但过的是与周围诸多在“小公园”混的少年人完全两样的生活。喜欢上小明后，小四便像跌进一个无底深渊，开始被外界的各种力量牵着鼻子走。新识仰慕对象honey（林鸿铭）猝死，一向敬重的父亲的自尊与精神因为某次事件严重受损，加上将一次次“欺骗玩弄”他感情的小明“看透”，血气方刚又有很强道德感的小四终于走上犯罪的道路，期望用自己的刀结束事件的根源。但小四不知的是，他眼中的根源只是这条食物链中微不足道的一环。'),(202,'追随','201.jpg',' 克里斯托弗·诺兰 Christopher Nolan',' 杰里米·西奥伯德 Jeremy...',1998,'英国','犯罪 悬疑 惊悚',8.9,'诺兰的牛逼来源于内心散发出的恐惧。',0,0,0,0,0,0,0,0,0,0,0,'本来美国移民尤瑞（尼古拉斯•凯奇 Nicolas Cage 饰）的家族生意是开饭馆。但是一个偶然的机会令他踏入了军火生意的大门，从此开始了贩卖武器的“职业生涯”。尤瑞遇事机智，胆大心细，这不仅让他成功俘获了美女埃娃的心，还使得他在地下军火生意中愈战愈勇。但是，不顺心的事情也随之而来：出现了生意上的死对头和一名老是盯着他的国际警察；弟弟染上毒瘾，并在一单生意交易中丧了命，而且，尽管他在竭力维护自己在家庭里的正义形象，但却掩盖不了真相。尤瑞开始反省自己生意的正义性，拷问自己的良心，但一切太迟，他已经众叛亲离……'),(203,'青蛇','202.jpg',' 徐克 Hark Tsui',' 张曼玉 Maggie Cheung / 王祖贤 Joey Wang / ...',1993,'香港','剧情 爱情 奇幻 古装',8.5,'人生如此，浮生如斯。谁人言，花彼岸，此生情长意短。谁都是不懂爱的罢了。',0,0,0,0,0,0,0,0,0,0,0,'对于8岁的男孩伊夏（达席尔·萨法瑞 Darsheel Safary 饰）来说，世界是充满了惊奇和快乐的万花筒，他正在用一切他能够想到的方式和这个陌生的世界进行着交流，同时也充分的享受着大地万物慷慨的赠与。可是，这样的伊夏却是成年人眼中的问题儿童，他的成绩不好，在班上的排名靠后， 脑子里还充满了各种匪夷所思的鬼点子，在又一次闯下大祸后，忍无可忍的父母将他送往了寄宿学校。虽然伊夏的新生活并没有什么改变，但在内心里，和父母分离的生活让他感到闷闷不乐，这时，一位名叫尼克（阿米尔·汗 Aamir Khan 饰）的美术老师走进了他的生活。和以往所见到的固守成规的老师不同，尼克主张让学生们保留自己的个性和思想，自由的发展。在和尼克相处的日子里，伊夏和尼克都慢慢的成熟了起来。'),(204,'惊魂记','203.jpg',' Alfred Hitchcock',' Janet Leigh / Anthony Perkins / Vera Miles...',1960,'美国','悬疑 惊悚 恐怖',8.9,'故事的反转与反转，分裂电影的始祖。',0,0,0,0,0,0,0,0,0,0,0,'Marion（珍妮特·利 Janet Leigh 饰）在亚利桑那州凤凰城上班，每天中午都急匆匆地与男友幽会，然而男友却因为推说没钱给前妻赡养费而迟迟不肯离婚。这天Marion要替老板存进4万美元进银行，一时冲动之下她决定携款潜逃。沿途她换车后又遇下雨，身心备受煎熬的她见 到路边有一家贝兹汽车旅馆，便决定留下过夜。贝兹汽车旅馆的老板Norman（安东尼·博金斯 Anthony Perkins 饰）是个个性良善的青年，只是面对房间中的母亲十分敬畏。Marion只想赶紧度过今晚，然而在她淋浴时被恐怖杀害。Marion的妹妹Lila（维拉·迈尔斯 Vera Miles 饰）一路追踪失踪的姐姐过来，也住进了贝兹汽车旅馆，私家侦探Milton则帮助Lila将目标锁定在Norman身上。一切都似乎与Norman的母亲有关，那控制着儿子的母亲，到底是何方神圣？'),(205,'终结者2：审判日','204.jpg',' 詹姆斯·卡梅隆 James Cameron',' 阿诺·施瓦辛格 Arnold Schwarz...',1991,'美国 法国','动作 科幻',8.6,'少见的超越首部的续集，动作片中的经典。',0,0,0,0,0,0,0,0,0,0,0,'南宋是一个人妖难分的时期，法海和尚（赵文卓 饰）到处收服妖精，也扰乱了在西湖底修炼的白青二蛇。青（张曼玉 饰）曾获白（王祖贤 饰）相救，二者便以姐妹相称。姐妹俩受惑佯装成人生活在民间，白更嫁于老实书生许仙，青也同时看上了许仙，便常常以媚态勾引许仙，无奈许仙只深爱白一个。白开设了药店，以为可以自此过上安定的生活，可许仙却受不了青的百般挑逗，更发现了青白二蛇的真实身份，可他却不舍得离开家中的天姿国色。法海得知了青白二蛇的下落，更抓走了许仙。原来白为了爱情放弃修成正果，更怀有了身孕。为了救回丈夫，二蛇与法海展开了搏斗……'),(206,'撞车','205.jpg',' 保罗·哈吉斯 Paul Haggis',' 桑德拉·布洛克 Sandra Bullock / ...',2004,'美国 德国','犯罪 剧情',8.6,'天使与魔鬼的冲撞。',0,0,0,0,0,0,0,0,0,0,0,'重庆一间工艺品厂已经濒临倒闭，却不料在拆倒旧厂房的时候，发现了厕所里的一件宝物——一块价值连城的翡翠。厂里决定用这块翡翠举办一个展览，赚些钱发拖欠了几个月的工人工资。期间由工艺品厂保卫科长包世宏（郭涛 饰）负责看守这件宝物。但是，国际大盗麦克与本地一帮小偷却让包世宏一筹莫展，他们各施其技接近翡翠，展览馆开始了一场明争暗斗的较量。黑色幽默也开始幕幕上演。翡翠的价值几何？最后谁是胜出者？事情远没有表面那么简单……'),(207,'疯狂的石头','206.jpg',' 宁浩 Hao Ning',' 郭涛 Tao Guo / 刘桦 Hua Liu / 连晋 Teddy Lin...',2006,'中国大陆 香港','喜剧 犯罪',8.4,'中国版《两杆大烟枪》。',0,0,0,0,0,0,0,0,0,0,0,'初中生小水相貌平平，家境一般，所以在学校里并不受重视。但是她心地善良，又有一群死党，日子过得倒也开心。某天，她遇见了帅气的学长阿亮（马里奥·毛瑞尔 Mario Maurer 饰），春心萌动，无 法遏制。她喜欢看他踢足球，看他拍照，如痴如狂。上英语课时，她不停地给死党传纸条 表达对阿亮的爱慕。然而，英语老师则指出她除了英语一无是处。回到家，叔叔从美国捎来了父亲的消息，说如果她能考全校第一，就可以去美国。于是，她按下决心要努力加油。某天，小水等人在买饮料时，碰到篮球队员蛮横插队。阿亮挺身而出，为她们教训了对方，并挨了校长的责骂。小水也第一次听说，阿亮的父亲因为射失点球而退役的事情，理解了他心中的隐痛。由于舞蹈队是给美女准备的，所以小水等一干姐妹准备在话剧社大展身手，没想到学长也来到这个社团。两人还扮演王子公主，他们的恋情会由此展开么？……'),(208,'源代码','207.jpg',' 邓肯·琼斯 Duncan Jones',' 杰克·吉伦哈尔 Jake Gyllenhaal / ...',2011,'美国 加拿大','科幻 悬疑 惊悚',8.4,'邓肯·琼斯继《月球》之后再度奉献出一部精彩绝伦的科幻佳作。',0,0,0,0,0,0,0,0,0,0,0,'上一部中，超级电脑“天网”阻止人类抵抗领袖约翰·康纳诞生的行动失败，时隔13年后，在“审判日”到来之前，“天网”派出了更加先进的生化机器人T-1000（罗伯特·帕特里克 饰）从公元2029年回到洛杉矶追杀已经长大的约翰，与此同时，约翰也派出了机器人T-800（阿诺· 施瓦辛格 饰）回去保护年幼的自己。此时，萨拉·康纳（琳达·汉密尔顿 饰）因为怪异的言行而住进了精神疗养院，约翰则和养父母住在一起，行为叛逆。T-800找到他们，在逃避T-1000追杀过程中，获得了二人的信任。为了改变未来的历史，挽救人类的命运，萨拉、约翰和T-800 Model 101找到了“天网”之父，迈尔斯·戴森（乔·莫顿 饰），说服他销毁一切有关“天网”的资料，此时，警察和T-1000同时赶来，他们陷入了多方争斗中。'),(209,'小萝莉的猴神大叔','208.jpg',' 卡比尔·汗 Kabir Khan',' 萨尔曼·汗 Salman Khan / 哈莎莉·马...',2015,'印度','剧情 喜剧 动作',8.5,'宝莱坞的萝莉与大叔。',0,0,0,0,0,0,0,0,0,0,0,'在阿富汗执行任务的美国空军飞行员科特史蒂文斯上尉（杰克·吉伦哈尔 Jake Gyllenhaal 饰）突然惊醒，发现自己在一辆高速行驶的列车上，而他的身边坐着一个素不相识的女子克里斯蒂安（米歇尔·莫娜汉 Michelle Monaghan 饰）正在与自己讲话。科尔不知自己为什么会在这辆车上，而且他发现自己居然是以另一个人的身份存在，正当他迷惑不解的时候，列车上忽然发生爆炸……科特又一次惊醒，发现自己身处一个密闭的太空仓里，有一位女军官古德温（维拉·法米加 Vera Farmiga 饰）正在通过视频和自己对话，并要求自己报告列车上发生的事情。一头雾水的科特还没搞明白是怎么回事时，他又一次被送上那辆列车。这次之后，科特终于明白自己在执行一件任务，负责调察芝加哥火车爆炸案找到恐怖份子并查出他的下一个目标。科特被一次又一次的送上那辆高速列车，每次只有八分钟的时间调察，调察过程中，科特发现自己已在一周前去世，原来他正在参与是一项“脑波原代码”的秘密任务，这项任务通过已经死亡的科特尚未完全死亡的脑细胞影像来还原事件，调查事情的真相。最终，科特顺利完成了任务，但是他却决定再一次返回列车，拯救列车上那些无辜的生命……'),(210,'再次出发之纽约遇见你','209.jpg',' 约翰·卡尼 John Carney',' 凯拉·奈特莉 Keira Knightley / 马克...',2013,'美国','喜剧 爱情 音乐',8.5,'爱我就给我看你的播放列表。',0,0,0,0,0,0,0,0,0,0,0,'纳德（佩曼•莫阿迪 Peyman Moadi 饰）与西敏（蕾拉•哈塔米 Leila Hatami 饰）是一对夫妻，他们的女儿叫特梅（萨日娜•法哈蒂 Sarina Farhadi 饰）。西敏希望一家三口移居国外，但是纳德坚决反对，原因是纳德的父亲患有老年痴呆症需要照顾。两人为此对薄公堂，准备离婚，但是法院驳回了她的请求。西敏赌气回了娘家。西敏走后，纳德分身乏术，聘请了一位护工瑞茨（萨瑞•巴亚特 Sareh Bayat 饰）照顾父亲。但是，父亲如厕问题始终困扰瑞茨，依《古兰经》教义，她感到禁忌重重。瑞茨的女儿陪伴在她左右，也令她分神。几个回合下来，纳德某次回家发现，父亲被绑在床上，出离愤怒的他推倒了瑞茨。没想到怀孕的瑞茨竟然流产，瑞茨丈夫怒不可遏将纳德告上了法庭，他们各执一词，然而真相却出人意料……本片在61届柏林电影节获金熊奖、最佳女演员和最佳男演员银熊奖。'),(211,'步履不停','210.jpg',' 是枝裕和 Hirokazu Koreeda',' 阿部宽 Hiroshi Abe / 夏川结衣 Yu...',2008,'日本','剧情 家庭',8.8,'日本的家庭电影已经是世界巅峰了，步履不停是巅峰中的佳作。',0,0,0,0,0,0,0,0,0,0,0,'“人生路上步履不停，为何总是慢一拍”。位于偏远小镇的横山一家，生活平静祥和。父亲恭平（原田芳雄 饰）是业已退休的医生，却时时牵挂小镇诊所内的事务。长子纯平继承了父亲的事业，却在15年前为救落水儿童而溺水身亡。次子良多（阿部宽 饰）与父亲意见相左，执意前往异地当起了绘画修复师。多年的打拼换来的却是失业，困顿的良多与带着孩子的由香里（夏川结衣 饰）结婚，相互扶持，继续生活。又逢纯平的忌日，良多和姐姐千奈美（YOU 饰）带着家人分别赶回家中。平静的横山家再次热闹起来……本片荣获2009年蓝丝带最佳导演奖和最佳女配角奖（树木希林）、2008年报知电影和2009年电影旬报最佳女配角（树木希林）、2009年每日电影奖最佳男主角（阿部宽）、2008年马塔布拉塔国际电影节评审团大奖和最佳影片。'),(212,'新龙门客栈','211.jpg',' 李惠民 Raymond Lee',' 张曼玉 Maggie Cheung / 林青霞 Brigitte ...',1992,'香港 中国大陆','动作 爱情 武侠 古装',8.5,'嬉笑怒骂，调风动月。',0,0,0,0,0,0,0,0,0,0,0,'比尔（杰里米•希尔伯德 Jeremy Theobald 饰）是个游手好闲的作家，借跟踪陌生人打发时间。这让他体验到形形色色的人生，很神秘，也很刺激。不过，有一次，比尔盯上了一个西服革履的家伙克布（艾利克斯•浩尔 Alex Haw 饰）。尾随到餐厅之后，他却被对方识破，只得摊牌。克布是个贩卖盗版光碟的商贩，此外还做拧门撬锁的勾当。克布带着比尔潜入了陌生人家中，但比尔发现克布根本不取财物，而是寻找主人蓄意掩盖的隐私。同时，克布还提醒比尔要注意仪表。后来，比尔认识了一个神秘的金发女人（露西•拉塞尔 Lucy Russell 饰）。在酒吧，比尔主动与她调情，但是对方冷若冰霜。原来她是黑社会大佬的女人，但是不可遏制的激情让比尔失去了理智，从而堕入了万劫不复的深渊……'),(213,'初恋这件小事','212.jpg',' 普特鹏·普罗萨卡·那·萨克那卡林 Puttipong Promsaka Na Sakolnakorn / 华森·波克彭',' ...',2010,'泰国','剧情 喜剧 爱情',8.3,'黑小鸭速效美白记。',0,0,0,0,0,0,0,0,0,0,0,'电影讲述了一个拥有虔诚宗教信仰的单纯印度男人帮助巴基斯坦哑女与父母重聚的故事。印度教教徒帕万（萨尔曼·汗 饰）在一次机缘巧合下结识了与母亲走失并有语言障碍的穆斯林小女孩沙希达（哈尔莎莉·马尔霍特 饰）。在得知沙希达是巴基斯坦人后，帕万决定帮助她回家，可在回巴基斯坦途中却四处碰壁，遭遇领事馆冲突、被旅游局欺骗之后，帕万立志将不惜一切代价尽其所能带沙希达回到自己的家乡与家人团聚。'),(214,'梦之安魂曲','213.jpg',' 达伦·阿伦诺夫斯基 Darren Aronofsky',' 艾伦·伯斯汀 Ellen Bur...',2000,'美国','剧情',8.7,'一场没有春天的噩梦。',0,0,0,0,0,0,0,0,0,0,0,'宦官专权的明朝中叶，东厂曹少钦（甄子丹）假造圣旨杀害了忠良杨宇轩，并想斩草除根杀死其后代。侠女邱莫言（林青霞）、江湖义士贺虎等人冒死救出忠良后代后，逃至边关沙漠里的龙门客栈，与杨宇轩部下周淮安（梁家辉）会合。龙门客栈实则黑店，老板娘金镶玉（张曼玉）利用乱世，以美貌和风骚 作诱饵杀人越货聚敛钱财，但她却为英俊潇洒的周淮安动了真心。为了摸清潜藏于龙门客栈中的出关暗道，周淮安将计就计，答应与金镶玉成亲。洞房花烛夜，楼上的周淮安与金镶玉各怀心事暗中较劲，楼下的邱莫言、贺虎等人也与东厂一众“走狗”展开了明争暗斗，战事一触即发。'),(215,'东京物语','214.jpg',' 小津安二郎 Yasujir? Ozu',' 笠智众 Chish? Ry? / 原节...',1953,'日本','剧情 家庭',9.2,'东京那么大，如果有一天走失了，恐怕一辈子不能再相见。',0,0,0,0,0,0,0,0,0,0,0,'格雷塔（凯拉·奈特莉 Keira Knightley 饰）抛弃了一切跟随着男友戴夫（亚当·李维 Adam Levine 饰）来到美国纽约实现他们的音乐和爱情梦想，没想到曾经幻想过的美好一切化作泡影，在获得了更好的工作机会后，戴夫果断抛弃了格雷塔，留下她一人苦苦在底层挣扎。丹（马克·鲁法洛 Mark Ruffalo 饰）最近的生活也不好过，他发现自己无法从思念前妻马瑞安（凯瑟琳·基纳 Catherine Keener 饰）的感情中走出来，与此同时，他的女儿维奥莱特（海莉·斯坦菲尔德 Hailee Steinfeld 饰）正处于一生中最叛逆的阶段。丹和格雷塔，命运让这失意的两人于一间小小的酒吧里相遇了，等待着他们的，会是怎样充满波折而又浪漫满满的故事呢？'),(216,'爱在午夜降临前','215.jpg',' 理查德·林克莱特 Richard Linklater',' 伊桑·霍克 Ethan Hawke ...',2013,'美国 希腊','剧情 爱情',8.8,'所谓爱情，就是话唠一路，都不会心生腻烦，彼此嫌弃。',0,0,0,0,0,0,0,0,0,0,0,'被影迷奉为爱情圭臬的《爱在黎明破晓前》、《爱在日落黄昏时》终于迎来了第三部《爱在午夜降临前》。第一部中美国青年杰西（伊桑·霍克 Ethan Hawke 饰）坐火车邂逅法国女孩赛琳（朱莉·德尔佩 Julie Delpy 饰），两人在维也纳度过难忘一晚；9年后的第二部，杰西已成 为作家，他的小说让他和赛琳在巴黎重逢，两人于日落前再续前缘。如今又一个9年过去了，杰西与赛琳已经一起生活并有了一对双胞胎女儿，对人生和爱情也有了更多感悟。《爱在午夜降临前》就是撷取他们在希腊伯罗奔尼撒南部小岛度假的最后一天。导演理查德·林克莱特和两位主演就像与影迷在赴一个每9年的约会，尽管三部曲的制作跨度长达18年，但故事情节几乎可以写在一张纸的背面。电影惯于只用人与人的对话讲述故事，两位主人公或行走在静谧的村落，或悠然坐在露台和餐桌前，不断的讨论着文学、爱情、生活、两性等话题。然而与前两部不同的是，随着他们终于走到一起，爱情的浪漫也开始被生活的日常琐碎和彼此相处的实用性取代，吵架拌嘴也随之而来。如何在“婚姻”的面纱下维持爱情？电影将18年的感情铺开，再徐徐化解那些小小的怨念，呈现爱情最真实动人一面。'),(217,'无耻混蛋','216.jpg',' Quentin Tarantino',' 布拉德·皮特 Brad Pitt / 梅拉尼·罗兰 M...',2009,'美国 德国','剧情 犯罪',8.5,'昆汀同学越来越变态了，比北野武还杜琪峰。',0,0,0,0,0,0,0,0,0,0,0,'一个黑人电视导演和他的妻子，莫名其妙地因为莫须有的违章驾驶受到了白人警察的侮辱；看似该受到谴责的警察却在最危急关头挽救了那名曾遭他侮辱的黑人妇女；老实巴交的波斯商店店主，却差点谋杀了有着刺青的墨西哥修锁匠(迈克尔•佩纳Michael Pena饰)；地区检察官（布兰登•费舍尔Brendan Fraser 饰）和他的妻子（桑德拉•布洛克Sandra Bullock饰）被抢吉普车后只能把怨气发泄到无辜的修锁匠身上；黑人警察（唐•钱德尔 Don Cheadle 饰）在承受着上司的威胁和焦急地寻找自己的弟弟。这一切看似无关的琐事，却在36小时内以一种出人意料的方式绞缠在一起，在这个以暴力，性，金钱闻名的多民族、多文化聚集的大城市—洛杉矶街头一幕幕上演……'),(218,'城市之光','217.jpg',' Charles Chaplin',' 查理·卓别林 Charles Chaplin / 弗吉尼亚·...',1931,'美国','喜剧 剧情 爱情',9.3,'永远的小人物，伟大的卓别林。',0,0,0,0,0,0,0,0,0,0,0,'故事分五章进行。二战中德占法国，德军上校汉斯（克里斯托弗·瓦尔兹 Christoph Waltz 饰）号称“犹太猎人”，在一次屠犹行动中，少女苏珊娜（梅勒尼·劳伦特 Mélanie Laurent 饰）侥幸逃脱。与此同时，八名美国犹太士兵在中尉奥尔多（布拉德·皮特 饰） 的带领下潜入德占法国刺杀德国军人，其行动神出鬼没，手法残忍，对德军造成相当威胁，被称为“杂种”。三年后苏珊娜来到巴黎继承了姑母的电影院，结识了德国战斗英雄，电影《国家荣耀》的主演弗里德里克（丹尼尔·布鲁赫 Daniel Brühl 饰）。对苏珊娜一见钟情的弗里德里克说服德国宣传部长约瑟夫·戈培尔（西尔维斯特·格洛斯 Sylvester Groth 饰）在苏珊娜的影院首映《国家荣耀》，希特勒（马丁·乌特克 Martin Wuttke 饰）本人也将出席。苏珊娜决定借放映之机烧毁影院；而在德国间谍女演员布里奇特（戴安娜·克鲁格 Diane Kruger饰）的安排下，英美联合的刺杀行动“奇诺”也将在首映当晚行动……本片被提名2009年戛纳电影节金棕榈奖，获第82届奥斯卡最佳导演、最佳影片等七项提名，并荣获奥斯卡最佳男配角奖（Christoph Waltz）及戛纳电影节最佳男演员奖。'),(220,'绿里奇迹','219.jpg',' Frank Darabont',' 汤姆·汉克斯 Tom Hanks / 大卫·摩斯 David M...',1999,'美国','犯罪 剧情 奇幻 悬疑',8.7,'天使暂时离开。',0,0,0,0,0,0,0,0,0,0,0,'他是一个流浪汉（查理·卓别林 Charles Chaplin 饰），身无分文，遇上了双目失明的卖花女，却不忍袖手旁观。他想尽办法去凑够费用，供卖花女治病。一天，他搭救了一个富翁，富翁当晚和他称兄道弟，第二天却翻脸不认人。本来打算向他求助的主意行不通了。流浪汉去参加拳击比 赛，以图获得奖金，却输得一败涂地。谁知这时重遇富翁，二人不计前嫌，富翁答应出钱资助卖花女。在交给流浪汉1000元后，富翁遭到偷袭，身上剩下的钱被强盗抢走。流浪汉奋不顾身去追赶，却因为误会被警察押回警局坐牢。另一方面，流浪女凭借流浪汉的资助重获光明，开了一家体面的花店。'),(221,'彗星来的那一夜','220.jpg',' 詹姆斯·沃德·布柯特 James Ward Byrkit',' 艾米丽·芭尔多尼 Em...',2013,'美国 英国','科幻 悬疑 惊悚',8.5,'小成本大魅力。',0,0,0,0,0,0,0,0,0,0,0,'儿女们都大了，各自成家。父亲周吉（笠智众饰）和老伴（东山千荣子饰）要去东京看望他们，老两口带着愉快心情上路。可另一边，还没等他们到大儿子家，孙子就因为爷爷奶奶到来腾地方哭闹不停。老人开始觉得尴尬，大儿子幸一（山村聪饰）在东京当医生，二女儿繁（杉村春子饰）在东京开美容店，二儿媳纪子（原节子饰），小女儿京子（香川京子饰）外，大阪还有三子敬三。东京让老人陌生，在儿女家也好不到哪去。大儿子工作繁忙，没时间带他们出去玩。搬到女儿家，依旧每日困守且有矛盾。老两口渐渐也明白儿女们的处境，他们在东京的老友也过得不好。只有守寡的儿媳纪子对老人很是孝顺。之后老人踏上回家的路，前后不过十天……'),(222,'这个男人来自地球','221.jpg',' 理查德·沙因克曼 Richard Schenkman',' 大卫·李·史密斯 David ...',2007,'美国','剧情 科幻',8.5,'科幻真正的魅力不是视觉效果能取代的。',0,0,0,0,0,0,0,0,0,0,0,'1940年代的上海，自小受尽欺辱的街头混混阿星（周星驰）为了能出人头地，可谓窥见机会的缝隙就往里钻，今次他盯上行动日益猖獗的黑道势力“斧头帮”，想借之大名成就大业。阿星假冒“斧头帮”成员试图在一个叫“猪笼城寨”的地方对居民敲诈，不想引来真的“斧头帮”与“猪笼城寨”居民的恩怨。“猪笼城寨”原是藏龙卧虎之处，居民中有许多身怀绝技者（元华、梁小龙等），他们隐藏于此本是为远离江湖恩怨，不想麻烦自动上身，躲都躲不及。而在观战正邪两派的斗争中，阿星逐渐领悟功夫的真谛。'),(223,'E.T. 外星人','222.jpg',' Steven Spielberg',' Henry Thomas / Dee Wallace / Robert MacNa...',1982,'美国','剧情 科幻',8.5,'生病的E.T.皮肤的颜色就像柿子饼。',0,0,0,0,0,0,0,0,0,0,0,'在一个静得有些诡异阴森的夜晚，年轻女子艾米丽（艾米丽·芭尔多尼 Emily Baldoni 饰）驱车来到朋友家参加聚会。此前她一边开车一边和男友打电话，然而通话突然中断，她的手机屏也莫名其妙出现裂痕。这一事件让艾米丽的心中升起隐隐不安，因为当晚一颗彗星刚好接近地球，一个 很久之前听过的传说使她对彗星的到来有着不祥的预感。稍后，朋友们落座，大家彼此交谈，叙说近况，虽然言语中有着许多莫名其妙、蹊跷反常的线索，然而均被一带而过。突然间，灯光尽灭。当光明重新来临时，众人发现附近只有一户人家还在亮灯，而亮灯人家里坐着的竟是……本片荣获2014年阿姆斯特丹奇幻电影节黑郁金香奖。'),(224,'末路狂花','223.jpg',' 雷德利·斯科特 Ridley Scott',' 吉娜·戴维斯 Geena Davis / 苏...',1991,'美国 法国','犯罪 剧情 惊悚',8.7,'没有了退路，只好飞向自由。',0,0,0,0,0,0,0,0,0,0,0,'狱监保罗（汤姆•汉克斯 Tom Hanks 饰）这天迎来了一位不平凡的杀人犯――约翰•考夫利（迈克•克拉克•邓肯 Michael Clarke Duncan 饰）。约翰因杀了两名幼女被判死刑来到了这座著名的冷山监狱，监狱里有一片称为“绿里”的绿地，绿地那头就是刑场。约翰不仅不像想象中的凶残，相反，他出奇的温厚、机智。约翰的到来给狱中的各人带来了天翻地覆的变化：为老囚犯特里沃的小老鼠注入了生命的强度，给特里沃最后的人生带来最后的慰籍；神奇的拯救了被病痛折磨的保罗和马琳达；将金保斯从死神手中拉了回来……保罗这些天也从约翰身上看到了人生的真谛。约翰行刑的那天终于到了。'),(225,'海蒂和爷爷','224.jpg',' 阿兰·葛斯彭纳 Alain Gsponer&nbsp;&nbsp;&nbsp;',' 阿努克·斯特芬 Anuk Steffen /...',2015,'德国 瑞士 南非',';剧情 冒险 家庭',9.1,'N/A',0,0,0,0,0,0,0,0,0,0,0,'九十年代非洲塞拉利昂，连连战火使这片土地饱受摧残，非法钻石贸易日益猖獗。阿彻（莱昂纳多•迪卡普里奥 饰）是一个地道的战争贩子，靠倒卖战区钻石为生，他在监狱中无意得知渔夫所罗门手里有极品粉钻。意识到这是自己离开非洲的机会，出狱后，他找到所罗门，准备和他一起找出钻石，离开非洲。所罗门是普通的渔民，因为内战和家人分离，被叛军强制开采钻石，他发现一颗极品粉钻，藏了起来；战乱来临，所罗门进了监狱，后被阿彻救出，并在战地记者麦迪•鲍文(珍妮弗•康纳利 饰)的帮助下，找到了失散的家人，此时，他的儿子迪亚却被叛军带走，生死未卜。悲愤的所罗门答应和阿彻合作，在叛军的控制范围内寻找钻石，并寻找儿子。两个截然不同的人，因为一颗血钻将命运联系在了一起。'),(226,'血钻','225.jpg',' 爱德华·兹威克 Edward Zwick',' 莱昂纳多·迪卡普里奥 Leonardo ...',2006,'美国 德国','剧情 惊悚 冒险',8.6,'每个美丽事物背后都是滴血的现实。',0,0,0,0,0,0,0,0,0,0,0,'这部影片是库布里克花了四年时间制作的充满哲学命题的鸿篇巨制。一块大黑石树立在史前人类的面前，他们刚刚开始认识工具，进入到进化的里程碑。同样的黑石还在宇宙多处出现，它们矗立在月球上，漂浮在太空中，带着某种神秘的寓意。现在的时间是2001年，为了寻找黑石的根源，人类开展一项木星登陆计划。飞船上有冬眠的三名宇航员，大卫船长（凯尔·杜拉 Keir Dullea饰）、富兰克飞行员（加里·洛克伍德 Gary Lockwood饰），还有一部叫“HAL9000”的高智能电脑。HAL在宇宙飞行过程中发生错乱，令到富兰克和三名冬眠人员相继丧命，剩下波曼和这台电脑作战。从死亡线上回来的大卫一气之下关掉主脑系统，HAL彻底失效。现在，茫茫宇宙中只剩大卫一人，向木星进发。穿越瑰异壮观的星门，大卫仿佛去到一个奇特的时空，那里有人类无尽的生死轮回和宇宙的终极知识……'),(227,'勇闯夺命岛','226.jpg',' 迈克尔·贝 Michael Bay',' 肖恩·康纳利 Sean Connery / 尼古拉...',1996,'美国','动作 冒险',8.6,'类型片的极致。',0,0,0,0,0,0,0,0,0,0,0,'奥吉（雅各布·特瑞布雷 Jacob Tremblay 饰）是一个10岁的男孩，除了头戴一个巨大的太空头盔外，他和其他的同年龄孩子别无二致。头盔下隐藏了奥吉因为各种手术而伤痕累累的脸庞，它不仅完美的隐藏起了奥吉脆弱自卑的内心，也成功的防止了奥吉的模样吓到别的孩子。奥吉没有上过学，他的所有文化知识都是母亲伊莎贝尔（朱莉娅·罗伯茨 Julia Roberts 饰）在家教授给他的。然而，伊莎贝尔渐渐感觉到，家庭课堂无法满足奥吉的成长需要，除了学习知识，奥吉还必须学会的，是如何同除了家人以外的人交流。在忧虑重重之中，伊莎贝尔将奥吉送入了一间公立学校里，在那里，奥吉面临的是他人生中必须要战胜的挑战。'),(228,'变脸','227.jpg',' 吴宇森 John Woo',' 约翰·特拉沃尔塔 John Travolta / 尼古拉斯...',1997,'美国','动作 科幻 犯罪 惊悚',8.4,'当发哥的风衣、墨镜出现在了凯奇身上??',0,0,0,0,0,0,0,0,0,0,0,'“聚焦”是波士顿环球报的一个专栏，罗比·罗宾森（迈克尔·基顿饰）是&quot;聚焦&quot;栏目的编辑，栏目拥有一个独立的调查小组，组员包括萨夏·菲弗（瑞秋·麦克亚当斯饰），迈克尔（马克·鲁弗洛饰），马特·卡罗尔（布莱恩·达西·詹姆斯饰）。当马蒂·巴伦（列维·施瑞博尔饰）接替了环球报的总编辑一职，他开始指派罗宾森和他的团队，紧跟一桩被雪藏已久的案件，一个天主教牧师性骚扰教区里的孩子。虽然最开始他们以为这只是个小任务，但很快他们就发现，其背后还隐藏一系列事件，涉及了上百名受害者，而教会已经私下赔偿了受害者，并派人掩盖了这些罪行。随着调查的越发深入，他们发现这一阴谋的更多证据，不仅仅是神职人员，就在波士顿以外，甚至全世界，都在上演着这种暴行。罗宾森和他的团队遭遇到了当地官员们的掣肘。教会内的，教会外的势力都在向他们施压，想让他们放弃这个案件。'),(229,'聚焦','228.jpg',' 托马斯·麦卡锡 Thomas McCarthy',' 马克·鲁弗洛 Mark Ruffalo /...',2015,'美国','剧情 传记',8.8,'新闻人的理性求真。',0,0,0,0,0,0,0,0,0,0,0,'一个普通男人的秘密在他的辞职事件中开始显示出端倪。历史教授约翰奥德曼（David Lee Smith饰）说自己身上有一个让大家都匪夷所思的秘密，而为了保守这个秘密他不能在一个地方超过十年。他的朋友们试图去发掘他的故事中的秘密，这一举动让约翰非常生气，而他的朋友却发现约翰的故事是无法被否定也无法查证的，究竟约翰身上有着怎样的秘密？一幕幕碎片联系起来，带给我们一个意料之外的故事高潮。'),(230,'秒速5厘米','229.jpg',' 新海诚 Makoto Shinkai',' 水桥研二 Kenji Mizuhashi / 近藤好美 ...',2007,'日本','动画 剧情 爱情',8.3,'青春就是放弃和怀念。',0,0,0,0,0,0,0,0,0,0,0,'小埃利奥特（亨利托马斯）发现一个意外走失的小外星人，他悄悄的收留了小外星人，并把他介绍给自己的哥哥和妹妹。孩子们与外星人友好的相处，给他吃巧克力，带他去郊外寻找家人留下的痕迹，并为小外星人的种种特异功能兴奋不已。渐渐的埃利奥特与外星人之间形成了某种奇妙的联系，跨越了言语沟通的障碍。可是不久，外星人的存在被大人们知晓，无情的追捕行动展开了。ET被抓进实验室，小埃利奥特也一病不起。孩子们愤怒了，他们自发组织起来，营救外星人。埃利奥特也在心灵的感召下苏醒过来，加入营救行动。他们能成功么？'),(231,'发条橙','230.jpg',' Stanley Kubrick',' Malcolm McDowell / Patrick Magee / Michael...',1971,'英国 美国','犯罪 剧情 科幻',8.5,'我完全康复了。',0,0,0,0,0,0,0,0,0,0,0,'该片被认为是向男权社会发出抗争的女性主义电影代表作。生活在沉闷与琐碎家务中的家庭主妇赛尔玛（Geena Davis）与在某间咖啡厅做女侍应生的闺中密友路易丝（Susan Sarandon）对平凡的生活与工作产生厌倦后，结伴一起外出旅游散心。路上，在某家酒吧外的停车厂， 赛尔玛险遭无名男子强暴，幸好路易丝及时赶到，拔枪将该男子射杀。惊慌失措的两人掉头逃亡，自此踏上不归路，过程中两人性格均有了很重大的改变。'),(232,'黄金三镖客','231.jpg',' Sergio Leone',' Clint Eastwood / Eli Wallach / Lee Van Cleef...',1966,'意大利 西班牙 西德','冒险 西部',9.1,'最棒的西部片。',0,0,0,0,0,0,0,0,0,0,0,'阿利斯（马尔科姆•麦克道尔）是一位无恶不作的少年，他的特殊喜好是边听贝多芬的交响曲边奸淫女性，某次他进入一所别墅抢劫一番后，打残了该别墅的主人——一名小说家，并用特殊喜好蹂躏了其妻子。后来因为杀了一名单身女子，阿利斯入狱并接受了特殊的人格治疗，出狱后，他对淫乐之事产生彻底的厌倦。但当阿利斯回到家时，周围人群没改变对他的旧看法，在种种歧视的重压下，他跑到郊外一所别墅想喘口气，不想这所别墅正是他以前抢劫过的小说家的那所。而作为反政府组织首领的该小说家为了达到某种目的，软禁了阿利斯。当这件事暴露小说家被捕时，其手下为了对抗政府，扬言要把阿利斯恢复原来的性情，完全不理一旁的阿利斯大叫“我完全好了”。'),(233,'2001太空漫游','232.jpg',' 斯坦利·库布里克 Stanley Kubrick',' 凯尔·杜拉 Keir Dullea / ...',1968,'英国 美国','科幻 惊悚 冒险',8.7,'现代科幻电影的开山之作，最伟大导演的最伟大影片。',0,0,0,0,0,0,0,0,0,0,0,'凯斯特（尼古拉斯•凯奇 Nicolas Cage 饰）是一个恐怖分子，他本想杀死探员西恩（约翰•特拉沃塔 John Travolta 饰），却误杀了西恩的儿子，西恩更与凯斯特结下不共戴天之仇。在逮捕凯斯特归案之后，他以为可以划上句号，却得知凯斯特已经把一枚毒气炸弹投放在某个人群密集的角落。为了查出炸弹地点，西恩决定利用整形手术，将昏迷中的凯斯特的脸换在自己身上，去假扮凯斯特身份套出他弟弟说出真相。这件事属于FBI高度机密，只有寥寥几人知情。凯斯特醒来，此时他有着西恩的面相。于是他决定将计就计，将知情人杀掉之后，他就变成了西恩……'),(234,'卡萨布兰卡','233.jpg',' 迈克尔·柯蒂兹 Michael Curtiz',' 亨弗莱·鲍嘉 Humphrey Bogart...',1942,'美国','剧情 爱情 战争',8.6,'世界上有那么多女人那么多酒馆，但她偏偏走进我的这家。',0,0,0,0,0,0,0,0,0,0,0,'美国海军陆战队法兰（艾德•哈里斯 Ed Harris 饰）将军因不满政府对退伍、战死军人及其家属的补偿和福利不满，率领部下将美军最新研制的生化武器――VX毒气弹――偷运到罗克岛，劫持了81名正在该岛观光的游客，控制了该岛。要挟美国政府48小时内支付1亿元赎金否则将杀死人质并用毒气弹袭击旧金山。罗克岛之前曾是美国防卫最严密的监狱，易守难攻。美国政府偶然从档案中发现前英国特工梅森（肖恩•康纳利 Sean Connery 饰）曾顺利从该监狱出逃，于是他们请来了梅森，要求他30小时之内带领特种部队攻占这座“魔鬼岛”……'),(235,'非常嫌疑犯','234.jpg',' 布莱恩·辛格 Bryan Singer',' 史蒂芬·鲍德温 Stephen Baldwin /...',1995,'德国 美国','剧情 犯罪 悬疑 惊悚',8.6,'我不信仰上帝，但我敬畏上帝。',0,0,0,0,0,0,0,0,0,0,0,'1992年，连年的部落战争令东非国家索马里山河破败，民不聊生，由此引发的大饥荒更造成三十万人死亡。掌控首都摩加迪休的独裁者默罕默德•法拉•艾迪德抢走国际组织的救援物资，此举引起世人公愤。丧心病狂的艾迪德向国际维和组织宣战，美国方面派出160名特种部队成员前往摩加迪休以推翻艾迪德政权。这群满腔热血的战士信心十足，然而却因情报搜集不足而使战事陷入胶着状态。在一次追捕艾迪德政权两大高官的行动中，特种部队受到索马里民兵的顽强抵抗。双方在市中心展开激烈对峙，美军一架黑鹰直升机受到攻击坠落市区，机组人员危在旦夕。为了营救同伴，一小队特种部队士兵深入虎穴。在接下来的15小时里，他们经历了人间最难以想象的修罗场……'),(236,'黑鹰坠落','235.jpg',' 雷德利·斯科特 Ridley Scott',' 乔什·哈奈特 Josh Hartnett / ...',2001,'美国','动作 历史 战争',8.6,'还原真实而残酷的战争。',0,0,0,0,0,0,0,0,0,0,0,'未来世界，水资源短缺引发了连绵的战争。人们相互厮杀，争夺有限的资源，地球变成了血腥十足的杀戮死战场。面容恐怖的不死乔在戈壁山谷建立了难以撼动的强大武装王国，他手下的战郎驾驶装备尖端武器的战车四下抢掠，杀伐无度，甚至将自己的孩子打造成战争机器。在最近一次行动中，不死乔的得力战将弗瑞奥萨（查理兹·塞隆 Charlize Theron 饰）带着生育者们叛逃，这令不死乔恼羞成怒，发誓要追回生育者。经历了激烈的追逐战和摧毁力极强的沙尘暴，弗瑞奥萨和作为血主的麦克斯（汤姆·哈迪 Tom Hardy 饰）被迫上路，而身后不仅有不死乔的追兵，还有汽油镇、子弹农场的重兵追逐。末世战争，全面爆发……'),(237,'国王的演讲','236.jpg',' 汤姆·霍珀 Tom Hooper',' 柯林·菲尔斯 Colin Firth / 杰弗里·...',2010,'英国 澳大利亚 美国','剧情 传记 历史',8.3,'皇上无话儿。',0,0,0,0,0,0,0,0,0,0,0,'故事发生在美国南北战争时期。图科（埃里•瓦拉赫 Eli Wallach 饰）是一个图财害命的江洋大盗，因此他被镇上悬赏通缉。布兰迪（克林特•伊斯特伍德 Clint Eastwood  饰）是一个除暴安良的牛仔，他无意中抓住了图科，但嫌赏金不够又掳走了他。在荒漠中，布兰迪惩罚图科让其自生自灭。但是诡诈的图科居然逃过了一劫，并纠集一些帮凶在客栈捉住了布兰迪。正当图科以牙还牙折磨布兰迪的时候，他劫持了一个名叫卡森的士兵。后者临死前留下了宝藏的秘密，图科和布兰迪分别获得了一半信息。与此同时，一个狡猾的杀手桑坦萨（李•范•克里夫 Lee Van Cleef 饰）也通过其他渠道发现了宝藏的秘密。于是，在寻宝的道路上，三个人使出浑身解数，上演了一场场对决的好戏……'),(238,'我爱你','237.jpg',' 秋昌民 Chang-min Choo',' 宋在河 Jae-ho Song / 李顺载 Soon-jae...',2011,'韩国','剧情 爱情',9,'你要相信，这世上真的有爱存在，不管在什么年纪',0,0,0,0,0,0,0,0,0,0,0,'如果，樱花掉落的速度是每秒5厘米，那么两颗心需要多久才能靠近？少年时，贵树（水橋研二配）和明理（近藤好美配）是形影不离的好朋友，可很快，一道巨大的鸿沟便横亘在两人中间：明理转学，贵树也随着父母工作的调动搬到遥远的鹿儿岛。在搬家前，贵树乘坐新干线千里迢迢和明理相会，在漫长的等待后，茫茫大雪中，两人在枯萎的樱花树下深情相拥，并献出彼此的first kiss，约定着下一次再一起来看樱花。时光荏苒，两人竟再没见过，虽然在人海中一直搜寻彼此的身影，但似乎总是徒然。再后来，他们分别有了各自的生活，只是还偶尔会梦到13岁时的这段青涩而美好的感情，才明白当年怎么也说不出口的那个字就是爱。'),(239,'美国丽人','238.jpg',' 萨姆·门德斯 Sam Mendes',' 凯文·史派西 Kevin Spacey / 安妮特...',1999,'美国','剧情 爱情 家庭',8.5,'每个人的内心都是深不可测的大海。',0,0,0,0,0,0,0,0,0,0,0,'约克郡公爵（柯林·菲尔斯 Colin Firth 饰）因患口吃，无法在公众面前发表演讲，这令他接连在大型仪式上丢丑。贤惠妻子伊丽莎白（海伦娜·邦汉·卡特 Helena Bonham Carter 饰）为了帮助丈夫，到处寻访名医，但是传统的方法总不奏效。一次偶然的机会，她慕名来到了语言治疗师莱纳尔罗格（杰弗里·拉什 Geoffrey Rush 饰）的宅邸，传说他的方式与众不同。虽然公爵对罗格稀奇古怪的招法并不感兴趣，首次诊疗也不欢而散。但是，公爵发现在聆听音乐时自己朗读莎翁竟然十分流利。这让他开始信任罗格，配合治疗，慢慢克服着心理的障碍。乔治五世驾崩，爱德华八世继承王位，却为了迎娶寡妇辛普森夫人不惜退位。艾伯特临危受命，成为了乔治六世。他面临的最大挑战就是如何在二战前发表鼓舞人心的演讲……'),(240,'千钧一发','239.jpg',' 安德鲁·尼科尔 Andrew Niccol',' 伊桑·霍克 Ethan Hawke / 乌玛...',1997,'美国','剧情 科幻 惊悚',8.7,'一部能引人思考的科幻励志片。',0,0,0,0,0,0,0,0,0,0,0,'飘雪的坡道上，送牛奶的老头子金万皙（李顺载 饰）邂逅了收废品的老太太宋怡芬（尹秀晶 饰）。他们的前半生各自背负着艰辛的人生：万皙年轻时我行我素，直到妻子病逝才深觉愧疚；怡芬被心爱的男人抛弃在城市角落，孩子夭折后至老未嫁。两位老人在每天凌晨寂静的街道上相遇，孤独而苦难的生活令他们渐渐靠近。在万皙孙女妍儿（宋智孝 饰）的穿针引线下，如初恋般的悸动萌发在了彼此心中。万皙的朋友、停车场管理员张军峰（宋在河 饰）一直耐心的看护着患有老年痴呆症的老伴。直到有一天，军峰得知老伴已患绝症。目睹她一次次痛苦病发，心如刀绞的军峰做出了悲伤的决定……影片改编自韩国著名网络漫画家姜草的同名作品，已公演的同名舞台剧亦受到好评。'),(241,'碧海蓝天','240.jpg',' Luc Besson',' 让-马克·巴尔 Jean-Marc Barr / 让·雷诺 Jean Re...',1988,'法国 美国 意大利','剧情 爱情',8.7,'在那片深蓝中，感受来自大海的忧伤寂寞与美丽自由。',0,0,0,0,0,0,0,0,0,0,0,'美国加州的圣佩雷罗港一艘货轮爆炸，死亡27人，9000万美元失踪。事故发生以后，联邦调查局探员白基奇在医院等待昏迷不醒的幸存者；海关特派员大卫（查兹•帕明特里 饰）则对另外一名拿到特赦令的幸存者金特（凯文•史派西 饰）进行了审问。金特供认，在事故中丧生的基顿（加布里埃尔•伯恩 饰）、法特（本尼西奥•德托罗 饰）、麦曼诺（斯蒂芬•鲍尔文 饰）和杜学尼（凯文•波拉克 饰），以及他本人，六个月前被警察局作为卡车抢劫案的疑犯带到警局过了一夜，五人因此结成了一个犯罪团伙，狼狈为奸，狠捞了好几笔。好景不长，某天，律师小林（皮特•波斯尔思韦特 饰）找到他们，让他们替神秘头目凯撒•苏尔烧掉货轮上的毒品。法特第一个退出，随即遭到杀害，剩下四人不得不接受了这个任务。在货轮上，麦曼诺、法特、基顿都没有找到毒品，也因此相继被凯撒杀害，船也被炸毁，金特因为留在岸上接应而侥幸生还。另一边，在医院抢救的幸存者，拼出了凯撒的头像，结果让所有人大吃一惊……'),(242,'遗愿清单','241.jpg',' 罗伯·莱纳 Rob Reiner',' 杰克·尼科尔森 Jack Nicholson / 摩根...',2007,'美国','冒险 喜剧 剧情',8.5,'用剩余不多的时间，去燃烧整个生命。',0,0,0,0,0,0,0,0,0,0,0,'二战期间，卡萨布兰卡是欧洲逃往美国的必经之地，那里鱼龙混杂，局势紧张。里克（亨佛莱•鲍嘉 Humphrey Bogart 饰）是一个神秘的商人，他在卡萨布兰卡开了一家人气很旺的夜总会，并拥有两张宝贵的通行证。一天，反纳粹人士维克多和妻子伊尔莎（英格丽•褒曼 Ingrid Bergman 饰）来到夜总会，原来他们正在逃避纳粹的追捕。碰巧的是，里克发现，伊尔莎竟然是他的旧日情人。那段爱曾经刻骨铭心，却因为一个误会而终止。而当误会消解时，伊尔莎和里克的感情还是不可避免的重燃了。里克手上的两张通行证能帮助维克多度过难关，但这样一来，伊尔莎是决定留下，还是离去，他们的爱情在政治和伦理的推波逐流中走向何方。'),(243,'疯狂的麦克斯4：狂暴之路','242.jpg',' 乔治·米勒 George Miller',' 汤姆·哈迪 Tom Hardy / 查理兹·塞...',2015,'澳大利亚 美国','动作 科幻 冒险',8.6,'N/A',0,0,0,0,0,0,0,0,0,0,0,'未来的世界，科技的力量胜过一切，基因决定命运，几乎成为金科玉律。不幸文森特（伊桑•霍克 Ethan Hawke  饰）是一个基因不良的人，出生以来就决定了他近视和心脏病的缺陷，他只能活到30岁。于是父母为文森特增添了一个有着优良基因的弟弟。文森特的梦想是漫游太空，然而恶劣的基因令他无法圆梦，直到他遇到了太空中心的杰罗姆（裘德•洛 Jude Law  饰）。杰罗姆有优秀的基因，却在一次意外中半身瘫痪。二人决定调换身份，文森特千方百计隐藏自己的基因信息，每天都认真清洗掉自己的皮屑毛发，不暴露任何蛛丝马迹。另一方面，杰罗姆帮他筹备进入太空前需要检查的基因物品。事情进展得非常顺利，然而一桩谋杀案和一根睫毛，让事情节外生枝。'),(244,'英国病人','243.jpg',' 安东尼·明格拉 Anthony Minghella',' 拉尔夫·费因斯 Ralph Fien...',1996,'美国 英国','爱情 剧情 战争',8.5,'In memory, love lives forever...',0,0,0,0,0,0,0,0,0,0,0,'老富翁爱德华•科尔（杰克•尼克尔森 Jack Nicholson 饰）近年来在公立医院的私有化改造事业中获利颇丰，他为节省成本，规定病房“一房两床”的做法颇受非议，但性格强势的科尔不以为意，岂料他不久被检查出罹患癌症，本欲入住单人病房的科尔在舆论压力下只得与另一位病人——老卡特（摩根•弗里曼 Morgan Freeman 饰）同处一室。汽车修理技师老卡特博闻强识，将三个子女培养成才，但代价是牺牲了年轻时要做历史教授的梦想。曾经结婚多次如今却孤身一人的科尔逐渐对卡特产生了兴趣，两位老人在病房中结下了友谊。科尔偶然发现了卡特的“遗愿清单”，他决定运用自己的力量，让那些纸面上的疯狂构想一一实现，去发现人生的真正意义……'),(245,'荒野生存','244.jpg',' 西恩·潘 Sean Penn',' 埃米尔·赫斯基 Emile Hirsch / 马西娅·...',2007,'美国','冒险 传记 剧情',8.6,'出门必备：本草纲目。',0,0,0,0,0,0,0,0,0,0,0,'莱斯特（凯文·史派西 Kevin Spacey 饰）跟许多中年男人一样，遇到了各种各样的人生难题。他在一个广告公司工作，成绩平平，但是妻子却比他混得出色，一派女强人作风。这个平凡的男人还有一个未成年的女儿珍妮（索拉·伯奇 Thora Birch饰）。珍妮性格叛逆，被邻居偷拍裸照还觉得很好玩，满不在乎。她有一个要好的同学安吉拉（米娜·苏瓦丽 Mena Suvari 饰），当莱斯特在拉拉队的人群中看到了充满青春活力的安吉拉，一切都改变了。莱斯特陷入了阿安吉拉年轻鲜活的气息当中。他死气沉沉的心境有了燃烧的感觉。而此时，他的妻子，也和另外一个富商有了私情。当莱斯特得到了他心目中的年轻女神，枪声也随之响起……'),(246,'荒岛余生','245.jpg',' 罗伯特·泽米吉斯 Robert Zemeckis',' 汤姆·汉克斯 Tom Hanks / ...',2000,'美国','冒险 剧情',8.5,'一个人的独角戏。',0,0,0,0,0,0,0,0,0,0,0,'一群“品行不端”却怀揣教育梦想的大学教师，从大城市来到偏远乡村开办了一所小学校。学校待遇惨淡、生活艰苦，但老师们都自得其乐，每天嘻嘻哈哈打成一片。然而教育部特派员要来突击检查的消息打破了安宁，因为学校有一位“驴得水老师”隐藏着不可告人的秘密。就在所有人都担心丑事即将败露的时候，一个神奇天才的出现拯救了大家，然而谁能料到真正的麻烦才刚刚开始……'),(247,'海盗电台','246.jpg',' 理查德·柯蒂斯 Richard Curtis',' 比尔·奈伊 Bill Nighy / 肯尼...',2009,'英国 德国 法国','剧情 喜剧 音乐',8.6,'生命不止，摇滚不死。',0,0,0,0,0,0,0,0,0,0,0,'金门集团会长、暴力组织在虎派大佬石东出遭遇车祸身亡，该事件在黑白两道引起不小震荡。为了遏制金门集团进一步向合法领域渗透并持续壮大，警方及时提出“新世界计划”，旨在干预金门集团继任大佬的选举。而围绕会长头衔，金门旗下三号人物华侨出身的丁青（黄正民 饰）和四号人物常务理事李仲久（朴圣雄 饰）展开一连串明争暗斗。在危机四伏的当下，警方姜科长（崔岷植 饰）命令卧底十年之久的李子成（李政宰 饰）左右选举结果。子成六年前和丁青结识，并且得到对方的器重和信任。早已厌倦黑道生活的子成无奈受命，却无疑将自己投入了凶险非常的黑色漩涡之中。充满鲜血与欲望的战场，新世界何日来临？'),(248,'枪火','247.jpg',' 杜琪峰 Johnnie To',' 吴镇宇 Francis Ng / 任达华 Simon Yam / ...',1999,'香港','剧情 动作 犯罪',8.7,'一群演技精湛的戏骨，奉献出一个精致的黑帮小品，成就杜琪峰群戏的巅峰之作。',0,0,0,0,0,0,0,0,0,0,0,'证券公司基金管理人石宇（孔侑 饰）光鲜精干，却也是个重利轻义之徒。妻子为此与之决裂，女儿秀安（金秀安 饰）则对如此自私的父亲越来越失望，决定前往釜山和母亲生活。在秀安生日这天，石宇抽出时间陪伴女儿登上开往釜山的特快列车。而与此同时，城市四处出现了极为可疑的暴动事件。政府极力洗白无法掩盖丧尸肆虐的事实，即便懵然无知的列车乘客也因为不速之客的到来而堕入恐慌绝望的地狱中。开车的刹那，一名感染者冲入车厢，而她很快尸变并对目光所及之处的健康人展开血腥屠杀。未过多久，丧尸便呈几何数爆发性地增长。石宇被迫和幸存者的乘客们在逼仄的空间中奋力求生。通往釜山的遥遥旅途布满杀机，危难时刻每个幸存者的人性也承受巨大的考验……'),(249,'功夫','248.jpg',' 周星驰 Stephen Chow&nbsp;&nbsp;&nbsp;',' 周星驰 Stephen Chow / 元秋 Qiu Yuen / ...',2004,'中国大陆 香港','动作 喜剧 犯罪 奇幻',8.3,'N/A',0,0,0,0,0,0,0,0,0,0,0,'《四个春天》是一部以真实家庭生活为背景的纪录片。15岁离家，在异乡漂泊多年的导演以自己南方小城里的父母为主角，在四年光阴里，以一己之力记录了他们的美丽日常。在如诗的乐活慢生活图景中，影像缓缓雕刻出一个幸福家庭近二十年的温柔变迁，以及他们如何以自己的方式面对流转的时间、人生的得失起落。'),(250,'勇士','249.jpg',' 加文·欧康诺 Gavin O\'Connor&nbsp;&nbsp;&nbsp;',' 汤姆·哈迪 Tom Hardy / 乔尔·...',2011,'美国','剧情 运动 家庭',8.9,'热血沸腾，相当完美的娱乐拳击大餐。',3,0,0,0,0,0,0,0,0,0,0,'查克（汤姆•汉克斯 Tom Hanks饰）任职于美国联邦快递，他系统工程师的职业决定了他的生活忙碌、自律、充满时间紧迫感。而查克总能把一切工作都井井有序的安排在每天的日程里，时间就在他的控制之下。他无暇顾及的只是女朋友凯莉（海伦•亨特 Helen Hunt 饰）。一场飞机失事改变了这一切。所有人都以为查克丧生于这场灾难中，然而事实上他活了下来，被困在一个荒无人烟的小岛上。荒岛上的生活就连吃喝都成问题，查克成为了现代鲁滨逊。但另一方面，他在这里却因为与大自然依存，与险境搏斗，与孤独作伴，与饥饿抗争，得到了以前从来没有领悟到的感受。当他回到现代社会时，人生有了新的开始。');
/*!40000 ALTER TABLE `234` ENABLE KEYS */;
UNLOCK TABLES;

--
-- Table structure for table `auth_group`
--

DROP TABLE IF EXISTS `auth_group`;
/*!40101 SET @saved_cs_client     = @@character_set_client */;
 SET character_set_client = utf8mb4 ;
CREATE TABLE `auth_group` (
  `id` int(11) NOT NULL AUTO_INCREMENT,
  `name` varchar(80) NOT NULL,
  PRIMARY KEY (`id`),
  UNIQUE KEY `name` (`name`)
) ENGINE=InnoDB DEFAULT CHARSET=utf8mb4 COLLATE=utf8mb4_0900_ai_ci;
/*!40101 SET character_set_client = @saved_cs_client */;

--
-- Dumping data for table `auth_group`
--

LOCK TABLES `auth_group` WRITE;
/*!40000 ALTER TABLE `auth_group` DISABLE KEYS */;
/*!40000 ALTER TABLE `auth_group` ENABLE KEYS */;
UNLOCK TABLES;

--
-- Table structure for table `auth_group_permissions`
--

DROP TABLE IF EXISTS `auth_group_permissions`;
/*!40101 SET @saved_cs_client     = @@character_set_client */;
 SET character_set_client = utf8mb4 ;
CREATE TABLE `auth_group_permissions` (
  `id` int(11) NOT NULL AUTO_INCREMENT,
  `group_id` int(11) NOT NULL,
  `permission_id` int(11) NOT NULL,
  PRIMARY KEY (`id`),
  UNIQUE KEY `auth_group_permissions_group_id_permission_id_0cd325b0_uniq` (`group_id`,`permission_id`),
  KEY `auth_group_permissio_permission_id_84c5c92e_fk_auth_perm` (`permission_id`),
  CONSTRAINT `auth_group_permissio_permission_id_84c5c92e_fk_auth_perm` FOREIGN KEY (`permission_id`) REFERENCES `auth_permission` (`id`),
  CONSTRAINT `auth_group_permissions_group_id_b120cbf9_fk_auth_group_id` FOREIGN KEY (`group_id`) REFERENCES `auth_group` (`id`)
) ENGINE=InnoDB DEFAULT CHARSET=utf8mb4 COLLATE=utf8mb4_0900_ai_ci;
/*!40101 SET character_set_client = @saved_cs_client */;

--
-- Dumping data for table `auth_group_permissions`
--

LOCK TABLES `auth_group_permissions` WRITE;
/*!40000 ALTER TABLE `auth_group_permissions` DISABLE KEYS */;
/*!40000 ALTER TABLE `auth_group_permissions` ENABLE KEYS */;
UNLOCK TABLES;

--
-- Table structure for table `auth_permission`
--

DROP TABLE IF EXISTS `auth_permission`;
/*!40101 SET @saved_cs_client     = @@character_set_client */;
 SET character_set_client = utf8mb4 ;
CREATE TABLE `auth_permission` (
  `id` int(11) NOT NULL AUTO_INCREMENT,
  `name` varchar(255) NOT NULL,
  `content_type_id` int(11) NOT NULL,
  `codename` varchar(100) NOT NULL,
  PRIMARY KEY (`id`),
  UNIQUE KEY `auth_permission_content_type_id_codename_01ab375a_uniq` (`content_type_id`,`codename`),
  CONSTRAINT `auth_permission_content_type_id_2f476e4b_fk_django_co` FOREIGN KEY (`content_type_id`) REFERENCES `django_content_type` (`id`)
) ENGINE=InnoDB AUTO_INCREMENT=65 DEFAULT CHARSET=utf8mb4 COLLATE=utf8mb4_0900_ai_ci;
/*!40101 SET character_set_client = @saved_cs_client */;

--
-- Dumping data for table `auth_permission`
--

LOCK TABLES `auth_permission` WRITE;
/*!40000 ALTER TABLE `auth_permission` DISABLE KEYS */;
INSERT INTO `auth_permission` VALUES (1,'Can add log entry',1,'add_logentry'),(2,'Can change log entry',1,'change_logentry'),(3,'Can delete log entry',1,'delete_logentry'),(4,'Can view log entry',1,'view_logentry'),(5,'Can add permission',2,'add_permission'),(6,'Can change permission',2,'change_permission'),(7,'Can delete permission',2,'delete_permission'),(8,'Can view permission',2,'view_permission'),(9,'Can add group',3,'add_group'),(10,'Can change group',3,'change_group'),(11,'Can delete group',3,'delete_group'),(12,'Can view group',3,'view_group'),(13,'Can add user',4,'add_user'),(14,'Can change user',4,'change_user'),(15,'Can delete user',4,'delete_user'),(16,'Can view user',4,'view_user'),(17,'Can add content type',5,'add_contenttype'),(18,'Can change content type',5,'change_contenttype'),(19,'Can delete content type',5,'delete_contenttype'),(20,'Can view content type',5,'view_contenttype'),(21,'Can add session',6,'add_session'),(22,'Can change session',6,'change_session'),(23,'Can delete session',6,'delete_session'),(24,'Can view session',6,'view_session'),(25,'Can add user',7,'add_user'),(26,'Can change user',7,'change_user'),(27,'Can delete user',7,'delete_user'),(28,'Can view user',7,'view_user'),(29,'Can add book',8,'add_book'),(30,'Can change book',8,'change_book'),(31,'Can delete book',8,'delete_book'),(32,'Can view book',8,'view_book'),(33,'Can add movie',9,'add_movie'),(34,'Can change movie',9,'change_movie'),(35,'Can delete movie',9,'delete_movie'),(36,'Can view movie',9,'view_movie'),(37,'Can add comment',10,'add_comment'),(38,'Can change comment',10,'change_comment'),(39,'Can delete comment',10,'delete_comment'),(40,'Can view comment',10,'view_comment'),(41,'Can add chat',11,'add_chat'),(42,'Can change chat',11,'change_chat'),(43,'Can delete chat',11,'delete_chat'),(44,'Can view chat',11,'view_chat'),(45,'Can add comment2',12,'add_comment2'),(46,'Can change comment2',12,'change_comment2'),(47,'Can delete comment2',12,'delete_comment2'),(48,'Can view comment2',12,'view_comment2'),(49,'Can add comment3',13,'add_comment3'),(50,'Can change comment3',13,'change_comment3'),(51,'Can delete comment3',13,'delete_comment3'),(52,'Can view comment3',13,'view_comment3'),(53,'Can add comment1',14,'add_comment1'),(54,'Can change comment1',14,'change_comment1'),(55,'Can delete comment1',14,'delete_comment1'),(56,'Can view comment1',14,'view_comment1'),(57,'Can add likes',15,'add_likes'),(58,'Can change likes',15,'change_likes'),(59,'Can delete likes',15,'delete_likes'),(60,'Can view likes',15,'view_likes'),(61,'Can add like',16,'add_like'),(62,'Can change like',16,'change_like'),(63,'Can delete like',16,'delete_like'),(64,'Can view like',16,'view_like');
/*!40000 ALTER TABLE `auth_permission` ENABLE KEYS */;
UNLOCK TABLES;

--
-- Table structure for table `auth_user`
--

DROP TABLE IF EXISTS `auth_user`;
/*!40101 SET @saved_cs_client     = @@character_set_client */;
 SET character_set_client = utf8mb4 ;
CREATE TABLE `auth_user` (
  `id` int(11) NOT NULL AUTO_INCREMENT,
  `password` varchar(128) NOT NULL,
  `last_login` datetime(6) DEFAULT NULL,
  `is_superuser` tinyint(1) NOT NULL,
  `username` varchar(150) NOT NULL,
  `first_name` varchar(30) NOT NULL,
  `last_name` varchar(150) NOT NULL,
  `email` varchar(254) NOT NULL,
  `is_staff` tinyint(1) NOT NULL,
  `is_active` tinyint(1) NOT NULL,
  `date_joined` datetime(6) NOT NULL,
  PRIMARY KEY (`id`),
  UNIQUE KEY `username` (`username`)
) ENGINE=InnoDB DEFAULT CHARSET=utf8mb4 COLLATE=utf8mb4_0900_ai_ci;
/*!40101 SET character_set_client = @saved_cs_client */;

--
-- Dumping data for table `auth_user`
--

LOCK TABLES `auth_user` WRITE;
/*!40000 ALTER TABLE `auth_user` DISABLE KEYS */;
/*!40000 ALTER TABLE `auth_user` ENABLE KEYS */;
UNLOCK TABLES;

--
-- Table structure for table `auth_user_groups`
--

DROP TABLE IF EXISTS `auth_user_groups`;
/*!40101 SET @saved_cs_client     = @@character_set_client */;
 SET character_set_client = utf8mb4 ;
CREATE TABLE `auth_user_groups` (
  `id` int(11) NOT NULL AUTO_INCREMENT,
  `user_id` int(11) NOT NULL,
  `group_id` int(11) NOT NULL,
  PRIMARY KEY (`id`),
  UNIQUE KEY `auth_user_groups_user_id_group_id_94350c0c_uniq` (`user_id`,`group_id`),
  KEY `auth_user_groups_group_id_97559544_fk_auth_group_id` (`group_id`),
  CONSTRAINT `auth_user_groups_group_id_97559544_fk_auth_group_id` FOREIGN KEY (`group_id`) REFERENCES `auth_group` (`id`),
  CONSTRAINT `auth_user_groups_user_id_6a12ed8b_fk_auth_user_id` FOREIGN KEY (`user_id`) REFERENCES `auth_user` (`id`)
) ENGINE=InnoDB DEFAULT CHARSET=utf8mb4 COLLATE=utf8mb4_0900_ai_ci;
/*!40101 SET character_set_client = @saved_cs_client */;

--
-- Dumping data for table `auth_user_groups`
--

LOCK TABLES `auth_user_groups` WRITE;
/*!40000 ALTER TABLE `auth_user_groups` DISABLE KEYS */;
/*!40000 ALTER TABLE `auth_user_groups` ENABLE KEYS */;
UNLOCK TABLES;

--
-- Table structure for table `auth_user_user_permissions`
--

DROP TABLE IF EXISTS `auth_user_user_permissions`;
/*!40101 SET @saved_cs_client     = @@character_set_client */;
 SET character_set_client = utf8mb4 ;
CREATE TABLE `auth_user_user_permissions` (
  `id` int(11) NOT NULL AUTO_INCREMENT,
  `user_id` int(11) NOT NULL,
  `permission_id` int(11) NOT NULL,
  PRIMARY KEY (`id`),
  UNIQUE KEY `auth_user_user_permissions_user_id_permission_id_14a6b632_uniq` (`user_id`,`permission_id`),
  KEY `auth_user_user_permi_permission_id_1fbb5f2c_fk_auth_perm` (`permission_id`),
  CONSTRAINT `auth_user_user_permi_permission_id_1fbb5f2c_fk_auth_perm` FOREIGN KEY (`permission_id`) REFERENCES `auth_permission` (`id`),
  CONSTRAINT `auth_user_user_permissions_user_id_a95ead1b_fk_auth_user_id` FOREIGN KEY (`user_id`) REFERENCES `auth_user` (`id`)
) ENGINE=InnoDB DEFAULT CHARSET=utf8mb4 COLLATE=utf8mb4_0900_ai_ci;
/*!40101 SET character_set_client = @saved_cs_client */;

--
-- Dumping data for table `auth_user_user_permissions`
--

LOCK TABLES `auth_user_user_permissions` WRITE;
/*!40000 ALTER TABLE `auth_user_user_permissions` DISABLE KEYS */;
/*!40000 ALTER TABLE `auth_user_user_permissions` ENABLE KEYS */;
UNLOCK TABLES;

--
-- Table structure for table `django_admin_log`
--

DROP TABLE IF EXISTS `django_admin_log`;
/*!40101 SET @saved_cs_client     = @@character_set_client */;
 SET character_set_client = utf8mb4 ;
CREATE TABLE `django_admin_log` (
  `id` int(11) NOT NULL AUTO_INCREMENT,
  `action_time` datetime(6) NOT NULL,
  `object_id` longtext,
  `object_repr` varchar(200) NOT NULL,
  `action_flag` smallint(5) unsigned NOT NULL,
  `change_message` longtext NOT NULL,
  `content_type_id` int(11) DEFAULT NULL,
  `user_id` int(11) NOT NULL,
  PRIMARY KEY (`id`),
  KEY `django_admin_log_content_type_id_c4bce8eb_fk_django_co` (`content_type_id`),
  KEY `django_admin_log_user_id_c564eba6_fk_auth_user_id` (`user_id`),
  CONSTRAINT `django_admin_log_content_type_id_c4bce8eb_fk_django_co` FOREIGN KEY (`content_type_id`) REFERENCES `django_content_type` (`id`),
  CONSTRAINT `django_admin_log_user_id_c564eba6_fk_auth_user_id` FOREIGN KEY (`user_id`) REFERENCES `auth_user` (`id`)
) ENGINE=InnoDB DEFAULT CHARSET=utf8mb4 COLLATE=utf8mb4_0900_ai_ci;
/*!40101 SET character_set_client = @saved_cs_client */;

--
-- Dumping data for table `django_admin_log`
--

LOCK TABLES `django_admin_log` WRITE;
/*!40000 ALTER TABLE `django_admin_log` DISABLE KEYS */;
/*!40000 ALTER TABLE `django_admin_log` ENABLE KEYS */;
UNLOCK TABLES;

--
-- Table structure for table `django_content_type`
--

DROP TABLE IF EXISTS `django_content_type`;
/*!40101 SET @saved_cs_client     = @@character_set_client */;
 SET character_set_client = utf8mb4 ;
CREATE TABLE `django_content_type` (
  `id` int(11) NOT NULL AUTO_INCREMENT,
  `app_label` varchar(100) NOT NULL,
  `model` varchar(100) NOT NULL,
  PRIMARY KEY (`id`),
  UNIQUE KEY `django_content_type_app_label_model_76bd3d3b_uniq` (`app_label`,`model`)
) ENGINE=InnoDB AUTO_INCREMENT=17 DEFAULT CHARSET=utf8mb4 COLLATE=utf8mb4_0900_ai_ci;
/*!40101 SET character_set_client = @saved_cs_client */;

--
-- Dumping data for table `django_content_type`
--

LOCK TABLES `django_content_type` WRITE;
/*!40000 ALTER TABLE `django_content_type` DISABLE KEYS */;
INSERT INTO `django_content_type` VALUES (1,'admin','logentry'),(3,'auth','group'),(2,'auth','permission'),(4,'auth','user'),(5,'contenttypes','contenttype'),(7,'firstpage','user'),(8,'index','book'),(11,'index','chat'),(10,'index','comment'),(14,'index','comment1'),(12,'index','comment2'),(13,'index','comment3'),(16,'index','like'),(15,'index','likes'),(9,'index','movie'),(6,'sessions','session');
/*!40000 ALTER TABLE `django_content_type` ENABLE KEYS */;
UNLOCK TABLES;

--
-- Table structure for table `django_migrations`
--

DROP TABLE IF EXISTS `django_migrations`;
/*!40101 SET @saved_cs_client     = @@character_set_client */;
 SET character_set_client = utf8mb4 ;
CREATE TABLE `django_migrations` (
  `id` int(11) NOT NULL AUTO_INCREMENT,
  `app` varchar(255) NOT NULL,
  `name` varchar(255) NOT NULL,
  `applied` datetime(6) NOT NULL,
  PRIMARY KEY (`id`)
) ENGINE=InnoDB AUTO_INCREMENT=60 DEFAULT CHARSET=utf8mb4 COLLATE=utf8mb4_0900_ai_ci;
/*!40101 SET character_set_client = @saved_cs_client */;

--
-- Dumping data for table `django_migrations`
--

LOCK TABLES `django_migrations` WRITE;
/*!40000 ALTER TABLE `django_migrations` DISABLE KEYS */;
INSERT INTO `django_migrations` VALUES (1,'contenttypes','0001_initial','2019-04-08 08:08:10.093894'),(2,'auth','0001_initial','2019-04-08 08:08:12.017749'),(3,'admin','0001_initial','2019-04-08 08:08:12.441616'),(4,'admin','0002_logentry_remove_auto_add','2019-04-08 08:08:12.454592'),(5,'admin','0003_logentry_add_action_flag_choices','2019-04-08 08:08:12.469542'),(6,'contenttypes','0002_remove_content_type_name','2019-04-08 08:08:12.731840'),(7,'auth','0002_alter_permission_name_max_length','2019-04-08 08:08:12.987158'),(8,'auth','0003_alter_user_email_max_length','2019-04-08 08:08:13.029045'),(9,'auth','0004_alter_user_username_opts','2019-04-08 08:08:13.046000'),(10,'auth','0005_alter_user_last_login_null','2019-04-08 08:08:13.206572'),(11,'auth','0006_require_contenttypes_0002','2019-04-08 08:08:13.212554'),(12,'auth','0007_alter_validators_add_error_messages','2019-04-08 08:08:13.226517'),(13,'auth','0008_alter_user_username_max_length','2019-04-08 08:08:13.388085'),(14,'auth','0009_alter_user_last_name_max_length','2019-04-08 08:08:13.555637'),(15,'sessions','0001_initial','2019-04-08 08:08:13.666341'),(16,'firstpage','0001_initial','2019-04-08 08:17:32.750928'),(17,'firstpage','0002_user','2019-04-08 08:17:32.871605'),(18,'index','0001_initial','2019-05-09 01:59:25.454969'),(19,'index','0002_auto_20190509_1001','2019-05-09 02:01:24.149711'),(20,'index','0003_remove_movie_movie_scriptwriter','2019-05-09 02:23:26.350492'),(21,'index','0004_auto_20190509_1031','2019-05-09 02:31:40.931006'),(22,'index','0005_auto_20190509_1037','2019-05-09 02:37:28.616590'),(23,'index','0006_auto_20190509_1040','2019-05-09 02:40:15.553356'),(24,'index','0007_auto_20190509_1935','2019-05-09 11:35:52.673558'),(25,'index','0008_auto_20190510_1336','2019-05-10 05:36:38.122355'),(26,'index','0009_auto_20190510_1341','2019-05-10 05:41:16.259171'),(27,'index','0010_auto_20190510_1516','2019-05-10 07:16:21.543682'),(28,'index','0011_auto_20190510_1543','2019-05-10 07:43:25.699473'),(29,'index','0012_auto_20190510_2314','2019-05-10 15:14:55.899115'),(30,'index','0013_auto_20190510_2317','2019-05-10 15:17:47.696258'),(31,'firstpage','0002_auto_20190522_1526','2019-05-22 07:26:10.702178'),(32,'index','0014_auto_20190522_1526','2019-05-22 07:26:10.962029'),(33,'index','0015_auto_20190522_2209','2019-05-22 14:09:18.491675'),(34,'index','0016_auto_20190522_2223','2019-05-22 14:23:42.804503'),(35,'index','0017_chat_like_times','2019-05-23 05:24:17.637774'),(36,'index','0018_likes','2019-05-23 05:47:43.924724'),(37,'index','0019_auto_20190523_1431','2019-05-23 06:38:54.790968'),(38,'index','0020_auto_20190523_1432','2019-05-23 07:00:12.249614'),(39,'index','0021_likes','2019-05-23 07:00:12.590681'),(40,'index','0022_auto_20190523_1432','2019-05-23 07:00:12.608634'),(41,'index','0023_auto_20190523_1433','2019-05-23 07:00:13.051477'),(42,'index','0024_auto_20190523_1439','2019-05-23 07:00:13.533167'),(43,'index','0025_auto_20190523_1446','2019-05-23 07:00:13.617935'),(44,'index','0026_auto_20190523_1446','2019-05-23 07:00:14.090672'),(45,'index','0027_auto_20190531_2136','2019-05-31 13:36:43.887442'),(46,'index','0028_chat_chat_user_id','2019-06-01 09:23:50.604501'),(47,'index','0029_auto_20190604_2100','2019-06-04 13:00:33.001851'),(48,'index','0030_auto_20190604_2208','2019-06-04 14:08:07.271100'),(49,'index','0031_auto_20190604_2243','2019-06-04 14:43:59.024008'),(50,'index','0032_auto_20190604_2246','2019-06-04 14:46:34.095450'),(51,'index','0033_auto_20190604_2246','2019-06-04 14:46:57.701376'),(52,'index','0034_auto_20190604_2310','2019-06-04 15:11:01.245241'),(53,'index','0035_auto_20190604_2311','2019-06-04 15:11:49.411476'),(54,'index','0036_auto_20190604_2316','2019-06-04 15:17:00.205614'),(55,'index','0037_auto_20190604_2318','2019-06-04 15:19:05.339088'),(56,'index','0038_auto_20190604_2319','2019-06-04 15:19:43.223809'),(57,'index','0039_auto_20190608_1725','2019-06-08 09:25:06.698668'),(58,'index','0040_auto_20190608_1729','2019-06-08 09:29:42.389335'),(59,'index','0041_auto_20190610_1317','2019-06-10 05:18:02.186040');
/*!40000 ALTER TABLE `django_migrations` ENABLE KEYS */;
UNLOCK TABLES;

--
-- Table structure for table `django_session`
--

DROP TABLE IF EXISTS `django_session`;
/*!40101 SET @saved_cs_client     = @@character_set_client */;
 SET character_set_client = utf8mb4 ;
CREATE TABLE `django_session` (
  `session_key` varchar(40) NOT NULL,
  `session_data` longtext NOT NULL,
  `expire_date` datetime(6) NOT NULL,
  PRIMARY KEY (`session_key`),
  KEY `django_session_expire_date_a5c62663` (`expire_date`)
) ENGINE=InnoDB DEFAULT CHARSET=utf8mb4 COLLATE=utf8mb4_0900_ai_ci;
/*!40101 SET character_set_client = @saved_cs_client */;

--
-- Dumping data for table `django_session`
--

LOCK TABLES `django_session` WRITE;
/*!40000 ALTER TABLE `django_session` DISABLE KEYS */;
INSERT INTO `django_session` VALUES ('4jsn1i49k8r5plosaabqcxuauhm27xte','YTMwYmQzMzJhZjY2YzJlZWFkNDE0ZTI3NmQ0MjgwNzc0MDQ1YzQwNjp7InNlYXJjaCI6Ilx1OTY0OFx1NTFlZlx1NmI0YyIsInNlbGVjdCI6Ilx1NzUzNVx1NWY3MSIsImlzX2xvZ2luIjp0cnVlLCJ1c2VyaWQiOjYsInVzZXJuYW1lIjoiZnZhbiIsIl9zZXNzaW9uX2V4cGlyeSI6MH0=','2019-06-24 03:04:07.879852'),('cntnymsu54jlvp3zecjb57zujbvo2faw','MGQxNGU1MjA0M2FmOTNiMjc1MDE2MjgwMDZmY2FiZjk0ZmNkYjg0YTp7fQ==','2019-05-23 11:49:12.804984'),('ehykb24w0ybzdkm1h4asm4a8rlmg83hi','YTNmNjBiZDNkMmQ2ZmY5MDM0ZTY5OWRlMjJiNWNmNjFjNmIxMjQxNzp7ImlzX2xvZ2luIjp0cnVlLCJ1c2VyaWQiOjEsInVzZXJuYW1lIjoiY21sIiwiX3Nlc3Npb25fZXhwaXJ5IjowfQ==','2019-06-05 13:40:13.590164'),('fqecmpmdw7rztnsedc81y6lshm1yxi6c','YmNmYjgzMTIxMWE2YjUwOTIwNDdiMmM5NTAyYTdkYWNjODE5NTY0MDp7ImlzX2xvZ2luIjp0cnVlLCJ1c2VyaWQiOjEsInVzZXJuYW1lIjoiMjMzMzMiLCJfc2Vzc2lvbl9leHBpcnkiOjB9','2019-06-22 09:11:44.726954'),('h1mxorlg6lnaqy5m731hs5pcpcrjwqpg','N2NmMDhiZDA3NzJlZjUwOWI1MGNkMGU3ZDRkYjc1YWQ5OGEwMTA1ZTp7ImlzX2xvZ2luIjp0cnVlLCJ1c2VyaWQiOjEsInVzZXJuYW1lIjoibGNtIiwiX3Nlc3Npb25fZXhwaXJ5IjowfQ==','2019-06-05 14:13:29.619843'),('j6wvfa0s6cuyk61fhfubgztr42wkdg7h','YmNmYjgzMTIxMWE2YjUwOTIwNDdiMmM5NTAyYTdkYWNjODE5NTY0MDp7ImlzX2xvZ2luIjp0cnVlLCJ1c2VyaWQiOjEsInVzZXJuYW1lIjoiMjMzMzMiLCJfc2Vzc2lvbl9leHBpcnkiOjB9','2019-06-14 10:26:43.920335'),('j7zclieastywosbvqloa4jnkuko8elou','NmIwNmIzNGZiZTAzNWZiY2M1ZWU5NWI3YzkwNDYzNzQ0MmUyYzM3NDp7InNlYXJjaCI6Ilx1OGZmZCIsInNlbGVjdCI6Ilx1NGU2Nlx1N2M0ZCJ9','2019-06-22 10:34:53.627079'),('jgu8rpa2whxw7tpd9z3yty41qjqfozg4','N2NmMDhiZDA3NzJlZjUwOWI1MGNkMGU3ZDRkYjc1YWQ5OGEwMTA1ZTp7ImlzX2xvZ2luIjp0cnVlLCJ1c2VyaWQiOjEsInVzZXJuYW1lIjoibGNtIiwiX3Nlc3Npb25fZXhwaXJ5IjowfQ==','2019-06-06 05:38:58.342974'),('jtj2l9e9c3k190mxcbsk1ilfqwok8o13','MTVlMzhhMmM4ZDEzMTg0NDkzYTIwMjVmOGY5MjRlZjdkYWViNGRkMjp7ImlzX2xvZ2luIjp0cnVlLCJ1c2VyaWQiOjEsInVzZXJuYW1lIjoiMjMzMzMiLCJfc2Vzc2lvbl9leHBpcnkiOjAsImt3b3JkIjoiIiwic2VhcmNoIjoiIiwic2VsZWN0IjoiXHU3NTM1XHU1ZjcxIn0=','2019-06-22 08:52:17.834579'),('lmbmxp4329amflz1qfwnnsnw27cbh1hk','YmNmYjgzMTIxMWE2YjUwOTIwNDdiMmM5NTAyYTdkYWNjODE5NTY0MDp7ImlzX2xvZ2luIjp0cnVlLCJ1c2VyaWQiOjEsInVzZXJuYW1lIjoiMjMzMzMiLCJfc2Vzc2lvbl9leHBpcnkiOjB9','2019-06-14 09:43:01.411784'),('n8ojd16h83ydesjxrdc3c457t84fj7d1','ZGJjNzI1MGE5NjE0OWZhZjM4MzA0ZDIyMWQ4Zjg3YTc0MjViOGQ4Mjp7InNlYXJjaCI6Ilx1ODA5Nlx1NzUzM1x1NTE0Ylx1NzY4NFx1NjU1MVx1OGQ0ZSIsInNlbGVjdCI6Ilx1NzUzNVx1NWY3MSJ9','2019-06-22 09:00:27.643072'),('ndl7qom3oi48zp6fblhjy3i2zc5636uj','MjIzZWIyOTQ2MTg2ODlmYTAxMDRmNmEwZTA5MDI1MmNkODJjMzkyMzp7ImlzX2xvZ2luIjp0cnVlLCJ1c2VyaWQiOjEsInVzZXJuYW1lIjoiMjMzMzMiLCJfc2Vzc2lvbl9leHBpcnkiOjAsInNlYXJjaCI6Ilx1NTZmZCIsInNlbGVjdCI6Ilx1NzUzNVx1NWY3MSJ9','2019-06-24 05:23:10.622537'),('nuvm1bvftwyvb0ndp5bn2vx5nwxhnccs','MGQxNGU1MjA0M2FmOTNiMjc1MDE2MjgwMDZmY2FiZjk0ZmNkYjg0YTp7fQ==','2019-05-23 11:43:34.787148'),('o1gmhtn1a4qpe9es6ilr374yjmvf43mx','YzI3NzU3YmE5YWJkZWU2OTU5NTM5NWRmZWI0ZGQ3ODk1ZGQ2YTAwZTp7ImlzX2xvZ2luIjp0cnVlLCJ1c2VyaWQiOjYsInVzZXJuYW1lIjoiZnZhbiIsIl9zZXNzaW9uX2V4cGlyeSI6MH0=','2019-06-24 03:06:10.148131'),('o7c0v3smgginly0njggnmudbhmg61hb1','YTNmNjBiZDNkMmQ2ZmY5MDM0ZTY5OWRlMjJiNWNmNjFjNmIxMjQxNzp7ImlzX2xvZ2luIjp0cnVlLCJ1c2VyaWQiOjEsInVzZXJuYW1lIjoiY21sIiwiX3Nlc3Npb25fZXhwaXJ5IjowfQ==','2019-06-05 13:36:21.511328'),('osrmnm2a5xexpud2s4vdp8gumnj2ukap','YmNmYjgzMTIxMWE2YjUwOTIwNDdiMmM5NTAyYTdkYWNjODE5NTY0MDp7ImlzX2xvZ2luIjp0cnVlLCJ1c2VyaWQiOjEsInVzZXJuYW1lIjoiMjMzMzMiLCJfc2Vzc2lvbl9leHBpcnkiOjB9','2019-06-14 09:56:36.632312'),('sooxpr608vt8fmryzjmnh8tgd0ol9008','YzI3NzU3YmE5YWJkZWU2OTU5NTM5NWRmZWI0ZGQ3ODk1ZGQ2YTAwZTp7ImlzX2xvZ2luIjp0cnVlLCJ1c2VyaWQiOjYsInVzZXJuYW1lIjoiZnZhbiIsIl9zZXNzaW9uX2V4cGlyeSI6MH0=','2019-06-23 11:29:25.787327'),('t52ycppokrrxpu67fnzae9of2ybcve1p','YmNmYjgzMTIxMWE2YjUwOTIwNDdiMmM5NTAyYTdkYWNjODE5NTY0MDp7ImlzX2xvZ2luIjp0cnVlLCJ1c2VyaWQiOjEsInVzZXJuYW1lIjoiMjMzMzMiLCJfc2Vzc2lvbl9leHBpcnkiOjB9','2019-06-15 09:38:27.630914'),('tgmwgypvurffhosikrs54xxcwi5qv401','NzAxZDg1NWEyZjk3NTczNmQ2ZTQyMTJiY2MyZDA2YTJhOWQzNzcwNzp7InNlYXJjaCI6Ilx1NTIxOFx1NjE0OFx1NmIyMyIsInNlbGVjdCI6Ilx1NzUzNVx1NWY3MSJ9','2019-06-24 03:44:05.595613'),('tvr8ldcneeiv81ztpvwrsgkek5uzw0u9','Y2FkZjJhYzMxNjg3NTdiMzJkZTRlYmM3NWYzZmNmODFjZDlkM2FlZTp7InNlYXJjaCI6Ilx1ODA5Nlx1NzUzM1x1NTE0Ylx1NzY4NFx1NjU1MVx1OGQ0ZSIsInNlbGVjdCI6Ilx1NzUzNVx1NWY3MSIsImlzX2xvZ2luIjp0cnVlLCJ1c2VyaWQiOjEsInVzZXJuYW1lIjoiMjMzMzMiLCJfc2Vzc2lvbl9leHBpcnkiOjB9','2019-06-23 09:05:24.840537'),('vdpw0hv0ygcfm0r5czuns8fxng72c386','N2NmMDhiZDA3NzJlZjUwOWI1MGNkMGU3ZDRkYjc1YWQ5OGEwMTA1ZTp7ImlzX2xvZ2luIjp0cnVlLCJ1c2VyaWQiOjEsInVzZXJuYW1lIjoibGNtIiwiX3Nlc3Npb25fZXhwaXJ5IjowfQ==','2019-06-05 14:01:39.284268'),('vz2wffi7i0kovvi4nhiu6yo88d82isxw','YTNmNjBiZDNkMmQ2ZmY5MDM0ZTY5OWRlMjJiNWNmNjFjNmIxMjQxNzp7ImlzX2xvZ2luIjp0cnVlLCJ1c2VyaWQiOjEsInVzZXJuYW1lIjoiY21sIiwiX3Nlc3Npb25fZXhwaXJ5IjowfQ==','2019-06-05 13:39:59.687808'),('wjhlhba5spoov1h21qp232gtno1wdbo7','YWJjOTNmZjZlNGIyNThiYTllMTUwMjg2ZDJkZjU1MzgwMWRlMmU0ZDp7ImlzX2xvZ2luIjp0cnVlLCJ1c2VyaWQiOjUsInVzZXJuYW1lIjoiMjIyMiIsIl9zZXNzaW9uX2V4cGlyeSI6MH0=','2019-06-23 09:07:41.670427'),('wvpscjxihfzaoiabulsk72yitglqetn4','YmNmYjgzMTIxMWE2YjUwOTIwNDdiMmM5NTAyYTdkYWNjODE5NTY0MDp7ImlzX2xvZ2luIjp0cnVlLCJ1c2VyaWQiOjEsInVzZXJuYW1lIjoiMjMzMzMiLCJfc2Vzc2lvbl9leHBpcnkiOjB9','2019-06-18 13:06:20.421056'),('y45eg6n0j0nzwv2b2rxqd073x5uioneb','MGQxNGU1MjA0M2FmOTNiMjc1MDE2MjgwMDZmY2FiZjk0ZmNkYjg0YTp7fQ==','2019-05-23 11:48:00.236812'),('zu9zqaem5n1un0nj9scq2ta1o2coxkbe','N2NmMDhiZDA3NzJlZjUwOWI1MGNkMGU3ZDRkYjc1YWQ5OGEwMTA1ZTp7ImlzX2xvZ2luIjp0cnVlLCJ1c2VyaWQiOjEsInVzZXJuYW1lIjoibGNtIiwiX3Nlc3Npb25fZXhwaXJ5IjowfQ==','2019-06-05 14:16:39.158486');
/*!40000 ALTER TABLE `django_session` ENABLE KEYS */;
UNLOCK TABLES;

--
-- Table structure for table `firstpage_user`
--

DROP TABLE IF EXISTS `firstpage_user`;
/*!40101 SET @saved_cs_client     = @@character_set_client */;
 SET character_set_client = utf8mb4 ;
CREATE TABLE `firstpage_user` (
  `id` int(11) NOT NULL AUTO_INCREMENT,
  `username` varchar(30) NOT NULL,
  `email` varchar(30) NOT NULL,
  `password` varchar(30) NOT NULL,
  `introduction` varchar(150) DEFAULT NULL,
  `user_img` varchar(100) DEFAULT NULL,
  PRIMARY KEY (`id`)
) ENGINE=InnoDB AUTO_INCREMENT=11 DEFAULT CHARSET=utf8mb4 COLLATE=utf8mb4_0900_ai_ci;
/*!40101 SET character_set_client = @saved_cs_client */;

--
-- Dumping data for table `firstpage_user`
--

LOCK TABLES `firstpage_user` WRITE;
/*!40000 ALTER TABLE `firstpage_user` DISABLE KEYS */;
INSERT INTO `firstpage_user` VALUES (5,'2222','2455019815@qq.com','123456',NULL,NULL),(6,'fvan','994992433@qq.com','666666',NULL,NULL),(10,'321','2673001732@qq.com','12345',NULL,NULL);
/*!40000 ALTER TABLE `firstpage_user` ENABLE KEYS */;
UNLOCK TABLES;

--
-- Table structure for table `index_book`
--

DROP TABLE IF EXISTS `index_book`;
/*!40101 SET @saved_cs_client     = @@character_set_client */;
 SET character_set_client = utf8mb4 ;
CREATE TABLE `index_book` (
  `book_id` int(11) NOT NULL AUTO_INCREMENT,
  `book_name` varchar(50) NOT NULL,
  `book_img` varchar(100) NOT NULL,
  `book_country` varchar(20) NOT NULL,
  `book_score` double NOT NULL,
  `book_content` varchar(1000) NOT NULL,
  `book_translate` varchar(100) NOT NULL,
  `book_writer` varchar(100) NOT NULL,
  `search_times` int(11) NOT NULL,
  `book_content_detail` varchar(1000) NOT NULL,
  `book_start1` varchar(20) NOT NULL,
  `book_start1_per` double NOT NULL,
  `book_start2` varchar(20) NOT NULL,
  `book_start2_per` double NOT NULL,
  `book_start3` varchar(20) NOT NULL,
  `book_start3_per` double NOT NULL,
  `book_start4` varchar(20) NOT NULL,
  `book_start4_per` double NOT NULL,
  `book_start5` varchar(20) NOT NULL,
  `book_start5_per` double NOT NULL,
  PRIMARY KEY (`book_id`)
) ENGINE=InnoDB AUTO_INCREMENT=251 DEFAULT CHARSET=utf8mb4 COLLATE=utf8mb4_0900_ai_ci;
/*!40101 SET character_set_client = @saved_cs_client */;

--
-- Dumping data for table `index_book`
--

LOCK TABLES `index_book` WRITE;
/*!40000 ALTER TABLE `index_book` DISABLE KEYS */;
INSERT INTO `index_book` VALUES (1,'追风筝的人','0.jpg','美',8.8,'为你，千千万万遍',' 李继宏',' 卡勒德·胡赛尼 ',22,'0','0',0,'0',0,'0',0,'1.0',99,'0',1),(2,'解忧杂货店','1.jpg','日',8.5,'一碗精心熬制的东野牌鸡汤，拒绝很难',' 李盈春',' 东野圭吾 ',3,'0','0',0,'0',0,'0',0,'0',0,'0',0),(3,'小王子','2.jpg','法',9,'献给长成了大人的孩子们',' 马振聘',' 圣埃克苏佩里 ',1,'0','0',0,'0',0,'0',0,'0',0,'0',0),(4,'白夜行','3.jpg','日',9,'暗夜独行的残破灵魂，爱与恶本就难分难舍',' 刘姿君',' 东野圭吾 ',30,'0','0',0,'0',0,'0',0,'1.0',99,'0',1),(5,'围城','4.jpg','中国',8.9,'对于“人艰不拆”四个字最彻底的违抗','','钱锺书',8,'0','0',0,'0',0,'0',0,'0',0,'0',0),(6,'三体\n\n\n:“地球往事”三部曲之一','5.jpg','中国',8.8,'你我不过都是虫子','','刘慈欣',4,'0','0',0,'0',0,'0',0,'0',0,'0',0),(7,'嫌疑人X的献身','6.jpg','日',8.9,'数学好是一种极致的浪漫',' 刘子倩',' 东野圭吾 ',1,'0','0',0,'0',0,'0',0,'0',0,'0',0),(8,'挪威的森林','7.jpg','日',8,'村上之发轫，多少人的青春启蒙',' 林少华',' 村上春树 ',0,'0','0',0,'0',0,'0',0,'0',0,'0',0),(9,'活着','8.jpg','中国',9.3,'生的苦难与伟大','','余华',0,'0','0',0,'0',0,'0',0,'0',0,'0',0),(10,'百年孤独','9.jpg','哥伦比亚',9.2,'尼采所谓的永劫复归，一场无始无终的梦魇',' 范晔',' 加西亚·马尔克斯 ',1,'0','0',0,'0',0,'0',0,'0',0,'0',0),(11,'红楼梦','10.jpg','中国',9.6,'谁解其中味？','','曹雪芹 著',0,'0','0',0,'0',0,'0',0,'0',0,'0',0),(12,'看见','11.jpg','中国',8.8,'在这里看见中国','','柴静',0,'0','0',0,'0',0,'0',0,'0',0,'0',0),(13,'不能承受的生命之轻','12.jpg','捷克',8.5,'朝向媚俗的一次伟大的进军',' 许钧',' 米兰·昆德拉 ',0,'0','0',0,'0',0,'0',0,'0',0,'0',0),(14,'平凡的世界（全三部）','13.jpg','中国',9,'中国当代城乡生活全景','','路遥',0,'0','0',0,'0',0,'0',0,'0',0,'0',0),(15,'三体Ⅱ\n\n\n:黑暗森林','14.jpg','中国',9.3,'无边的黑暗森林，比第一部更为恢弘壮丽','','刘慈欣',0,'0','0',0,'0',0,'0',0,'0',0,'0',0),(16,'三体Ⅲ\n\n\n:死神永生','15.jpg','中国',9.2,'终章，何去何从','','刘慈欣',0,'0','0',0,'0',0,'0',0,'0',0,'0',0),(17,'达·芬奇密码','16.jpg','美',8.2,'一切畅销的因素都有了',' 朱振武',' 丹·布朗 ',0,'0','0',0,'0',0,'0',0,'0',0,'0',0),(18,'我们仨','17.jpg','中国',8.7,'平淡，坚忍，温情','','杨绛',0,'0','0',0,'0',0,'0',0,'0',0,'0',0),(19,'简爱（英文全本）','18.jpg','英',8.5,'灰姑娘在十九世纪','',' 夏洛蒂·勃朗特',0,'0','0',0,'0',0,'0',0,'0',0,'0',0),(20,'天才在左疯子在右\n\n\n:国内第一本精神病人访谈手记','19.jpg','中国',8.1,'简称“疯癫与文明”','','高铭',0,'0','0',0,'0',0,'0',0,'0',0,'0',0),(21,'哈利·波特与魔法石','20.jpg','英',9,'羽加迪姆勒维奥萨！',' 苏农',' J. K. 罗琳 ',0,'0','0',0,'0',0,'0',0,'0',0,'0',0),(22,'傲慢与偏见','21.jpg','英',8.8,'所有现代言情小说的母体',' 张玲',' 奥斯丁 ',0,'0','0',0,'0',0,'0',0,'0',0,'0',0),(23,'明朝那些事儿（壹）\n\n\n:洪武大帝','22.jpg','中国',8.7,'历史本就是一件件“事儿”拼成的','','当年明月',0,'0','0',0,'0',0,'0',0,'0',0,'0',0),(24,'目送','23.jpg','中国',8.7,'不必追','','龙应台',0,'0','0',0,'0',0,'0',0,'0',0,'0',0),(25,'飘','24.jpg','美国',9.3,'革命时期的爱情，随风而逝',' 李美华',' 玛格丽特·米切尔 ',0,'0','0',0,'0',0,'0',0,'0',0,'0',0),(26,'恶意','25.jpg','日',8.4,'无缘由的恨，冰冷彻骨',' 娄美莲',' 东野圭吾 ',0,'0','0',0,'0',0,'0',0,'0',0,'0',0),(27,'霍乱时期的爱情','26.jpg','哥伦比亚',9,'义无反顾地直达爱情的核心',' 杨玲',' 加西亚·马尔克斯 ',1,'0','0',0,'0',0,'0',0,'0',0,'0',0),(28,'倾城之恋','27.jpg','中国',8.5,'一段姻缘，需要一座城的倾覆来成全','','',0,'0','0',0,'0',0,'0',0,'0',0,'0',0),(29,'撒哈拉的故事','28.jpg','中国',9,'关于漂泊的一切','','三毛',0,'0','0',0,'0',0,'0',0,'0',0,'0',0),(30,'边城','29.jpg','中国',8.6,'如水一般的忧愁与怅惘','','沈从文',0,'0','0',0,'0',0,'0',0,'0',0,'0',0),(31,'送你一颗子弹','30.jpg','中国',8.6,'犀利又温柔，穿过胸口隐隐作痛','','刘瑜',0,'0','0',0,'0',0,'0',0,'0',0,'0',0),(32,'许三观卖血记','31.jpg','中国',8.7,'余华的悲凉，都在那一碗炒猪肝里了','','余华',0,'0','0',0,'0',0,'0',0,'0',0,'0',0),(33,'哈利·波特与阿兹卡班的囚徒','32.jpg','英',8.9,'小天狼星布莱克',' 郑须弥',' J. K. 罗琳 ',0,'0','0',0,'0',0,'0',0,'0',0,'0',0),(34,'狼图腾','33.jpg','中国',8.2,'我们都是 狼的传人？','','姜戎',0,'0','0',0,'0',0,'0',0,'0',0,'0',0),(35,'情人','34.jpg','法',8.1,'我已经老了，你呢？',' 王道乾',' 玛格丽特·杜拉斯 ',0,'0','0',0,'0',0,'0',0,'0',0,'0',0),(36,'哈利·波特与火焰杯','35.jpg','英',9,'整个系列的分水岭，暗色渐浓',' 马爱新',' J. K. 罗琳 ',0,'0','0',0,'0',0,'0',0,'0',0,'0',0),(37,'哈利·波特与密室','36.jpg','英',8.9,'渐入佳境，魔法世界全貌初现',' 马爱新',' J. K. 罗琳 ',0,'0','0',0,'0',0,'0',0,'0',0,'0',0),(38,'穆斯林的葬礼','37.jpg','中国',8.2,'时代烙印鲜明的民族史诗','','霍达',0,'0','0',0,'0',0,'0',0,'0',0,'0',0),(39,'万历十五年','38.jpg','美',8.9,'见微知著，历史观的颠覆','',' 黄仁宇',0,'0','0',0,'0',0,'0',0,'0',0,'0',0),(40,'盗墓笔记\n\n\n:七星鲁王宫','39.jpg','中国',8.3,'想象奇诡的大型RPG游戏','','南派三叔',0,'0','0',0,'0',0,'0',0,'0',0,'0',0),(41,'窗边的小豆豆','40.jpg','日',8.7,'真正懂孩子的教育经',' 赵玉皎',' 黑柳彻子 著 ',0,'0','0',0,'0',0,'0',0,'0',0,'0',0),(42,'1Q84BOOK1\n\n\n:4月～6月','41.jpg','日',8.3,'村上的野望，欢迎来到1Q84年',' 施小炜',' 村上春树 ',0,'0','0',0,'0',0,'0',0,'0',0,'0',0),(43,'人间失格','42.jpg','日',8.3,'令人无从怜悯的绝望',' 许时嘉',' 太宰治 ',0,'0','0',0,'0',0,'0',0,'0',0,'0',0),(44,'黄金时代\n\n\n:时代三部曲','43.jpg','中国',8.8,'能把性爱写得如此坦荡的，大概只有王二了','','王小波',0,'0','0',0,'0',0,'0',0,'0',0,'0',0),(45,'哈利·波特与混血王子','44.jpg','英',8.8,'感情线纷乱的一部。再见邓布利多',' 马爱农',' J. K. 罗琳 ',0,'0','0',0,'0',0,'0',0,'0',0,'0',0),(46,'老人与海','45.jpg','美',8.3,'正是悲壮赋予生活以意义',' 吴劳',' 海明威 ',0,'0','0',0,'0',0,'0',0,'0',0,'0',0),(47,'向左走·向右走','46.jpg','中国',8.4,'两条平行线相遇的可能','','幾米',0,'0','0',0,'0',0,'0',0,'0',0,'0',0),(48,'1984','47.jpg','英',9.3,'栗树荫下，我出卖你，你出卖我',' 刘绍铭',' 乔治·奥威尔 ',0,'0','0',0,'0',0,'0',0,'0',0,'0',0),(49,'三国演义（全二册）','48.jpg','明',9.2,'是非成败转头空','',' 罗贯中',0,'0','0',0,'0',0,'0',0,'0',0,'0',0),(50,'人类简史\n\n\n:从动物到上帝','49.jpg','以色列',9.1,'跟着人类一同走过十万年',' 林俊宏',' 尤瓦尔·赫拉利 ',0,'0','0',0,'0',0,'0',0,'0',0,'0',0),(51,'哈利·波特与凤凰社','50.jpg','英',8.7,'暴脾气的哈利',' 马爱农',' J. K. 罗琳 ',0,'0','0',0,'0',0,'0',0,'0',0,'0',0),(52,'苏菲的世界','51.jpg','挪威',8.5,'最平易近人的哲学入门',' 萧宝森',' 乔斯坦·贾德 ',0,'0','0',0,'0',0,'0',0,'0',0,'0',0),(53,'悟空传\n\n\n:修订版','52.jpg','中国',8.4,'猴子还是那个猴子，世界早已不是原来的世界','','今何在',0,'0','0',0,'0',0,'0',0,'0',0,'0',0),(54,'牧羊少年奇幻之旅','53.jpg','巴西',8.6,'你自己就是最大的宝藏',' 丁文林','保罗·柯艾略 ',0,'0','0',0,'0',0,'0',0,'0',0,'0',0),(55,'莲花','54.jpg','中国',8,'三个生命的交逢，灵魅清冷','','安妮宝贝',0,'0','0',0,'0',0,'0',0,'0',0,'0',0),(56,'天龙八部','55.jpg','中国',9.1,'“有情皆孽，无人不冤”','','金庸 , 有1996年11月北平第4次印刷本',0,'0','0',0,'0',0,'0',0,'0',0,'0',0),(57,'哈利·波特与死亡圣器','56.jpg','英',9,'',' 马爱农',' J. K. 罗琳 ',0,'0','0',0,'0',0,'0',0,'0',0,'0',0),(58,'呼啸山庄','57.jpg','英',8.4,'近乎暴虐的爱与恨，中文译名后无来者',' 张扬',' 勃朗特 ',0,'0','0',0,'0',0,'0',0,'0',0,'0',0),(59,'亲爱的安德烈','58.jpg','中国',8.7,'龙应台母子对话，两代人的思想碰撞','','龙应台',0,'0','0',0,'0',0,'0',0,'0',0,'0',0),(60,'无声告白','59.jpg','美',8.2,'莉迪亚死了，可他们还不知道',' 孙璐',' 伍绮诗 ',0,'0','0',0,'0',0,'0',0,'0',0,'0',0),(61,'基督山伯爵','60.jpg','中国',9,'完美的复仇，金庸用法语写作应该就是这样','','大仲马 , 周克希',0,'0','0',0,'0',0,'0',0,'0',0,'0',0),(62,'灿烂千阳','61.jpg','美',8.8,'唯有希望与爱可以驱散阴霾',' 李继宏',' 卡勒德·胡赛尼 ',0,'0','0',0,'0',0,'0',0,'0',0,'0',0),(63,'鲁滨逊漂流记','62.jpg','英',8,'最早的荒野求生',' 马静',' 笛福 ',0,'0','0',0,'0',0,'0',0,'0',0,'0',0),(64,'海边的卡夫卡','63.jpg','日',8.1,'背负诅咒的少年，平行世界中的奥德赛',' 林少华',' 村上春树 ',0,'0','0',0,'0',0,'0',0,'0',0,'0',0),(65,'白鹿原','64.jpg','中国',8.7,'中国乡村史诗','','陈忠实',0,'0','0',0,'0',0,'0',0,'0',0,'0',0),(66,'兄弟（上）','65.jpg','中国',8.3,'历史苦难中的个人灾变','','余华',0,'0','0',0,'0',0,'0',0,'0',0,'0',0),(67,'笑傲江湖（全四册）','66.jpg','中国',9,'武侠的壳，政治斗争的核','','金庸',0,'0','0',0,'0',0,'0',0,'0',0,'0',0),(68,'茶花女','67.jpg','法',8.2,'妓女应当拥有爱情吗？',' 王振孙',' 小仲马 ',0,'0','0',0,'0',0,'0',0,'0',0,'0',0),(69,'福尔摩斯探案全集（上中下）','68.jpg','英',9.2,'侦探小说鼻祖',' 丁钟华 等',' 阿·柯南道尔 ',0,'0','0',0,'0',0,'0',0,'0',0,'0',0),(70,'一个陌生女人的来信','69.jpg','奥',8.7,'暗恋的极致',' 张玉书',' 斯台芬·茨威格 ',0,'0','0',0,'0',0,'0',0,'0',0,'0',0),(71,'少有人走的路\n\n\n:心智成熟的旅程','70.jpg','美',8.4,'成熟的心智通向更完善的自我',' 于海生',' M·斯科特·派克 ',0,'0','0',0,'0',0,'0',0,'0',0,'0',0),(72,'房思琪的初恋乐园','71.jpg','中国',9.2,'以血书写的文学','','林奕含',0,'0','0',0,'0',0,'0',0,'0',0,'0',0),(73,'沉默的大多数\n\n\n:王小波杂文随笔全编','72.jpg','中国',9.1,'沉默是沉默者的通行证','','王小波',0,'0','0',0,'0',0,'0',0,'0',0,'0',0),(74,'局外人','73.jpg','法',9,'人生在世，永远也不该演戏作假',' 柳鸣九',' 阿尔贝·加缪 ',0,'0','0',0,'0',0,'0',0,'0',0,'0',0),(75,'骆驼祥子','74.jpg','中国',8.3,'如骆驼喘息般深刻的绝望','','老舍',0,'0','0',0,'0',0,'0',0,'0',0,'0',0),(76,'情书','75.jpg','日',8.6,'一场误会中的两段爱情，东方式的含蓄隐忍',' 穆晓芳',' 岩井俊二 ',0,'0','0',0,'0',0,'0',0,'0',0,'0',0),(77,'民主的细节\n\n\n:美国当代政治观察随笔','76.jpg','中国',8.6,'公民养成手册','','刘瑜',0,'0','0',0,'0',0,'0',0,'0',0,'0',0),(78,'东方快车谋杀案','77.jpg','英',9,'谋杀诡计惊人，波洛的抉择耐人寻味',' 陈尧光',' 阿加莎·克里斯蒂 ',0,'0','0',0,'0',0,'0',0,'0',0,'0',0),(79,'神雕侠侣','78.jpg','中国',8.8,'至情至性，情大于武','','金庸 , 有1996年11月北平第4次印本',0,'0','0',0,'0',0,'0',0,'0',0,'0',0),(80,'了不起的盖茨比','79.jpg','美',8.3,'梦，就像黛西家的那一缕绿光',' 姚乃强',' 菲茨杰拉德 ',0,'0','0',0,'0',0,'0',0,'0',0,'0',0),(81,'遇见未知的自己','80.jpg','中国',8,'都市灵修速成','','张德芬',0,'0','0',0,'0',0,'0',0,'0',0,'0',0),(82,'无人生还','81.jpg','英',8.9,'童谣杀人案',' 祁阿红',' 阿加莎・克里斯蒂 ',0,'0','0',0,'0',0,'0',0,'0',0,'0',0),(83,'肖申克的救赎','82.jpg','美',9.1,'希望让人自由，电影实在太有名',' 施寄青',' 斯蒂芬·金 ',0,'0','0',0,'0',0,'0',0,'0',0,'0',0),(84,'巴黎圣母院','83.jpg','法',8.3,'潜藏于残缺下的美与崇高',' 陈敬容','雨果 ',0,'0','0',0,'0',0,'0',0,'0',0,'0',0),(85,'羊脂球','84.jpg','法',8.1,'资产阶级的道貌岸然',' 柳鸣九',' 莫泊桑 ',0,'0','0',0,'0',0,'0',0,'0',0,'0',0),(86,'呐喊','85.jpg','中国',8.9,'新文学的第一声呐喊','','鲁迅',0,'0','0',0,'0',0,'0',0,'0',0,'0',0),(87,'当我谈跑步时我谈些什么','86.jpg','日',8.1,'村上同志告诉我们，身体是革命的本钱',' 施小炜',' 村上春树 ',0,'0','0',0,'0',0,'0',0,'0',0,'0',0),(88,'乌合之众\n\n\n:大众心理研究','87.jpg','法',8.2,'群氓心理剖析',' 冯克利',' 勒庞 ',0,'0','0',0,'0',0,'0',0,'0',0,'0',0),(89,'动物农场','88.jpg','英',9.2,'太阳底下并无新事',' 荣如德',' 乔治·奥威尔 ',0,'0','0',0,'0',0,'0',0,'0',0,'0',0),(90,'爱你就像爱生命','89.jpg','中国',8.8,'王小波与李银河的两地书','','王小波',0,'0','0',0,'0',0,'0',0,'0',0,'0',0),(91,'红玫瑰与白玫瑰','90.jpg','中国',8.4,'蚊子血还是饭黏子？','','张爱玲',0,'0','0',0,'0',0,'0',0,'0',0,'0',0),(92,'安徒生童话故事集','91.jpg','丹麦',9.2,'远不是童话那么简单',' 叶君健',' 安徒生 ',0,'0','0',0,'0',0,'0',0,'0',0,'0',0),(93,'巨人的陨落\n\n\n:世纪三部曲','92.jpg','英',8.9,'五个家族，一场战争',' 于大卫',' 肯·福莱特 ',0,'0','0',0,'0',0,'0',0,'0',0,'0',0),(94,'这些都是你给我的爱','93.jpg','中国',8.4,'只言片语的温暖','','文：安东尼',0,'0','0',0,'0',0,'0',0,'0',0,'0',0),(95,'鬼吹灯之精绝古城','94.jpg','中国',8.1,'盗墓祖师名不虚传','','天下霸唱',0,'0','0',0,'0',0,'0',0,'0',0,'0',0),(96,'这些人，那些事','95.jpg','中国',8.8,'平淡叙述下的惊心动魄','','吴念真',0,'0','0',0,'0',0,'0',0,'0',0,'0',0),(97,'华胥引（全二册）','96.jpg','中国',8.4,'现实不如梦中的圆满','','唐七公子',0,'0','0',0,'0',0,'0',0,'0',0,'0',0),(98,'喜宝','97.jpg','中国',8,'爱情才是终极的奢侈品','','亦舒',0,'0','0',0,'0',0,'0',0,'0',0,'0',0),(99,'陪安东尼度过漫长岁月','98.jpg','中国',8.3,'真正的片段式写作','','安东尼',0,'0','0',0,'0',0,'0',0,'0',0,'0',0),(100,'半生缘','99.jpg','中国',8.6,'世钧，我们回不去了','','张爱玲',0,'0','0',0,'0',0,'0',0,'0',0,'0',0),(101,'阿Q正传','100.jpg','中国',8.7,'哀其不幸，怒其不争','','鲁迅',0,'0','0',0,'0',0,'0',0,'0',0,'0',0),(102,'城南旧事\n\n\n:纪念普及版','101.jpg','中国',9,'长亭外，古道边，芳草碧连天','','林海音 文',0,'0','0',0,'0',0,'0',0,'0',0,'0',0),(103,'射雕英雄传（全四册）','102.jpg','中国',8.9,'侠之大者，为国为民','','金庸',0,'0','0',0,'0',0,'0',0,'0',0,'0',0),(104,'一个人的朝圣','103.jpg','英',8.1,'关于爱和信念的旅行',' 黄妙瑜',' 蕾秋·乔伊斯 ',0,'0','0',0,'0',0,'0',0,'0',0,'0',0),(105,'我不喜欢这世界，我只喜欢你','104.jpg','中国',8,'一想到能和你共度余生，我就对余生充满期待','','乔一',0,'0','0',0,'0',0,'0',0,'0',0,'0',0),(106,'梦里花落知多少','105.jpg','中国',8.8,'哀而不伤','','三毛',0,'0','0',0,'0',0,'0',0,'0',0,'0',0),(107,'如何阅读一本书','106.jpg','美',8.4,'读书的方法论',' 郝明义',' 莫提默·J. 艾德勒 ',0,'0','0',0,'0',0,'0',0,'0',0,'0',0),(108,'一只特立独行的猪','107.jpg','中国',8.8,'生活就是个缓慢受锤的过程，至少还可以特立独行','','王小波',0,'0','0',0,'0',0,'0',0,'0',0,'0',0),(109,'月亮与六便士','108.jpg','英',8.8,'',' 徐淳刚',' 威廉·萨默塞特·毛姆 ',0,'0','0',0,'0',0,'0',0,'0',0,'0',0),(110,'地下铁','109.jpg','中国',8.3,'黑暗世界中的点滴亮光','','幾米',0,'0','0',0,'0',0,'0',0,'0',0,'0',0),(111,'格林童话全集','110.jpg','中国',9,'许多隐晦','','格林兄弟 , 魏以新',0,'0','0',0,'0',0,'0',0,'0',0,'0',0),(112,'孩子你慢慢来','111.jpg','中国',8.8,'我们现在怎样做母亲','','龙应台',0,'0','0',0,'0',0,'0',0,'0',0,'0',0),(113,'月亮忘記了','112.jpg','中国',8.6,'月明星稀的晚上，看不见的，看见了','','幾米',0,'0','0',0,'0',0,'0',0,'0',0,'0',0),(114,'孤独六讲','113.jpg','中国',8.1,'作为一种美学的孤独','','蒋勋',0,'0','0',0,'0',0,'0',0,'0',0,'0',0),(115,'此间的少年','114.jpg','中国',8.4,'象牙塔里的金庸群侠','','江南',0,'0','0',0,'0',0,'0',0,'0',0,'0',0),(116,'刀锋','115.jpg','英',9,'一把刀的锋刃不容易越过；因此智者说得救之道是困难的',' 周煦良','毛姆 ',0,'0','0',0,'0',0,'0',0,'0',0,'0',0),(117,'朝花夕拾','116.jpg','中国',8.7,'鲁迅的旧事重提','','鲁迅',0,'0','0',0,'0',0,'0',0,'0',0,'0',0),(118,'步步惊心','117.jpg','中国',8.1,'现世太苦，不如穿越回去从头来过','','桐华',0,'0','0',0,'0',0,'0',0,'0',0,'0',0),(119,'麦琪的礼物\n\n\n:欧·亨利短篇小说经典','118.jpg','美',8.6,'日常的奇迹',' 张经浩',' 欧·亨利 ',0,'0','0',0,'0',0,'0',0,'0',0,'0',0),(120,'尘埃落定','119.jpg','中国',8.4,'一个傻子的土司家族传奇','','阿来',0,'0','0',0,'0',0,'0',0,'0',0,'0',0),(121,'一個人住第5年','120.jpg','日',8.4,'独居生活之乐',' 洪俞君',' 高木直子 ',0,'0','0',0,'0',0,'0',0,'0',0,'0',0),(122,'荆棘鸟','121.jpg','澳',8.6,'澳洲乱世情',' 曾胡',' 考琳·麦卡洛 ',0,'0','0',0,'0',0,'0',0,'0',0,'0',0),(123,'菊与刀\n\n\n:日本文化的类型','122.jpg','美',8.2,'复杂矛盾的日本民族',' 吕万和',' 鲁思・本尼迪克特 ',0,'0','0',0,'0',0,'0',0,'0',0,'0',0),(124,'杀死一只知更鸟','123.jpg','美',9.2,'有一种东西不能遵循从众原则，那就是——人的良心',' 高红梅',' 哈珀·李 ',0,'0','0',0,'0',0,'0',0,'0',0,'0',0),(125,'哭泣的骆驼','124.jpg','中国',8.9,'沙漠中寻常的生与死','','三毛',0,'0','0',0,'0',0,'0',0,'0',0,'0',0),(126,'那些回不去的年少时光','125.jpg','中国',8.5,'所有你曾热爱却正在遗忘的人和事','','桐华',0,'0','0',0,'0',0,'0',0,'0',0,'0',0),(127,'常识','126.jpg','中国',8.1,'献给这个常识稀缺的时代','','梁文道',0,'0','0',0,'0',0,'0',0,'0',0,'0',0),(128,'寻路中国\n\n\n:从乡村到工厂的自驾之旅','127.jpg','美',9,'中国在路上，非虚构写作所能达到的高度',' 李雪顺',' 彼得·海斯勒 ',0,'0','0',0,'0',0,'0',0,'0',0,'0',0),(129,'球状闪电','128.jpg','中国',8.7,'量子之外，没有真相','','刘慈欣',0,'0','0',0,'0',0,'0',0,'0',0,'0',0),(130,'金锁记','129.jpg','中国',8.5,'曹七巧就像希克厉，一个扭曲的英雄','','张爱玲',0,'0','0',0,'0',0,'0',0,'0',0,'0',0),(131,'你好，旧时光（上下）','130.jpg','中国',8.8,'原作名切题','','八月长安',0,'0','0',0,'0',0,'0',0,'0',0,'0',0),(132,'查令十字街84号','131.jpg','美',8.3,'文艺青年的爱情地标',' 陈建铭',' 海莲·汉芙 ',0,'0','0',0,'0',0,'0',0,'0',0,'0',0),(133,'悲惨世界（上中下）','132.jpg','法',8.9,'现实主义与浪漫主义的至高杰作',' 李丹',' 雨果 ',0,'0','0',0,'0',0,'0',0,'0',0,'0',0),(134,'时间旅行者的妻子','133.jpg','美',8.1,'在时间的缝隙中穿行，然后相遇',' 夏金',' 奥德丽·尼芬格 ',0,'0','0',0,'0',0,'0',0,'0',0,'0',0),(135,'海底两万里','134.jpg','法国',8.4,'你听说过鹦鹉螺号吗？',' 沈国华',' 儒尔·凡尔纳 ',0,'0','0',0,'0',0,'0',0,'0',0,'0',0),(136,'海贼王\n\n\n:ONEPIECE','135.jpg','中国',9.5,'热血，梦想，希望','','尾田荣一郎 , 董科',0,'0','0',0,'0',0,'0',0,'0',0,'0',0),(137,'史蒂夫·乔布斯传','136.jpg','美',8.7,'完美主义者的最高形态',' 管延圻',' 沃尔特·艾萨克森 ',0,'0','0',0,'0',0,'0',0,'0',0,'0',0),(138,'鹿鼎记（全五册）','137.jpg','中国',8.8,'武侠的解构，流氓的狂欢','','金庸',0,'0','0',0,'0',0,'0',0,'0',0,'0',0),(139,'失恋33天\n\n\n:小说，或是指南','138.jpg','中国',8.1,'失恋是一种病，痊愈之后百毒不侵','','鲍鲸鲸',0,'0','0',0,'0',0,'0',0,'0',0,'0',0),(140,'飞鸟集','139.jpg','印',8.9,'淡泊，超脱',' 徐翰林',' 罗宾德拉纳德·泰戈尔 ',0,'0','0',0,'0',0,'0',0,'0',0,'0',0),(141,'你今天真好看','140.jpg','美',8.7,'呆萌可爱的动物段子手',' 周高逸','莉兹•克里莫 ',0,'0','0',0,'0',0,'0',0,'0',0,'0',0),(142,'东霓','141.jpg','中国',8.1,'自毁而偏执的东霓','','笛安',0,'0','0',0,'0',0,'0',0,'0',0,'0',0),(143,'长恨歌','142.jpg','中国',8.2,'现代上海史诗','','王安忆',0,'0','0',0,'0',0,'0',0,'0',0,'0',0),(144,'富爸爸，穷爸爸','143.jpg','美',8.2,'人穷穷观念，人富钱生钱',' 杨君，杨明',' 罗伯特・T・清崎 ',0,'0','0',0,'0',0,'0',0,'0',0,'0',0),(145,'你一定爱读的极简欧洲史\n\n\n:为什么欧洲对现代文明的影响这么深','144.jpg','澳',8.2,'欧洲，为什么老是抢第一？',' 席玉苹',' 约翰·赫斯特（John Hirst） ',0,'0','0',0,'0',0,'0',0,'0',0,'0',0),(146,'倚天屠龙记(共四册)','145.jpg','中国',8.6,'不识张郎是张郎','','金庸',0,'0','0',0,'0',0,'0',0,'0',0,'0',0),(147,'流浪地球\n\n\n:刘慈欣获奖作品','146.jpg','中国',8.6,'','','刘慈欣',0,'0','0',0,'0',0,'0',0,'0',0,'0',0),(148,'水浒传（全二册）','147.jpg','中国',8.5,'风风火火闯九州','','施耐庵',0,'0','0',0,'0',0,'0',0,'0',0,'0',0),(149,'历史深处的忧虑\n\n\n:近距离看美国之一','148.jpg','中国',9,'窥见美国社会的一扇窗','','林达',0,'0','0',0,'0',0,'0',0,'0',0,'0',0),(150,'雷雨','149.jpg','中国',8.6,'人的心都靠不住，我并不是说人坏，我就是恨人性太弱，太容易变了','','曹禺',0,'0','0',0,'0',0,'0',0,'0',0,'0',0),(151,'伊豆的舞女','150.jpg','日',8.2,'静美又残酷，无限柔软的川端',' 叶渭渠',' 川端康成 ',0,'0','0',0,'0',0,'0',0,'0',0,'0',0),(152,'西游记（全二册）','151.jpg','中国',8.8,'取经之路就在脚下','','吴承恩 , 黄肃秋 注释',0,'0','0',0,'0',0,'0',0,'0',0,'0',0),(153,'时间简史\n\n\n:插图本','152.jpg','英',8.8,'霍金与上帝的战争',' 许明贤',' 史蒂芬·霍金 ',0,'0','0',0,'0',0,'0',0,'0',0,'0',0),(154,'大地之灯','153.jpg','中国',8.2,'两代人的成长与救赎','','七堇年',0,'0','0',0,'0',0,'0',0,'0',0,'0',0),(155,'瓦尔登湖','154.jpg','美',8.4,'另一种生活',' 徐迟',' 梭罗 ',0,'0','0',0,'0',0,'0',0,'0',0,'0',0),(156,'最好的我们','155.jpg','中国',8.8,'耿耿余淮','','八月长安',0,'0','0',0,'0',0,'0',0,'0',0,'0',0),(157,'狂人日记','156.jpg','中国',8.7,'中国现代文学史上第一篇真正的现代白话小说','','鲁迅',0,'0','0',0,'0',0,'0',0,'0',0,'0',0),(158,'中国历代政治得失','157.jpg','中国',9.1,'一部简明的“中国政治制度史”','','钱穆',0,'0','0',0,'0',0,'0',0,'0',0,'0',0),(159,'一九八四·动物农场','158.jpg','英',9.3,'一个预言和一个寓言，令人窒息的政治恐怖',' 董乐山',' 乔治·奥威尔 ',0,'0','0',0,'0',0,'0',0,'0',0,'0',0),(160,'红与黑','159.jpg','法',8.2,'阴谋与爱情',' 张冠尧',' 斯丹达尔 ',0,'0','0',0,'0',0,'0',0,'0',0,'0',0),(161,'香水\n\n\n:一个谋杀犯的故事','160.jpg','德',8.5,'恋味癖谋杀案',' 李清华',' 帕·聚斯金德 ',0,'0','0',0,'0',0,'0',0,'0',0,'0',0),(162,'橙\n\n\n:陪安东尼度过漫长岁月Ⅱ','161.jpg','中国',8.2,'定做一个刻着“不过如此”的章，盖在封面上','','安东尼',0,'0','0',0,'0',0,'0',0,'0',0,'0',0),(163,'匆匆那年（上下）','162.jpg','中国',8.3,'不悔梦归处 只恨太匆匆','','九夜茴',0,'0','0',0,'0',0,'0',0,'0',0,'0',0),(164,'影响力','163.jpg','美',8.6,'营销防骗指南',' 陈叙',' 罗伯特·西奥迪尼 ',0,'0','0',0,'0',0,'0',0,'0',0,'0',0),(165,'看不见的城市','164.jpg','意大利',8.8,'每一座城市都只在想象中耸立，又在描述中坍圮',' 张宓','伊塔洛·卡尔维诺 ',0,'0','0',0,'0',0,'0',0,'0',0,'0',0),(166,'陆犯焉识','165.jpg','中国',8.8,'翻手为苍凉，覆手为繁华','','严歌苓',0,'0','0',0,'0',0,'0',0,'0',0,'0',0),(167,'世界尽头与冷酷仙境','166.jpg','日',8.6,'交叉平行蒙太奇',' 林少华',' 村上春树 ',0,'0','0',0,'0',0,'0',0,'0',0,'0',0),(168,'我与地坛\n\n\n:史铁生代表作','167.jpg','中国',9,'这是你的罪孽与福祉','','史铁生',0,'0','0',0,'0',0,'0',0,'0',0,'0',0),(169,'夏洛的网','168.jpg','美',8.5,'猪与蜘蛛',' 任溶溶',' E.B.怀特 ',0,'0','0',0,'0',0,'0',0,'0',0,'0',0),(170,'江城','169.jpg','美',9,'外国人的寻路中国',' 李雪顺',' 彼得·海斯勒 ',0,'0','0',0,'0',0,'0',0,'0',0,'0',0),(171,'冰与火之歌（卷一）\n\n\n:权力的游戏','170.jpg','美',9.3,'凛冬将至。无比宏大的世界观',' 谭光磊',' 乔治·R. R. 马丁 ',0,'0','0',0,'0',0,'0',0,'0',0,'0',0),(172,'呼兰河传\n\n\n:1947年版本・原版珍藏','171.jpg','中国',8.9,'萧红的童年往事','','萧红',0,'0','0',0,'0',0,'0',0,'0',0,'0',0),(173,'把时间当作朋友\n\n\n:运用心智获得解放','172.jpg','中国',8.5,'反成功学的成功学','','李笑来',0,'0','0',0,'0',0,'0',0,'0',0,'0',0),(174,'那些年，我们一起追的女孩','173.jpg','中国',8.2,'那些年错过的大雨','','九把刀',0,'0','0',0,'0',0,'0',0,'0',0,'0',0),(175,'自控力\n\n\n:斯坦福大学最受欢迎心理学课程','174.jpg','美',8.3,'要么瘦，要么死',' 王岑卉','  凯利·麦格尼格尔 ',0,'0','0',0,'0',0,'0',0,'0',0,'0',0),(176,'阿狸·梦之城堡','175.jpg','中国',9,'治愈','','hans',0,'0','0',0,'0',0,'0',0,'0',0,'0',0),(177,'往事并不如烟','176.jpg','中国',8.6,'知识分子的命运浮沉','','章诒和',0,'0','0',0,'0',0,'0',0,'0',0,'0',0),(178,'七夜雪','177.jpg','中国',8.4,'抵不过时间','','沧月',0,'0','0',0,'0',0,'0',0,'0',0,'0',0),(179,'天使与魔鬼','178.jpg','美',8.1,'科学与宗教的大乱斗',' 朱振武',' 丹.布朗 ',0,'0','0',0,'0',0,'0',0,'0',0,'0',0),(180,'变形记\n\n\n:卡夫卡小说','179.jpg','奥',8.4,'格里高里清早醒来发现自己变成了甲虫',' 叶廷芳',' 卡夫卡 ',0,'0','0',0,'0',0,'0',0,'0',0,'0',0),(181,'ZOO','180.jpg','日',8.6,'噩梦中的一丝温度',' 李颖秋',' 乙一 ',0,'0','0',0,'0',0,'0',0,'0',0,'0',0),(182,'人生','181.jpg','中国',8.4,'如果你是高加林，你要如何选择？','','路遥',0,'0','0',0,'0',0,'0',0,'0',0,'0',0),(183,'蔷薇岛屿','182.jpg','中国',8,'你们不会彼此遗忘。只会彼此消失','','安妮宝贝',0,'0','0',0,'0',0,'0',0,'0',0,'0',0),(184,'国境以南太阳以西','183.jpg','日',8.3,'灾星下出生的恋人们',' 林少华',' 村上春树 ',0,'0','0',0,'0',0,'0',0,'0',0,'0',0),(185,'人性的弱点全集','184.jpg','美',8.3,'西方世界最持久的人文畅销书',' 袁玲',' 戴尔·卡耐基 ',0,'0','0',0,'0',0,'0',0,'0',0,'0',0),(186,'最初的爱情最后的仪式','185.jpg','英',8,'别被封面骗了',' 潘帕',' 伊恩·麦克尤恩 ',0,'0','0',0,'0',0,'0',0,'0',0,'0',0),(187,'我的天才女友\n\n\n:那不勒斯四部曲-01','186.jpg','意',8.5,'',' 陈英',' 埃莱娜·费兰特 ',0,'0','0',0,'0',0,'0',0,'0',0,'0',0),(188,'京华烟云','187.jpg','中国',8.5,'林语堂的《红楼梦》','','林语堂 , 张振玉',0,'0','0',0,'0',0,'0',0,'0',0,'0',0),(189,'没有色彩的多崎作和他的巡礼之年','188.jpg','日',8.2,'并不是一切都消失在了时间的长河里',' 施小炜',' 村上春树 ',0,'0','0',0,'0',0,'0',0,'0',0,'0',0),(190,'文学回忆录（全2册）\n\n\n:1989—1994','189.jpg','中国',9.2,'木心留给世界的礼物','','木心 讲述',0,'0','0',0,'0',0,'0',0,'0',0,'0',0),(191,'一句顶一万句','190.jpg','中国',8.7,'一句胜过千年','','刘震云',0,'0','0',0,'0',0,'0',0,'0',0,'0',0),(192,'生活在别处','191.jpg','捷克',8.4,'此处的生活唯有残酷',' 袁筱一',' 米兰·昆德拉 ',0,'0','0',0,'0',0,'0',0,'0',0,'0',0),(193,'未来简史','192.jpg','以色列',8.4,'',' 林俊宏',' 尤瓦尔·赫拉利 ',0,'0','0',0,'0',0,'0',0,'0',0,'0',0),(194,'心是孤独的猎手','193.jpg','美',8.5,'镇上有两个哑巴，他们总是在一起。',' 陈笑黎',' 卡森·麦卡勒斯 ',0,'0','0',0,'0',0,'0',0,'0',0,'0',0),(195,'尼罗河上的惨案','194.jpg','英',8.7,'阿婆代表作之一',' 宫英海',' 阿加莎·克里斯蒂 ',0,'0','0',0,'0',0,'0',0,'0',0,'0',0),(196,'设计中的设计','195.jpg','日',8.6,'日常生活的无限可能性',' 朱锷',' 原研哉 ',0,'0','0',0,'0',0,'0',0,'0',0,'0',0),(197,'佛祖在一号线','196.jpg','中国',8.2,'嬉笑怒骂的常识分子','','李海鹏',0,'0','0',0,'0',0,'0',0,'0',0,'0',0),(198,'项链\n\n\n:莫泊桑中短篇小说选','197.jpg','法',8.3,'',' 顾加琛 等',' 莫泊桑 ',0,'0','0',0,'0',0,'0',0,'0',0,'0',0),(199,'激荡三十年（上）\n\n\n:中国企业1978-2008','198.jpg','中国',8.8,'这是一个最好的时代，也是一个最坏的时代','','吴晓波',0,'0','0',0,'0',0,'0',0,'0',0,'0',0),(200,'我执','199.jpg','中国',8,'梁文道的私密日记','','梁文道',0,'0','0',0,'0',0,'0',0,'0',0,'0',0),(201,'父与子全集','200.jpg','德',9.2,'',' 杨莹',' 埃·奥·卜劳恩 绘 ',0,'0','0',0,'0',0,'0',0,'0',0,'0',0),(202,'罗生门','201.jpg','日',8.7,'',' 林少华','芥川龙之介 ',0,'0','0',0,'0',0,'0',0,'0',0,'0',0),(203,'偷书贼','202.jpg','澳',8,'不能说偷，是窃，窃你懂吗',' 孙张静',' 马克斯·苏萨克 ',0,'0','0',0,'0',0,'0',0,'0',0,'0',0),(204,'人间词话','203.jpg','中国',9,'','','王国维',0,'0','0',0,'0',0,'0',0,'0',0,'0',0),(205,'九州·缥缈录','204.jpg','中国',8.8,'乱世的英雄史诗','','江南',0,'0','0',0,'0',0,'0',0,'0',0,'0',0),(206,'我的精神家园\n\n\n:王小波杂文自选集','205.jpg','中国',9.1,'活过，爱过，写过','','王小波',0,'0','0',0,'0',0,'0',0,'0',0,'0',0),(207,'一千零一夜','206.jpg','中国',8.6,'','','纳训',0,'0','0',0,'0',0,'0',0,'0',0,'0',0),(208,'妻妾成群','207.jpg','中国',8.2,'','','苏童',0,'0','0',0,'0',0,'0',0,'0',0,'0',0),(209,'野火集\n\n\n:二十年纪念版','208.jpg','中国',8.8,'中国人你为什么不生气？','','龙应台',0,'0','0',0,'0',0,'0',0,'0',0,'0',0),(210,'海子的诗','209.jpg','中国',8.9,'','','海子',0,'0','0',0,'0',0,'0',0,'0',0,'0',0),(211,'第一炉香','210.jpg','中国',8.4,'','','张爱玲',0,'0','0',0,'0',0,'0',0,'0',0,'0',0),(212,'芳华','211.jpg','中国',8.1,'','','严歌苓',0,'0','0',0,'0',0,'0',0,'0',0,'0',0),(213,'占星术杀人魔法','212.jpg','日',8.3,'一桩占星术连续杀人案件',' 王鹏帆',' 岛田庄司 ',0,'0','0',0,'0',0,'0',0,'0',0,'0',0),(214,'面纱','213.jpg','英',8.7,'',' 阮景林',' W.萨默塞特·毛姆 ',0,'0','0',0,'0',0,'0',0,'0',0,'0',0),(215,'教父','214.jpg','美',9,'',' 周汉林','马里奥·普佐 ',0,'0','0',0,'0',0,'0',0,'0',0,'0',0),(216,'雨季不再来','215.jpg','中国',8.7,'','','三毛',0,'0','0',0,'0',0,'0',0,'0',0,'0',0),(217,'娱乐至死','216.jpg','美',8.6,'',' 章艳',' 尼尔·波兹曼 ',0,'0','0',0,'0',0,'0',0,'0',0,'0',0),(218,'舞！舞！舞！','217.jpg','日',8.3,'深入村上春树的心灵腹地',' 林少华',' 村上春树 ',0,'0','0',0,'0',0,'0',0,'0',0,'0',0),(219,'浪潮之巅','218.jpg','中国',9.1,'了解IT领域的入门读物','','吴军',0,'0','0',0,'0',0,'0',0,'0',0,'0',0),(220,'斯通纳','219.jpg','美',8.8,'',' 杨向荣',' 约翰·威廉斯 ',0,'0','0',0,'0',0,'0',0,'0',0,'0',0),(221,'万水千山走遍','220.jpg','中国',8.8,'','','三毛',0,'0','0',0,'0',0,'0',0,'0',0,'0',0),(222,'哈姆莱特','221.jpg','英',8.5,'',' 朱生豪',' 莎士比亚 ',0,'0','0',0,'0',0,'0',0,'0',0,'0',0),(223,'高效能人士的七个习惯（精华版）','222.jpg','美',8.2,'',' 高新勇',' 史蒂芬·柯维 ',0,'0','0',0,'0',0,'0',0,'0',0,'0',0),(224,'动物凶猛','223.jpg','中国',8.3,'','','王朔',0,'0','0',0,'0',0,'0',0,'0',0,'0',0),(225,'子不语1','224.jpg','中国',9,'','','夏达',0,'0','0',0,'0',0,'0',0,'0',0,'0',0),(226,'台北人','225.jpg','中国',8.9,'','','白先勇',0,'0','0',0,'0',0,'0',0,'0',0,'0',0),(227,'小姨多鹤','226.jpg','中国',8.6,'','','严歌苓',0,'0','0',0,'0',0,'0',0,'0',0,'0',0),(228,'罗杰疑案','227.jpg','英',8.9,'',' 张江云',' 阿加莎·克里斯蒂 ',0,'0','0',0,'0',0,'0',0,'0',0,'0',0),(229,'观念的水位','228.jpg','中国',8.3,'','','刘瑜',0,'0','0',0,'0',0,'0',0,'0',0,'0',0),(230,'夹边沟记事','229.jpg','中国',9.2,'','','杨显惠',0,'0','0',0,'0',0,'0',0,'0',0,'0',0),(231,'爱的艺术','230.jpg','美',8.8,'',' 李健鸣',' 艾·弗洛姆 ',0,'0','0',0,'0',0,'0',0,'0',0,'0',0),(232,'雾都孤儿','231.jpg','英',8.1,'',' 荣如德','狄更斯 ',0,'0','0',0,'0',0,'0',0,'0',0,'0',0),(233,'新名字的故事\n\n\n:那不勒斯四部曲-02','232.jpg','意',9,'',' 陈英',' 埃莱娜·费兰特 ',0,'0','0',0,'0',0,'0',0,'0',0,'0',0),(234,'巨流河','233.jpg','中国',8.7,'','','齐邦媛',0,'0','0',0,'0',0,'0',0,'0',0,'0',0),(235,'动物庄园','234.jpg','英',9.1,'',' 张毅 高孝先',' 乔治·奥威尔 ',0,'0','0',0,'0',0,'0',0,'0',0,'0',0),(236,'白银时代\n\n\n:时代三部曲','235.jpg','中国',8.4,'','','王小波',0,'0','0',0,'0',0,'0',0,'0',0,'0',0),(237,'中国大历史','236.jpg','中国',8.3,'','','黄仁宇',0,'0','0',0,'0',0,'0',0,'0',0,'0',0),(238,'新参者','237.jpg','日',8.4,'',' 岳远坤',' 东野圭吾 ',0,'0','0',0,'0',0,'0',0,'0',0,'0',0),(239,'琅琊榜','238.jpg','中国',8.5,'','','海宴',0,'0','0',0,'0',0,'0',0,'0',0,'0',0),(240,'寻羊冒险记','239.jpg','日',8.1,'',' 林少华',' 村上春树 ',0,'0','0',0,'0',0,'0',0,'0',0,'0',0),(241,'枪炮、病菌与钢铁\n\n\n:人类社会的命运','240.jpg','美',8.8,'',' 谢延光',' 贾雷德·戴蒙德 ',0,'0','0',0,'0',0,'0',0,'0',0,'0',0),(242,'告白','241.jpg','中国',8.6,'','','湊佳苗 , 丁世佳',0,'0','0',0,'0',0,'0',0,'0',0,'0',0),(243,'红拂夜奔','242.jpg','中国',8.6,'','','王小波',0,'0','0',0,'0',0,'0',0,'0',0,'0',0),(244,'云中歌1','243.jpg','中国',8.1,'','','桐华',0,'0','0',0,'0',0,'0',0,'0',0,'0',0),(245,'带一本书去巴黎','244.jpg','中国',8.5,'','','林达',0,'0','0',0,'0',0,'0',0,'0',0,'0',0),(246,'来不及说我爱你','245.jpg','中国',8.1,'','','匪我思存',0,'0','0',0,'0',0,'0',0,'0',0,'0',0),(247,'相约星期二','246.jpg','美',8.4,'',' 吴洪',' 米奇·阿尔博姆 ',0,'0','0',0,'0',0,'0',0,'0',0,'0',0),(248,'退步集','247.jpg','中国',8.1,'','','陈丹青',0,'0','0',0,'0',0,'0',0,'0',0,'0',0),(249,'可爱的洪水猛兽','248.jpg','中国',8.1,'','','韩寒',0,'0','0',0,'0',0,'0',0,'0',0,'0',0),(250,'一个叫欧维的男人决定去死','249.jpg','瑞典',9,'',' 宁蒙',' 弗雷德里克·巴克曼 ',0,'0','0',0,'0',0,'0',0,'0',0,'0',0);
/*!40000 ALTER TABLE `index_book` ENABLE KEYS */;
UNLOCK TABLES;

--
-- Table structure for table `index_chat`
--

DROP TABLE IF EXISTS `index_chat`;
/*!40101 SET @saved_cs_client     = @@character_set_client */;
 SET character_set_client = utf8mb4 ;
CREATE TABLE `index_chat` (
  `chat_id` int(11) NOT NULL AUTO_INCREMENT,
  `chat_text` varchar(1000) NOT NULL,
  `chat_user` varchar(20) NOT NULL,
  `chat_date` varchar(20) NOT NULL,
  `chat_img` varchar(100) DEFAULT NULL,
  `chat_video` varchar(100) DEFAULT NULL,
  `chat_title` varchar(100) NOT NULL,
  `like_times` int(11) NOT NULL,
  `chat_user_id` varchar(20) NOT NULL,
  PRIMARY KEY (`chat_id`)
) ENGINE=InnoDB AUTO_INCREMENT=49 DEFAULT CHARSET=utf8mb4 COLLATE=utf8mb4_0900_ai_ci;
/*!40101 SET character_set_client = @saved_cs_client */;

--
-- Dumping data for table `index_chat`
--

LOCK TABLES `index_chat` WRITE;
/*!40000 ALTER TABLE `index_chat` DISABLE KEYS */;
INSERT INTO `index_chat` VALUES (38,'ggg','23333','2019-05-31','0.jpg','aa.mp4','ggggggg',0,'1'),(39,'还有不同的扩展名，都还有不同的扩展名，都还有不同的扩展名，都还有不同的扩展名，都还有不同的扩展名，都还有不同的扩展名，都还有不同的扩展名，都还有不同的扩展名，都还有不同的扩展名，都还有不同的扩展名，都还有不同的扩展名，都还有不同的扩展名，都还有不同的扩展名，都还有不同的扩展名，都还有不同的扩展名，都还有不同的扩展名，都还有不同的扩展名，都还有不同的扩展名，都还有不同的扩展名，都还有不同的扩展名，都还有不同的扩展名，都还有不同的扩展名，都还有不同的扩展名，都还有不同的扩展名，都还有不同的扩展名，都还有不同的扩展名，都还有不同的扩展名，都还有不同的扩展名，都还有不同的扩展名，都还有不同的扩展名，都还有不同的扩展名，都还有不同的扩展名，都还有不同的扩展名，都还有不同的扩展名，都还有不同的扩展名，都还有不同的扩展名，都还有不同的扩展名，都还有不同的扩展名，都还有不同的扩展名，都还有不同的扩展名，都还有不同的扩展名，都还有不同的扩展名，都还有不同的扩展名，都还有不同的扩展名，都还有不同的扩展名，都还有不同的扩展名，都还有不同的扩展名，都还有不同的扩展名，都还有不同的扩展名，都还有不同的扩展名，都还有不同的扩展名，都还有不同的扩展名，都还有不同的扩展名，都还有不同的扩展名，都还有不同的扩展名，都还有不同的扩展名，都还有不同的扩展名，都还有不同的扩展名，都还有不同的扩展名，都还有不同的扩展名，都还有不同的扩展名，都还有不同的扩展名，都还有不同的扩展名，都还有不同的扩展名，都还有不同的扩展名，都还有不同的扩展名，都还有不同的扩展名，都还有不同的扩展名，都还有不同的扩展名，都还有不同的扩展名，都还有不同的扩展名，都还有不同的扩展名，都还有不同的扩展名，都还有不同的扩展名，都还有不同的扩展名，都还有不同的扩展名，都还有不同的扩展名，都还有不同的扩展名，都还有不同的扩展名，都还有不同的扩展名，都还有不同的扩展名，都还有不同的扩展名，都还有不同的扩展名，都还有不同的扩展名，','23333','2019-05-31','0.jpg','aa.mp4','解决Chrome不能播放mp4视频的问题和HLS视频播放',0,'1'),(40,'   少时诵诗书搜索\r\n  啦啦啦啦啦啦啦啦\r\n  少时诵诗书搜索所所','23333','2019-05-31',NULL,NULL,'解决Chrome不能播放mp4视频的问题和HLS视频播放',0,'1'),(41,'还有不同的扩展名，都还有不同的扩展名，都还有不同的扩展名，都还有不同的扩展名，都还有不同的扩展名，都还有不同的扩展名，都还有不同的扩展名，都还有不同的扩展名，都还有不同的扩展名，都还有不同的扩展名，都还有不同的扩展名，都还有不同的扩展名，都还有不同的扩展名，都还有不同的扩展名，都还有不同的扩展名，都还有不同的扩展名，都还有不同的扩展名，都还有不同的扩展名，都还有不同的扩展名，都还有不同的扩展名，都还有不同的扩展名，都还有不同的扩展名，都还有不同的扩展名，都还有不同的扩展名，都还有不同的扩展名，都还有不同的扩展名，都还有不同的扩展名，都还有不同的扩展名，都还有不同的扩展名，都还有不同的扩展名，都还有不同的扩展名，都还有不同的扩展名，都还有不同的扩展名，都还有不同的扩展名，都还有不同的扩展名，都还有不同的扩展名，都还有不同的扩展名，都还有不同的扩展名，都还有不同的扩展名，都还有不同的扩展名，都还有不同的扩展名，都还有不同的扩展名，都还有不同的扩展名，都还有不同的扩展名，都还有不同的扩展名，都还有不同的扩展名，都还有不同的扩展名，都还有不同的扩展名，都还有不同的扩展名，都还有不同的扩展名，都还有不同的扩展名，都还有不同的扩展名，都还有不同的扩展名，都还有不同的扩展名，都还有不同的扩展名，都还有不同的扩展名，都还有不同的扩展名，都还有不同的扩展名，都还有不同的扩展名，都还有不同的扩展名，都还有不同的扩展名，都还有不同的扩展名，都还有不同的扩展名，都还有不同的扩展名，都还有不同的扩展名，都还有不同的扩展名，都还有不同的扩展名，都还有不同的扩展名，都还有不同的扩展名，都还有不同的扩展名，都还有不同的扩展名，都还有不同的扩展名，都还有不同的扩展名，都还有不同的扩展名，都还有不同的扩展名，都还有不同的扩展名，都还有不同的扩展名，都还有不同的扩展名，都还有不同的扩展名，都还有不同的扩展名，都还有不同的扩展名，都还有不同的扩展名，都还有不同的扩展名，都还有不同的扩展名，wwwwwwww','23333','2019-05-31',NULL,NULL,'解决Chrome不能播放mp4视频的问题和HLS视频播放',0,'1'),(43,'23333333333333333333','2222','2019-06-01',NULL,NULL,'233',0,'5'),(44,'emmmmmmmmmmmmmmm','23333','2019-06-01',NULL,NULL,'emmmm',0,'1'),(45,'lcmlcmlcm','23333','2019-06-01',NULL,NULL,'lllll',0,'1'),(46,'cznb','23333','2019-06-08',NULL,NULL,'321',0,'1'),(47,'321','23333','2019-06-08',NULL,NULL,'321',0,'1'),(48,'aaaaaa','23333','2019-06-10','0.jpg','aa.mp4','cznb',0,'1');
/*!40000 ALTER TABLE `index_chat` ENABLE KEYS */;
UNLOCK TABLES;

--
-- Table structure for table `index_comment1`
--

DROP TABLE IF EXISTS `index_comment1`;
/*!40101 SET @saved_cs_client     = @@character_set_client */;
 SET character_set_client = utf8mb4 ;
CREATE TABLE `index_comment1` (
  `comment_id` int(11) NOT NULL AUTO_INCREMENT,
  `comment_text` varchar(200) NOT NULL,
  `comment_user` varchar(20) NOT NULL,
  `movie_id` int(11) NOT NULL,
  PRIMARY KEY (`comment_id`),
  KEY `index_comment1_movie_id_e6892586_fk_index_movie_movie_id` (`movie_id`),
  CONSTRAINT `index_comment1_movie_id_e6892586_fk_index_movie_movie_id` FOREIGN KEY (`movie_id`) REFERENCES `index_movie` (`movie_id`)
) ENGINE=InnoDB AUTO_INCREMENT=51 DEFAULT CHARSET=utf8mb4 COLLATE=utf8mb4_0900_ai_ci;
/*!40101 SET character_set_client = @saved_cs_client */;

--
-- Dumping data for table `index_comment1`
--

LOCK TABLES `index_comment1` WRITE;
/*!40000 ALTER TABLE `index_comment1` DISABLE KEYS */;
INSERT INTO `index_comment1` VALUES (4,'3','lcm',1),(5,'1','lcm',1),(6,'1','lcm',1),(7,'cznb','lcm',1),(8,'cznb','lcm',1),(9,'cznb','lcm',1),(10,'cznb','lcm',1),(11,'cznb','lcm',1),(12,'cznb','lcm',1),(13,'cznb','lcm',1),(14,'cznb','lcm',1),(15,'1','lcm',1),(16,'1','lcm',1),(17,'321','23333',2),(18,'321','23333',2),(19,'321','23333',2),(20,'321','23333',2),(21,'321','23333',2),(22,'321','23333',2),(23,'121','23333',2),(24,'123','23333',2),(25,'123','23333',2),(26,'123','23333',2),(27,'222','23333',2),(28,'22222','23333',2),(29,'233333','23333',2),(30,'233333','23333',2),(31,'23333333','23333',2),(32,'233','23333',2),(33,'2444','23333',2),(34,'23333','23333',2),(35,'23333','23333',2),(36,'232323','23333',2),(37,'233333','23333',2),(38,'nbnbnb','23333',2),(39,'121212','23333',2),(40,'2333','23333',2),(41,'23333','23333',2),(42,'22222','23333',2),(43,'321','23333',1),(44,'cznb','23333',1),(45,'321','23333',1),(46,'cznb','23333',1),(47,'321','fvan',13),(48,'321','fvan',13),(49,'321','fvan',1),(50,'321','fvan',1);
/*!40000 ALTER TABLE `index_comment1` ENABLE KEYS */;
UNLOCK TABLES;

--
-- Table structure for table `index_comment2`
--

DROP TABLE IF EXISTS `index_comment2`;
/*!40101 SET @saved_cs_client     = @@character_set_client */;
 SET character_set_client = utf8mb4 ;
CREATE TABLE `index_comment2` (
  `comment_id` int(11) NOT NULL AUTO_INCREMENT,
  `comment_text` varchar(200) NOT NULL,
  `comment_user` varchar(20) NOT NULL,
  `book_id` int(11) NOT NULL,
  PRIMARY KEY (`comment_id`),
  KEY `index_comment2_book_id_62898c91_fk_index_book_book_id` (`book_id`),
  CONSTRAINT `index_comment2_book_id_62898c91_fk_index_book_book_id` FOREIGN KEY (`book_id`) REFERENCES `index_book` (`book_id`)
) ENGINE=InnoDB AUTO_INCREMENT=18 DEFAULT CHARSET=utf8mb4 COLLATE=utf8mb4_0900_ai_ci;
/*!40101 SET character_set_client = @saved_cs_client */;

--
-- Dumping data for table `index_comment2`
--

LOCK TABLES `index_comment2` WRITE;
/*!40000 ALTER TABLE `index_comment2` DISABLE KEYS */;
INSERT INTO `index_comment2` VALUES (1,'cznb','lcm',1),(2,'xknb','lcm',1),(3,'xknb','lcm',1),(4,'1','lcm',1),(5,'1','lcm',1),(6,'1','lcm',1),(7,'1','lcm',1),(8,'1','lcm',1),(9,'1','lcm',1),(10,'1','lcm',1),(11,'1','lcm',1),(12,'1','lcm',1),(13,'2','lcm',1),(14,'aaaaa','lcm',1),(15,'sadasddasdasdasdadsasdasdasdasdasdasdadasd','23333',4),(16,'321','23333',4),(17,'cznb','23333',1);
/*!40000 ALTER TABLE `index_comment2` ENABLE KEYS */;
UNLOCK TABLES;

--
-- Table structure for table `index_comment3`
--

DROP TABLE IF EXISTS `index_comment3`;
/*!40101 SET @saved_cs_client     = @@character_set_client */;
 SET character_set_client = utf8mb4 ;
CREATE TABLE `index_comment3` (
  `comment_id` int(11) NOT NULL AUTO_INCREMENT,
  `comment_text` varchar(200) NOT NULL,
  `comment_user` varchar(20) NOT NULL,
  `chat_id` int(11) NOT NULL,
  `comment_time` varchar(20) NOT NULL,
  PRIMARY KEY (`comment_id`),
  KEY `index_comment3_chat_id_8e0fb747_fk_index_chat_chat_id` (`chat_id`),
  CONSTRAINT `index_comment3_chat_id_8e0fb747_fk_index_chat_chat_id` FOREIGN KEY (`chat_id`) REFERENCES `index_chat` (`chat_id`)
) ENGINE=InnoDB AUTO_INCREMENT=8 DEFAULT CHARSET=utf8mb4 COLLATE=utf8mb4_0900_ai_ci;
/*!40101 SET character_set_client = @saved_cs_client */;

--
-- Dumping data for table `index_comment3`
--

LOCK TABLES `index_comment3` WRITE;
/*!40000 ALTER TABLE `index_comment3` DISABLE KEYS */;
/*!40000 ALTER TABLE `index_comment3` ENABLE KEYS */;
UNLOCK TABLES;

--
-- Table structure for table `index_like`
--

DROP TABLE IF EXISTS `index_like`;
/*!40101 SET @saved_cs_client     = @@character_set_client */;
 SET character_set_client = utf8mb4 ;
CREATE TABLE `index_like` (
  `like_id` int(11) NOT NULL AUTO_INCREMENT,
  `user_id` int(11) NOT NULL,
  `chat_id` int(11) NOT NULL,
  PRIMARY KEY (`like_id`),
  KEY `index_like_chat_id_6206c811_fk_index_chat_chat_id` (`chat_id`),
  CONSTRAINT `index_like_chat_id_6206c811_fk_index_chat_chat_id` FOREIGN KEY (`chat_id`) REFERENCES `index_chat` (`chat_id`)
) ENGINE=InnoDB DEFAULT CHARSET=utf8mb4 COLLATE=utf8mb4_0900_ai_ci;
/*!40101 SET character_set_client = @saved_cs_client */;

--
-- Dumping data for table `index_like`
--

LOCK TABLES `index_like` WRITE;
/*!40000 ALTER TABLE `index_like` DISABLE KEYS */;
/*!40000 ALTER TABLE `index_like` ENABLE KEYS */;
UNLOCK TABLES;

--
-- Table structure for table `index_movie`
--

DROP TABLE IF EXISTS `index_movie`;
/*!40101 SET @saved_cs_client     = @@character_set_client */;
 SET character_set_client = utf8mb4 ;
CREATE TABLE `index_movie` (
  `movie_id` int(11) NOT NULL AUTO_INCREMENT,
  `movie_name` varchar(20) NOT NULL,
  `movie_img` varchar(100) NOT NULL,
  `movie_directer` varchar(100) NOT NULL,
  `movie_moviestar` varchar(50) NOT NULL,
  `movie_year` varchar(50) NOT NULL,
  `movie_country` varchar(20) NOT NULL,
  `movie_label` varchar(20) NOT NULL,
  `movie_score` double NOT NULL,
  `movie_content` varchar(1000) NOT NULL,
  `search_times` int(11) NOT NULL,
  `movie_start1` varchar(20) NOT NULL,
  `movie_start2` varchar(20) NOT NULL,
  `movie_start3` varchar(20) NOT NULL,
  `movie_start4` varchar(20) NOT NULL,
  `movie_start5` varchar(20) NOT NULL,
  `movie_start1_per` double NOT NULL,
  `movie_start2_per` double NOT NULL,
  `movie_start3_per` double NOT NULL,
  `movie_start4_per` double NOT NULL,
  `movie_start5_per` double NOT NULL,
  `movie_content_detail` varchar(1000) NOT NULL,
  PRIMARY KEY (`movie_id`)
) ENGINE=InnoDB AUTO_INCREMENT=251 DEFAULT CHARSET=utf8mb4 COLLATE=utf8mb4_0900_ai_ci;
/*!40101 SET character_set_client = @saved_cs_client */;

--
-- Dumping data for table `index_movie`
--

LOCK TABLES `index_movie` WRITE;
/*!40000 ALTER TABLE `index_movie` DISABLE KEYS */;
INSERT INTO `index_movie` VALUES (1,'肖申克的救赎','0.jpg',' 弗兰克·德拉邦特 Frank Darabont',' 蒂姆·罗宾斯 Tim Robbins /...','1994','美国','犯罪 剧情',7,'20世纪40年代末，小有成就的青年银行家安迪（蒂姆·罗宾斯 Tim Robbins 饰）因涉嫌杀害妻子及她的情人而锒铛入狱。在这座名为肖申克的监狱内，希望似乎虚无缥缈，终身监禁的惩罚无疑注定了安迪接下来灰暗绝望的人生。未过多久，安迪尝试接近囚犯中颇有声望的瑞德（摩根·弗里曼 Morgan Freeman 饰），请求对方帮自己搞来小锤子。以此为契机，二人逐渐熟稔，安迪也仿佛在鱼龙混杂、罪恶横生、黑白混淆的牢狱中找到属于自己的求生之道。他利用自身的专业知识，帮助监狱管理层逃税、洗黑钱，同时凭借与瑞德的交往在犯人中间也渐渐受到礼遇。表面看来，他已如瑞德那样对那堵高墙从憎恨转变为处之泰然，但是对自由的渴望仍促使他朝着心中的希望和目标前进。而关于其罪行的真相，似乎更使这一切朝前推进了一步……本片根据著名作家斯蒂芬·金（Stephen Edwin King）的原著改编。',70,'0','1.0','0','4.0','1.0',0,16,0,66,18,'20世纪40年代末，小有成就的青年银行家安迪（蒂姆·罗宾斯 Tim Robbins 饰）因涉嫌杀害妻子及她的情人而锒铛入狱。在这座名为肖申克的监狱内，希望似乎虚无缥缈，终身监禁的惩罚无疑注定了安迪接下来灰暗绝望的人生。未过多久，安迪尝试接近囚犯中颇有声望的瑞德（摩根·弗里曼 Morgan Freeman 饰），请求对方帮自己搞来小锤子。以此为契机，二人逐渐熟稔，安迪也仿佛在鱼龙混杂、罪恶横生、黑白混淆的牢狱中找到属于自己的求生之道。他利用自身的专业知识，帮助监狱管理层逃税、洗黑钱，同时凭借与瑞德的交往在犯人中间也渐渐受到礼遇。表面看来，他已如瑞德那样对那堵高墙从憎恨转变为处之泰然，但是对自由的渴望仍促使他朝着心中的希望和目标前进。而关于其罪行的真相，似乎更使这一切朝前推进了一步……本片根据著名作家斯蒂芬·金（Stephen Edwin King）的原著改编。'),(2,'霸王别姬','1.jpg',' 陈凯歌 Kaige Chen',' 张国荣 Leslie Cheung / 张丰毅 Fengyi Zha...','1993','中国大陆 香港','剧情 爱情 同性',8.9,'段小楼（张丰毅）与程蝶衣（张国荣）是一对打小一起长大的师兄弟，两人一个演生，一个饰旦，一向配合天衣无缝，尤其一出《霸王别姬》，更是誉满京城，为此，两人约定合演一辈子《霸王别姬》。但两人对戏剧与人生关系的理解有本质不同，段小楼深知戏非人生，程蝶衣则是人戏不分。段小楼在认为该成家立业之时迎娶了名妓菊仙（巩俐），致使程蝶衣认定菊仙是可耻的第三者，使段小楼做了叛徒，自此，三人围绕一出《霸王别姬》生出的爱恨情仇战开始随着时代风云的变迁不断升级，终酿成悲剧。',197,'0','0','1.0','1.0','5.0',0,0,14,14,72,'段小楼（张丰毅）与程蝶衣（张国荣）是一对打小一起长大的师兄弟，两人一个演生，一个饰旦，一向配合天衣无缝，尤其一出《霸王别姬》，更是誉满京城，为此，两人约定合演一辈子《霸王别姬》。但两人对戏剧与人生关系的理解有本质不同，段小楼深知戏非人生，程蝶衣则是人戏不分。段小楼在认为该成家立业之时迎娶了名妓菊仙（巩俐），致使程蝶衣认定菊仙是可耻的第三者，使段小楼做了叛徒，自此，三人围绕一出《霸王别姬》生出的爱恨情仇战开始随着时代风云的变迁不断升级，终酿成悲剧。'),(3,'这个杀手不太冷','2.jpg',' 吕克·贝松 Luc Besson',' 让·雷诺 Jean Reno / 娜塔莉·波特曼 ...','1994','法国','剧情 动作 犯罪',9.4,'里昂（让·雷诺饰）是名孤独的职业杀手，受人雇佣。一天，邻居家小姑娘马蒂尔达（纳塔丽·波特曼饰)敲开他的房门，要求在他那里暂避杀身之祸。原来邻居家的主人是警方缉毒组的眼线，只因贪污了一小包毒品而遭恶警（加里·奥德曼饰）杀害全家的惩罚。马蒂尔达得到里昂的留救，幸免于难，并留在里昂那里。里昂教小女孩使枪，她教里昂法文，两人关系日趋亲密，相处融洽。女孩想着去报仇，反倒被抓，里昂及时赶到，将女孩救回。混杂着哀怨情仇的正邪之战渐次升级，更大的冲突在所难免……',6,'0','0','0','0','0',0,0,0,0,0,'里昂（让·雷诺饰）是名孤独的职业杀手，受人雇佣。一天，邻居家小姑娘马蒂尔达（纳塔丽·波特曼饰)敲开他的房门，要求在他那里暂避杀身之祸。原来邻居家的主人是警方缉毒组的眼线，只因贪污了一小包毒品而遭恶警（加里·奥德曼饰）杀害全家的惩罚。马蒂尔达得到里昂的留救，幸免于难，并留在里昂那里。里昂教小女孩使枪，她教里昂法文，两人关系日趋亲密，相处融洽。女孩想着去报仇，反倒被抓，里昂及时赶到，将女孩救回。混杂着哀怨情仇的正邪之战渐次升级，更大的冲突在所难免……'),(4,'阿甘正传','3.jpg',' 罗伯特·泽米吉斯 Robert Zemeckis',' 汤姆·汉克斯 Tom Hanks / ...','1994','美国','剧情 爱情',9.4,'阿甘（汤姆·汉克斯 饰）于二战结束后不久出生在美国南方阿拉巴马州一个闭塞的小镇，他先天弱智，智商只有75，然而他的妈妈是一个性格坚强的女性，她常常鼓励阿甘“傻人有傻福”，要他自强不息。阿甘像普通孩子一样上学，并且认识了一生的朋友和至爱珍妮（罗宾·莱特·潘 饰），在珍妮和妈妈的爱护下，阿甘凭着上帝赐予的“飞毛腿”开始了一生不停的奔跑。阿甘成为橄榄球巨星、越战英雄、乒乓球外交使者、亿万富翁，但是，他始终忘不了珍妮，几次匆匆的相聚和离别，更是加深了阿甘的思念。有一天，阿甘收到珍妮的信，他们终于又要见面……',3,'0','0','0','0','0',0,0,0,0,0,'阿甘（汤姆·汉克斯 饰）于二战结束后不久出生在美国南方阿拉巴马州一个闭塞的小镇，他先天弱智，智商只有75，然而他的妈妈是一个性格坚强的女性，她常常鼓励阿甘“傻人有傻福”，要他自强不息。阿甘像普通孩子一样上学，并且认识了一生的朋友和至爱珍妮（罗宾·莱特·潘 饰），在珍妮和妈妈的爱护下，阿甘凭着上帝赐予的“飞毛腿”开始了一生不停的奔跑。阿甘成为橄榄球巨星、越战英雄、乒乓球外交使者、亿万富翁，但是，他始终忘不了珍妮，几次匆匆的相聚和离别，更是加深了阿甘的思念。有一天，阿甘收到珍妮的信，他们终于又要见面……'),(5,'美丽人生','4.jpg',' 罗伯托·贝尼尼 Roberto Benigni',' 罗伯托·贝尼尼 Roberto Beni...','1997','意大利','剧情 喜剧 爱情 战争',9.5,'犹太青年圭多（罗伯托·贝尼尼）邂逅美丽的女教师多拉（尼可莱塔·布拉斯基），他彬彬有礼的向多拉鞠躬：“早安！公主！”。历经诸多令人啼笑皆非的周折后，天遂人愿，两人幸福美满的生活在一起。然而好景不长，法西斯政权下，圭多和儿子被强行送往犹太人集中营。多拉虽没有犹太血统，毅然同行，与丈夫儿子分开关押在一个集中营里。聪明乐天的圭多哄骗儿子这只是一场游戏，奖品就是一辆大坦克，儿子快乐、天真的生活在纳粹的阴霾之中。尽管集中营的生活艰苦寂寞，圭多仍然带给他人很多快乐，他还趁机在纳粹的广播里问候妻子：“早安！公主！”法西斯政权即将倾覆，纳粹的集中营很快就要接受最后的清理，圭多编给儿子的游戏该怎么结束？他们一家能否平安的度过这黑暗的年代呢？',13,'0','0','0','0','0',0,0,0,0,0,'犹太青年圭多（罗伯托·贝尼尼）邂逅美丽的女教师多拉（尼可莱塔·布拉斯基），他彬彬有礼的向多拉鞠躬：“早安！公主！”。历经诸多令人啼笑皆非的周折后，天遂人愿，两人幸福美满的生活在一起。然而好景不长，法西斯政权下，圭多和儿子被强行送往犹太人集中营。多拉虽没有犹太血统，毅然同行，与丈夫儿子分开关押在一个集中营里。聪明乐天的圭多哄骗儿子这只是一场游戏，奖品就是一辆大坦克，儿子快乐、天真的生活在纳粹的阴霾之中。尽管集中营的生活艰苦寂寞，圭多仍然带给他人很多快乐，他还趁机在纳粹的广播里问候妻子：“早安！公主！”法西斯政权即将倾覆，纳粹的集中营很快就要接受最后的清理，圭多编给儿子的游戏该怎么结束？他们一家能否平安的度过这黑暗的年代呢？'),(6,'泰坦尼克号','5.jpg',' 詹姆斯·卡梅隆 James Cameron',' 莱昂纳多·迪卡普里奥 Leonardo...','1997','美国','剧情 爱情 灾难',9.3,'1912年4月10日，号称 “世界工业史上的奇迹”的豪华客轮泰坦尼克号开始了自己的处女航，从英国的南安普顿出发驶往美国纽约。富家少女罗丝（凯特•温丝莱特）与母亲及未婚夫卡尔坐上了头等舱；另一边，放荡不羁的少年画家杰克（莱昂纳多·迪卡普里奥）也在码头的一场赌博中赢得了下等舱的船票。罗丝厌倦了上流社会虚伪的生活，不愿嫁给卡尔，打算投海自尽，被杰克救起。很快，美丽活泼的罗丝与英俊开朗的杰克相爱，杰克带罗丝参加下等舱的舞会、为她画像，二人的感情逐渐升温。1912年4月14日，星期天晚上，一个风平浪静的夜晚。泰坦尼克号撞上了冰山，“永不沉没的”泰坦尼克号面临沉船的命运，罗丝和杰克刚萌芽的爱情也将经历生死的考验。',5,'0','0','0','0','0',0,0,0,0,0,'1912年4月10日，号称 “世界工业史上的奇迹”的豪华客轮泰坦尼克号开始了自己的处女航，从英国的南安普顿出发驶往美国纽约。富家少女罗丝（凯特•温丝莱特）与母亲及未婚夫卡尔坐上了头等舱；另一边，放荡不羁的少年画家杰克（莱昂纳多·迪卡普里奥）也在码头的一场赌博中赢得了下等舱的船票。罗丝厌倦了上流社会虚伪的生活，不愿嫁给卡尔，打算投海自尽，被杰克救起。很快，美丽活泼的罗丝与英俊开朗的杰克相爱，杰克带罗丝参加下等舱的舞会、为她画像，二人的感情逐渐升温。1912年4月14日，星期天晚上，一个风平浪静的夜晚。泰坦尼克号撞上了冰山，“永不沉没的”泰坦尼克号面临沉船的命运，罗丝和杰克刚萌芽的爱情也将经历生死的考验。'),(7,'千与千寻','6.jpg',' 宫崎骏 Hayao Miyazaki',' 柊瑠美 Rumi Hîragi / 入野自由 Miy...','2001','日本','剧情 动画 奇幻',9.3,'千寻和爸爸妈妈一同驱车前往新家，在郊外的小路上不慎进入了神秘的隧道——他们去到了另外一个诡异世界—一个中世纪的小镇。远处飘来食物的香味，爸爸妈妈大快朵颐，孰料之后变成了猪！这时小镇上渐渐来了许多样子古怪、半透明的人。千寻仓皇逃出，一个叫小白的人救了他，喂了她阻止身体消 失的药，并且告诉她怎样去找锅炉爷爷以及汤婆婆，而且必须获得一份工作才能不被魔法变成别的东西。千寻在小白的帮助下幸运地获得了一份在浴池打杂的工作。渐渐她不再被那些怪模怪样的人吓倒，并从小玲那儿知道了小白是凶恶的汤婆婆的弟子。一次，千寻发现小白被一群白色飞舞的纸人打伤，为了救受伤的小白，她用河神送给她的药丸驱出了小白身体内的封印以及守封印的小妖精，但小白还是没有醒过来。为了救小白，千寻又踏上了她的冒险之旅。',0,'0','0','0','0','0',0,0,0,0,0,'千寻和爸爸妈妈一同驱车前往新家，在郊外的小路上不慎进入了神秘的隧道——他们去到了另外一个诡异世界—一个中世纪的小镇。远处飘来食物的香味，爸爸妈妈大快朵颐，孰料之后变成了猪！这时小镇上渐渐来了许多样子古怪、半透明的人。千寻仓皇逃出，一个叫小白的人救了他，喂了她阻止身体消 失的药，并且告诉她怎样去找锅炉爷爷以及汤婆婆，而且必须获得一份工作才能不被魔法变成别的东西。千寻在小白的帮助下幸运地获得了一份在浴池打杂的工作。渐渐她不再被那些怪模怪样的人吓倒，并从小玲那儿知道了小白是凶恶的汤婆婆的弟子。一次，千寻发现小白被一群白色飞舞的纸人打伤，为了救受伤的小白，她用河神送给她的药丸驱出了小白身体内的封印以及守封印的小妖精，但小白还是没有醒过来。为了救小白，千寻又踏上了她的冒险之旅。'),(8,'辛德勒的名单','7.jpg',' 史蒂文·斯皮尔伯格 Steven Spielberg',' 连姆·尼森 Liam Neeson...','1993','美国','剧情 历史 战争',9.5,'1939年，波兰在纳粹德国的统治下，党卫军对犹太人进行了隔离统治。德国商人奥斯卡·辛德勒（连姆·尼森 Liam Neeson 饰）来到德军统治下的克拉科夫，开设了一间搪瓷厂，生产军需用品。凭着出众的社交能力和大量的金钱，辛德勒和德军建立了良好的关系，他的工厂雇用犹太人工作，大发战争财。1943年，克拉科夫的犹太人遭到了惨绝人寰的大屠杀，辛德勒目睹这一切，受到了极大的震撼，他贿赂军官，让自己的工厂成为集中营的附属劳役营，在那些疯狂屠杀的日子里，他的工厂也成为了犹太人的避难所。1944年，德国战败前夕，屠杀犹太人的行动越发疯狂，辛德勒向德军军官开出了1200人的名单，倾家荡产买下了这些犹太人的生命。在那些暗无天日的岁月里，拯救一个人，就是拯救全世界。',0,'0','0','0','0','0',0,0,0,0,0,'1939年，波兰在纳粹德国的统治下，党卫军对犹太人进行了隔离统治。德国商人奥斯卡·辛德勒（连姆·尼森 Liam Neeson 饰）来到德军统治下的克拉科夫，开设了一间搪瓷厂，生产军需用品。凭着出众的社交能力和大量的金钱，辛德勒和德军建立了良好的关系，他的工厂雇用犹太人工作，大发战争财。1943年，克拉科夫的犹太人遭到了惨绝人寰的大屠杀，辛德勒目睹这一切，受到了极大的震撼，他贿赂军官，让自己的工厂成为集中营的附属劳役营，在那些疯狂屠杀的日子里，他的工厂也成为了犹太人的避难所。1944年，德国战败前夕，屠杀犹太人的行动越发疯狂，辛德勒向德军军官开出了1200人的名单，倾家荡产买下了这些犹太人的生命。在那些暗无天日的岁月里，拯救一个人，就是拯救全世界。'),(9,'盗梦空间','8.jpg',' 克里斯托弗·诺兰 Christopher Nolan',' 莱昂纳多·迪卡普里奥 Le...','2010','美国 英国','剧情 科幻 悬疑 冒险',9.3,'道姆·柯布（莱昂纳多·迪卡普里奥 Leonardo DiCaprio 饰）与同事阿瑟（约瑟夫·戈登-莱维特 Joseph Gordon-Levitt 饰）和纳什（卢卡斯·哈斯 Lukas Haas 饰）在一次针对日本能源大亨齐藤（渡边谦 饰）的盗梦行动中失败，反被齐藤利用。齐藤威逼利诱因遭通缉而流亡海外的柯布帮他拆分他竞争对手的公司，采取极端措施在其唯一继承人罗伯特·费希尔（希里安·墨菲 Cillian Murphy 饰）的深层潜意识中种下放弃家族公司、自立门户的想法。为了重返美国，柯布偷偷求助于岳父迈尔斯（迈克尔·凯恩 Michael Caine 饰），吸收了年轻的梦境设计师艾里阿德妮（艾伦·佩吉 Ellen Page 饰）、梦境演员艾姆斯（汤姆·哈迪 Tom Hardy 饰）和药剂师约瑟夫（迪利普·劳 Dileep Rao 饰）加入行动。在一层层递进的梦境中，柯布不仅要对付费希尔潜意识的本能反抗，还必须直面已逝妻子梅尔（玛丽昂·歌迪亚 Marion Cotillard 饰）的处处破坏，实际情况远比预想危险得多……',0,'0','0','0','0','0',0,0,0,0,0,'道姆·柯布（莱昂纳多·迪卡普里奥 Leonardo DiCaprio 饰）与同事阿瑟（约瑟夫·戈登-莱维特 Joseph Gordon-Levitt 饰）和纳什（卢卡斯·哈斯 Lukas Haas 饰）在一次针对日本能源大亨齐藤（渡边谦 饰）的盗梦行动中失败，反被齐藤利用。齐藤威逼利诱因遭通缉而流亡海外的柯布帮他拆分他竞争对手的公司，采取极端措施在其唯一继承人罗伯特·费希尔（希里安·墨菲 Cillian Murphy 饰）的深层潜意识中种下放弃家族公司、自立门户的想法。为了重返美国，柯布偷偷求助于岳父迈尔斯（迈克尔·凯恩 Michael Caine 饰），吸收了年轻的梦境设计师艾里阿德妮（艾伦·佩吉 Ellen Page 饰）、梦境演员艾姆斯（汤姆·哈迪 Tom Hardy 饰）和药剂师约瑟夫（迪利普·劳 Dileep Rao 饰）加入行动。在一层层递进的梦境中，柯布不仅要对付费希尔潜意识的本能反抗，还必须直面已逝妻子梅尔（玛丽昂·歌迪亚 Marion Cotillard 饰）的处处破坏，实际情况远比预想危险得多……'),(10,'忠犬八公的故事','9.jpg',' 莱塞·霍尔斯道姆 Lasse Hallström',' 理查·基尔 Richard Ger...','2009','美国 英国','剧情',9.3,'八公（Forest 饰）是一条谜一样的犬，因为没有人知道它从哪里来。教授帕克（理查·基尔 Richard Gere 饰）在小镇的火车站拣到一只走失的小狗，冥冥中似乎注定小狗和帕克教授有着某种缘分，帕克一抱起这只小狗就再也放不下来，最终，帕克对小狗八公的疼爱感化了起初极力反对养狗的妻子卡特（琼·艾伦 Joan Allen 饰）。八公在帕克的呵护下慢慢长大，帕克上班时八公会一直把他送到车站，下班时八公也会早早便爬在车站等候，八公的忠诚让小镇的人家对它更加疼爱。有一天，八公在帕克要上班时表现异常，居然玩起了以往从来不会的捡球游戏，八公的表现让帕克非常满意，可是就是在那天，帕克因病去世。帕克的妻子、女儿安迪（萨拉·罗默尔 Sarah Roemer 饰）及女婿迈克尔（罗比·萨布莱特 Robbie Sublett 饰）怀着无比沉痛的心情埋葬了帕克，可是不明就里的八公却依然每天傍晚五点准时守候在小站的门前，等待着主人归来……本片根据上个世纪30年代发生在日本的真实故事改编，1987年在日本拍成电影后创造了40亿日元的票房。',0,'0','0','0','0','0',0,0,0,0,0,'八公（Forest 饰）是一条谜一样的犬，因为没有人知道它从哪里来。教授帕克（理查·基尔 Richard Gere 饰）在小镇的火车站拣到一只走失的小狗，冥冥中似乎注定小狗和帕克教授有着某种缘分，帕克一抱起这只小狗就再也放不下来，最终，帕克对小狗八公的疼爱感化了起初极力反对养狗的妻子卡特（琼·艾伦 Joan Allen 饰）。八公在帕克的呵护下慢慢长大，帕克上班时八公会一直把他送到车站，下班时八公也会早早便爬在车站等候，八公的忠诚让小镇的人家对它更加疼爱。有一天，八公在帕克要上班时表现异常，居然玩起了以往从来不会的捡球游戏，八公的表现让帕克非常满意，可是就是在那天，帕克因病去世。帕克的妻子、女儿安迪（萨拉·罗默尔 Sarah Roemer 饰）及女婿迈克尔（罗比·萨布莱特 Robbie Sublett 饰）怀着无比沉痛的心情埋葬了帕克，可是不明就里的八公却依然每天傍晚五点准时守候在小站的门前，等待着主人归来……本片根据上个世纪30年代发生在日本的真实故事改编，1987年在日本拍成电影后创造了40亿日元的票房。'),(11,'机器人总动员','10.jpg',' 安德鲁·斯坦顿 Andrew Stanton',' 本·贝尔特 Ben Burtt / 艾丽...','2008','美国','爱情 科幻 动画 冒险',9.3,'小瓦力，大人生。',0,'0','0','0','0','0',0,0,0,0,0,'0'),(12,'三傻大闹宝莱坞','11.jpg',' 拉库马·希拉尼 Rajkumar Hirani',' 阿米尔·汗 Aamir Khan / 卡...','2009','印度','剧情 喜剧 爱情 歌舞',9.2,'英俊版憨豆，高情商版谢耳朵。',0,'0','0','0','0','0',0,0,0,0,0,'0'),(13,'海上钢琴师','12.jpg',' 朱塞佩·托纳多雷 Giuseppe Tornatore',' 蒂姆·罗斯 Tim Roth / ...','1998','意大利','剧情 音乐',9,'本片讲述了一个钢琴天才传奇的一生。1900年，Virginian号豪华邮轮上，一个孤儿被遗弃在头等舱，由船上的水手抚养长大，取名1900（蒂姆•罗斯 饰）。1900慢慢长大，显示出了无师自通的非凡钢琴天赋，在船上的乐队表演钢琴，每个听过他演奏的人，都被深深打动。爵士 乐鼻祖杰尼听说了1900的高超技艺，专门上船和他比赛，最后自叹弗如，黯然离去。可惜，这一切的事情都发生在海上，1900从来不愿踏上陆地，直到有一天，他爱上了一个女孩，情愫在琴键上流淌。他会不会为了爱情，踏上陆地开始新的生活，用他的琴声惊艳世界？他将怎样谱写自己非凡的人生。',20,'0','0','0','2.0','0',0,0,0,99,1,'本片讲述了一个钢琴天才传奇的一生。1900年，Virginian号豪华邮轮上，一个孤儿被遗弃在头等舱，由船上的水手抚养长大，取名1900（蒂姆•罗斯 饰）。1900慢慢长大，显示出了无师自通的非凡钢琴天赋，在船上的乐队表演钢琴，每个听过他演奏的人，都被深深打动。爵士 乐鼻祖杰尼听说了1900的高超技艺，专门上船和他比赛，最后自叹弗如，黯然离去。可惜，这一切的事情都发生在海上，1900从来不愿踏上陆地，直到有一天，他爱上了一个女孩，情愫在琴键上流淌。他会不会为了爱情，踏上陆地开始新的生活，用他的琴声惊艳世界？他将怎样谱写自己非凡的人生。'),(14,'放牛班的春天','13.jpg',' 克里斯托夫·巴拉蒂 Christophe Barratier',' 热拉尔·朱尼奥 Gé...','2004','法国 瑞士 德国','剧情 音乐',9.3,'1949年的法国乡村，音乐家克莱门特（杰勒德•尊诺 饰）到了一间外号叫“塘低”的男子寄宿学校当助理教师。学校里的学生大部分都是难缠的问题儿童，体罚在这里司空见惯，学校的校长（弗朗西斯•贝尔兰德 饰）只顾自己的前途，残暴高压。性格沉静的克莱门特尝试用自己的方法改善这种状况，他重新创作音乐作品，组织合唱团，决定用音乐的方法来打开学生们封闭的心灵。然而，事情并不顺利，克莱门特发现学生皮埃尔•莫安琦（尚•巴堤•莫里耶 饰）拥有非同一般的音乐天赋，但是单亲家庭长大的他，性格异常敏感孤僻，怎样释放皮埃尔的音乐才能，让克莱门特头痛不已；同时，他与皮埃尔母亲的感情也渐渐微妙起来。',6,'0','0','0','0','0',0,0,0,0,0,'1949年的法国乡村，音乐家克莱门特（杰勒德•尊诺 饰）到了一间外号叫“塘低”的男子寄宿学校当助理教师。学校里的学生大部分都是难缠的问题儿童，体罚在这里司空见惯，学校的校长（弗朗西斯•贝尔兰德 饰）只顾自己的前途，残暴高压。性格沉静的克莱门特尝试用自己的方法改善这种状况，他重新创作音乐作品，组织合唱团，决定用音乐的方法来打开学生们封闭的心灵。然而，事情并不顺利，克莱门特发现学生皮埃尔•莫安琦（尚•巴堤•莫里耶 饰）拥有非同一般的音乐天赋，但是单亲家庭长大的他，性格异常敏感孤僻，怎样释放皮埃尔的音乐才能，让克莱门特头痛不已；同时，他与皮埃尔母亲的感情也渐渐微妙起来。'),(15,'楚门的世界','14.jpg',' 彼得·威尔 Peter Weir',' 金·凯瑞 Jim Carrey / 劳拉·琳妮 Lau...','1998','美国','剧情 科幻',9.2,'如果再也不能见到你，祝你早安，午安，晚安。',4,'0','0','0','0','0',0,0,0,0,0,'楚门（金•凯瑞 Jim Carrey 饰）是一个平凡得不能再平凡的人，除了一些有些稀奇的经历之外——初恋女友突然失踪、溺水身亡的父亲忽然似乎又出现在眼前，他和绝大多数30多岁的美国男人绝无异样。这令他倍感失落。他也曾试过离开自己生活了多年的地方，但总因种种理由而不能成行。直到有一天，他忽然发觉自己似乎一直在被人跟踪，无论他走到哪里，干什么事情。这种感觉愈来愈强烈。楚门决定不惜一切代价逃离这个他生活了30多年的地方，去寻找他的初恋女友。但他却发现自己怎样也逃不出去。真相其实很残忍。'),(16,'大话西游之大圣娶亲','15.jpg',' 刘镇伟 Jeffrey Lau',' 周星驰 Stephen Chow / 吴孟达 Man Tat Ng...','1995','香港 中国大陆','喜剧 爱情 奇幻 古装',9.2,'一生所爱。',0,'0','0','0','0','0',0,0,0,0,0,'0'),(17,'星际穿越','16.jpg',' 克里斯托弗·诺兰 Christopher Nolan',' 马修·麦康纳 Matthew Mc...','2014','美国 英国 加拿大 冰岛','剧情 科幻 冒险',9.2,'爱是一种力量，让我们超越时空感知它的存在。',0,'0','0','0','0','0',0,0,0,0,0,'0'),(18,'龙猫','17.jpg',' 宫崎骏 Hayao Miyazaki',' 日高法子 Noriko Hidaka / 坂本千夏 Ch...','1988','日本','动画 奇幻 冒险',9.2,'人人心中都有个龙猫，童年就永远不会消失。',1,'0','0','0','0','0',0,0,0,0,0,'0'),(19,'教父','18.jpg',' 弗朗西斯·福特·科波拉 Francis Ford Coppola',' 马龙·白兰度 M...','1972','美国','剧情 犯罪',9.2,'千万不要记恨你的对手，这样会让你失去理智。',0,'0','0','0','0','0',0,0,0,0,0,'0'),(20,'熔炉','19.jpg',' 黄东赫 Dong-hyuk Hwang',' 孔侑 Yoo Gong / 郑有美 Yu-mi Jeong ...','2011','韩国','剧情',9.3,'我们一路奋战不是为了改变世界，而是为了不让世界改变我们。',0,'0','0','0','0','0',0,0,0,0,0,'0'),(21,'无间道','20.jpg',' 刘伟强 / 麦兆辉',' 刘德华 / 梁朝伟 / 黄秋生...','2002','香港','剧情 犯罪 悬疑',9.1,'香港电影史上永不过时的杰作。',0,'0','0','0','0','0',0,0,0,0,0,'0'),(22,'疯狂动物城','21.jpg',' 拜伦·霍华德 Byron Howard / 瑞奇·摩尔 Rich Moore',' 金妮弗·...','2016','美国','喜剧 动画 冒险',9.2,'迪士尼给我们营造的乌托邦就是这样，永远善良勇敢，永远出乎意料。',0,'0','0','0','0','0',0,0,0,0,0,'0'),(23,'当幸福来敲门','22.jpg',' 加布里尔·穆奇诺 Gabriele Muccino',' 威尔·史密斯 Will Smith ...','2006','美国','剧情 传记 家庭',9,'平民励志片。',0,'0','0','0','0','0',0,0,0,0,0,'0'),(24,'怦然心动','23.jpg',' 罗伯·莱纳 Rob Reiner',' 玛德琳·卡罗尔 Madeline Carroll ...','2010','美国','剧情 喜剧 爱情',9,'真正的幸福是来自内心深处。',0,'0','0','0','0','0',0,0,0,0,0,'0'),(25,'触不可及','24.jpg',' 奥利维·那卡什 Olivier Nakache / 艾力克·托兰达 Eric Toledano',' ...','2011','法国','剧情 喜剧',9.2,'满满温情的高雅喜剧。',0,'0','0','0','0','0',0,0,0,0,0,'0'),(26,'乱世佳人','25.jpg',' 维克多·弗莱明 Victor Fleming / 乔治·库克 George Cukor',' 费...','1939','美国','剧情 历史 爱情 战争',9.2,'Tomorrow is another day.',0,'0','0','0','0','0',0,0,0,0,0,'0'),(27,'蝙蝠侠：黑暗骑士','26.jpg',' 克里斯托弗·诺兰 Christopher Nolan',' 克里斯蒂安·贝尔 Christ...','2008','美国 英国','剧情 动作 科幻 犯罪 惊悚',9.1,'无尽的黑暗。',0,'0','0','0','0','0',0,0,0,0,0,'0'),(28,'活着','27.jpg',' 张艺谋 Yimou Zhang',' 葛优 You Ge / 巩俐 Li Gong / 姜武 Wu Jiang...','1994','中国大陆 香港','剧情 历史 家庭',9.2,'张艺谋最好的电影。',0,'0','0','0','0','0',0,0,0,0,0,'0'),(29,'少年派的奇幻漂流','28.jpg',' 李安 Ang Lee',' 苏拉·沙玛 Suraj Sharma / 伊尔凡·可汗 Irrfan...','2012','美国 台湾 英国 加拿大','剧情 奇幻 冒险',9,'瑰丽壮观、无人能及的冒险之旅。',0,'0','0','0','0','0',0,0,0,0,0,'0'),(30,'天堂电影院','29.jpg',' 朱塞佩·托纳多雷 Giuseppe Tornatore',' 安东内拉·阿蒂利 Anton...','1988','意大利 法国','剧情 爱情',9.2,'那些吻戏，那些青春，都在影院的黑暗里被泪水冲刷得无比清晰。',1,'0','0','0','0','0',0,0,0,0,0,'0'),(31,'鬼子来了','30.jpg',' 姜文 Wen Jiang',' 姜文 Wen Jiang / 香川照之 Teruyuki Kagawa /...','2000','中国大陆','剧情 历史 战争',9.2,'对敌人的仁慈，就是对自己残忍。',1,'0','0','0','0','0',0,0,0,0,0,'0'),(32,'控方证人','31.jpg',' 比利·怀尔德 Billy Wilder',' 泰隆·鲍华 Tyrone Power / 玛琳·...','1957','美国','剧情 犯罪 悬疑',9.6,'比利·怀德满分作品。',0,'0','0','0','0','0',0,0,0,0,0,'0'),(33,'十二怒汉','32.jpg',' Sidney Lumet',' 亨利·方达 Henry Fonda / 马丁·鲍尔萨姆 Marti...','1957','美国','剧情',9.4,'1957年的理想主义。',0,'0','0','0','0','0',0,0,0,0,0,'0'),(34,'指环王3：王者无敌','33.jpg',' 彼得·杰克逊 Peter Jackson',' 维果·莫腾森 Viggo Mortensen / ...','2003','美国 新西兰','剧情 动作 奇幻 冒险',9.1,'史诗的终章。',0,'0','0','0','0','0',0,0,0,0,0,'0'),(35,'天空之城','34.jpg',' 宫崎骏 Hayao Miyazaki',' 田中真弓 Mayumi Tanaka / 横泽启子 Ke...','1986','日本','动画 奇幻 冒险',9.1,'对天空的追逐，永不停止。',0,'0','0','0','0','0',0,0,0,0,0,'0'),(36,'飞屋环游记','35.jpg',' 彼特·道格特 Pete Docter / 鲍勃·彼德森 Bob Peterson',' 爱德...','2009','美国','剧情 喜剧 动画 冒险',8.9,'最后那些最无聊的事情，才是最值得怀念的。',0,'0','0','0','0','0',0,0,0,0,0,'0'),(37,'摔跤吧！爸爸','36.jpg',' 涅提·蒂瓦里 Nitesh Tiwari',' 阿米尔·汗 Aamir Khan / 法缇玛...','2016','印度','剧情 传记 运动 家庭',9,'你不是在为你一个人战斗，你要让千千万万的女性看到女生并不是只能相夫教子。',0,'0','0','0','0','0',0,0,0,0,0,'0'),(38,'搏击俱乐部','37.jpg',' 大卫·芬奇 David Fincher',' 爱德华·诺顿 Edward Norton / 布拉...','1999','美国 德国','剧情 动作 悬疑 惊悚',9,'邪恶与平庸蛰伏于同一个母体，在特定的时间互相对峙。',0,'0','0','0','0','0',0,0,0,0,0,'0'),(39,'大话西游之月光宝盒','38.jpg',' 刘镇伟 Jeffrey Lau',' 周星驰 Stephen Chow / 吴孟达 Man Tat Ng...','1995','香港 中国大陆','喜剧 爱情 奇幻 古装',8.9,'旷古烁今。',0,'0','0','0','0','0',0,0,0,0,0,'0'),(40,'罗马假日','39.jpg',' 威廉·惠勒 William Wyler',' 奥黛丽·赫本 Audrey Hepburn / 格...','1953','美国','喜剧 剧情 爱情',9,'爱情哪怕只有一天。',0,'0','0','0','0','0',0,0,0,0,0,'0'),(41,'哈尔的移动城堡','40.jpg',' 宫崎骏 Hayao Miyazaki',' 倍赏千惠子 Chieko Baishô / 木村拓...','2004','日本','动画 奇幻 冒险',9,'带着心爱的人在天空飞翔。',0,'0','0','0','0','0',0,0,0,0,0,'0'),(42,'闻香识女人','41.jpg',' 马丁·布莱斯 Martin Brest',' 阿尔·帕西诺 Al Pacino / 克里斯...','1992','美国','剧情',9,'史上最美的探戈。',0,'0','0','0','0','0',0,0,0,0,0,'0'),(43,'窃听风暴','42.jpg',' 弗洛里安·亨克尔·冯·多纳斯马尔克 Florian Henckel von Donnersmarck&n',' ...','2006','德国','剧情 悬疑',9.1,'别样人生。',0,'0','0','0','0','0',0,0,0,0,0,'0'),(44,'辩护人','43.jpg',' 杨宇硕 Woo-seok Yang',' 宋康昊 Kang-ho Song / 吴达洙 Dal-su O...','2013','韩国','剧情',9.2,'电影的现实意义大过电影本身。',0,'0','0','0','0','0',0,0,0,0,0,'0'),(45,'两杆大烟枪','44.jpg',' Guy Ritchie',' Jason Flemyng / Dexter Fletcher / Nick Moran...','1998','英国','剧情 喜剧 犯罪',9.1,'4个臭皮匠顶个诸葛亮，盖·里奇果然不是盖的。',0,'0','0','0','0','0',0,0,0,0,0,'0'),(46,'飞越疯人院','45.jpg',' 米洛斯·福尔曼 Miloš Forman',' 杰克·尼科尔森 Jack Nichols...','1975','美国','剧情',9.1,'自由万岁。',0,'0','0','0','0','0',0,0,0,0,0,'0'),(47,'死亡诗社','46.jpg',' 彼得·威尔 Peter Weir',' 罗宾·威廉姆斯 Robin Williams / 罗伯...','1989','美国','剧情',9,'当一个死水般的体制内出现一个活跃的变数时，所有的腐臭都站在了光明的对面。',0,'0','0','0','0','0',0,0,0,0,0,'0'),(48,'末代皇帝','47.jpg',' 贝纳尔多·贝托鲁奇 Bernardo Bertolucci',' 尊龙 John Lone / 陈...','1987','英国 意大利 中国大陆 法国 美国','剧情 传记 历史',9.1,'“不要跟我比惨，我比你更惨”再适合这部电影不过了。',0,'0','0','0','0','0',0,0,0,0,0,'0'),(49,'V字仇杀队','48.jpg',' 詹姆斯·麦克特格 James McTeigue',' 娜塔莉·波特曼 Natalie Por...','2005','美国 英国 德国','剧情 动作 科幻 惊悚',8.8,'一张面具背后的理想与革命。',0,'0','0','0','0','0',0,0,0,0,0,'0'),(50,'指环王2：双塔奇兵','49.jpg',' 彼得·杰克逊 Peter Jackson',' 伊利亚·伍德 Elijah Wood / 西恩...','2002','美国 新西兰','剧情 动作 奇幻 冒险',9,'承前启后的史诗篇章。',0,'0','0','0','0','0',0,0,0,0,0,'0'),(51,'教父2','50.jpg',' 弗朗西斯·福特·科波拉 Francis Ford Coppola',' 阿尔·帕西诺 A...','1974','美国','剧情 犯罪',9.1,'优雅的孤独。',0,'0','0','0','0','0',0,0,0,0,0,'0'),(52,'素媛','51.jpg',' 李濬益 Jun-ik Lee',' 薛景求 Kyung-gu Sol / 严志媛 Ji-won Uhm ...','2013','韩国','剧情',9.2,'受过伤害的人总是笑得最开心，因为他们不愿意让身边的人承受一样的痛苦。',0,'0','0','0','0','0',0,0,0,0,0,'0'),(53,'指环王1：魔戒再现','52.jpg',' 彼得·杰克逊 Peter Jackson',' 伊利亚·伍德 Elijah Wood / 西恩...','2001','新西兰 美国','剧情 动作 奇幻 冒险',9,'传说的开始。',0,'0','0','0','0','0',0,0,0,0,0,'0'),(54,'海豚湾','53.jpg',' 路易·西霍尤斯 Louie Psihoyos',' Richard O\'Barry / 路易·西霍...','2009','美国','纪录片',9.3,'海豚的微笑，是世界上最高明的伪装。',0,'0','0','0','0','0',0,0,0,0,0,'0'),(55,'饮食男女','54.jpg',' 李安 Ang Lee',' 郎雄 Sihung Lung / 杨贵媚 Kuei-Mei Yang / 吴...','1994','台湾 美国','剧情 家庭',9.1,'人生不能像做菜，把所有的料都准备好了才下锅。',0,'0','0','0','0','0',0,0,0,0,0,'0'),(56,'美丽心灵','55.jpg',' 朗·霍华德 Ron Howard',' 罗素·克劳 Russell Crowe / 艾德·哈...','2001','美国','传记 剧情',8.9,'爱是一切逻辑和原由。',0,'0','0','0','0','0',0,0,0,0,0,'0'),(57,'狮子王','56.jpg',' Roger Allers / 罗伯·明可夫 Rob Minkoff',' 乔纳森·泰勒·托马...','1994','美国','剧情 动画 冒险 歌舞 家庭',9,'动物版《哈姆雷特》。',0,'0','0','0','0','0',0,0,0,0,0,'0'),(58,'情书','57.jpg',' 岩井俊二 Shunji Iwai',' 中山美穗 Miho Nakayama / 丰川悦司 Ets...','1995','日本','剧情 爱情',8.9,'暗恋的极致。',0,'0','0','0','0','0',0,0,0,0,0,'0'),(59,'寻梦环游记','58.jpg',' 李·昂克里奇 Lee Unkrich / 阿德里安·莫利纳 Adrian Molina',' ...','2017','美国','喜剧 动画 奇幻 音乐',9,'死亡不是真的逝去，遗忘才是永恒的消亡。',0,'0','0','0','0','0',0,0,0,0,0,'0'),(60,'钢琴家','59.jpg',' 罗曼·波兰斯基 Roman Polanski',' 艾德里安·布洛迪 Adrien Brod...','2002','法国 德国 英国 波兰','剧情 传记 历史 战争 音乐',9.1,'音乐能化解仇恨。',0,'0','0','0','0','0',0,0,0,0,0,'0'),(61,'美国往事','60.jpg',' 赛尔乔·莱翁内 Sergio Leone',' 罗伯特·德尼罗 Robert De Niro ...','1984','意大利 美国','犯罪 剧情',9.1,'往事如烟，无处祭奠。',0,'0','0','0','0','0',0,0,0,0,0,'0'),(62,'本杰明·巴顿奇事','61.jpg',' 大卫·芬奇 David Fincher',' 凯特·布兰切特 Cate Blanchett / ...','2008','美国','剧情 爱情 奇幻',8.8,'在时间之河里感受溺水之苦。',0,'0','0','0','0','0',0,0,0,0,0,'0'),(63,'小鞋子','62.jpg',' 马基德·马基迪 Majid Majidi',' 法拉赫阿米尔·哈什米安 Amir Fa...','1997','伊朗','剧情 儿童 家庭',9.2,'奔跑的孩子是天使。',0,'0','0','0','0','0',0,0,0,0,0,'0'),(64,'黑客帝国','63.jpg',' 安迪·沃卓斯基 Andy Wachowski / 拉娜·沃卓斯基 Lana Wachowski',' ...','1999','美国 澳大利亚','动作 科幻',8.9,'视觉革命。',0,'0','0','0','0','0',0,0,0,0,0,'0'),(65,'西西里的美丽传说','64.jpg',' 朱塞佩·托纳多雷 Giuseppe Tornatore',' 莫妮卡·贝鲁奇 Monica ...','2000','意大利 美国','剧情 战争 情色',8.8,'美丽无罪。',0,'0','0','0','0','0',0,0,0,0,0,'0'),(66,'看不见的客人','65.jpg',' 奥里奥尔·保罗 Oriol Paulo',' 马里奥·卡萨斯 Mario Casas / 阿...','2016','西班牙','剧情 犯罪 悬疑 惊悚',8.7,'你以为你以为的就是你以为的。',0,'0','0','0','0','0',0,0,0,0,0,'0'),(67,'让子弹飞','66.jpg',' 姜文 Wen Jiang',' 姜文 Wen Jiang / 葛优 You Ge / 周润发 Yun-F...','2010','中国大陆 香港','剧情 喜剧 动作 西部',8.7,'你给我翻译翻译，神马叫做TMD的惊喜。',0,'0','0','0','0','0',0,0,0,0,0,'0'),(68,'拯救大兵瑞恩','67.jpg',' 史蒂文·斯皮尔伯格 Steven Spielberg',' 汤姆·汉克斯 Tom Hanks...','1998','美国','剧情 历史 战争',8.9,'美利坚精神输出大片No1.',0,'0','0','0','0','0',0,0,0,0,0,'0'),(69,'致命魔术','68.jpg',' 克里斯托弗·诺兰 Christopher Nolan',' 休·杰克曼 Hugh Jackman...','2006','美国 英国','剧情 悬疑 惊悚',8.8,'孪生蝙蝠侠大战克隆金刚狼。',0,'0','0','0','0','0',0,0,0,0,0,'0'),(70,'七宗罪','69.jpg',' 大卫·芬奇 David Fincher',' 摩根·弗里曼 Morgan Freeman / 布...','1995','美国','剧情 犯罪 悬疑 惊悚',8.8,'警察抓小偷，老鼠玩死猫。',0,'0','0','0','0','0',0,0,0,0,0,'0'),(71,'大闹天宫','70.jpg',' 万籁鸣 Laiming Wan / 唐澄 Cheng  Tang',' 邱岳峰 Yuefeng Qiu /...','1961(中国大陆)  1964(中国大陆)   1978(中国大陆)   2004(中国大陆)','中国大陆','动画 奇幻',9.3,'经典之作，历久弥新。',0,'0','0','0','0','0',0,0,0,0,0,'0'),(72,'被嫌弃的松子的一生','71.jpg',' 中岛哲也 Tetsuya Nakashima',' 中谷美纪 Miki Nakatani / 瑛太 E...','2006','日本','剧情 歌舞',8.9,'以戏谑来戏谑戏谑。',0,'0','0','0','0','0',0,0,0,0,0,'0'),(73,'哈利·波特与魔法石','72.jpg',' Chris Columbus',' Daniel Radcliffe / Emma Watson / Rupert Grint...','2001','美国 英国','奇幻 冒险',8.9,'童话世界的开端。',0,'0','0','0','0','0',0,0,0,0,0,'0'),(74,'音乐之声','73.jpg',' 罗伯特·怀斯 Robert Wise',' 朱莉·安德鲁斯 Julie Andrews / 克...','1965','美国','剧情 传记 爱情 歌舞',9,'用音乐化解仇恨，让歌声串起美好。',0,'0','0','0','0','0',0,0,0,0,0,'0'),(75,'低俗小说','74.jpg',' 昆汀·塔伦蒂诺 Quentin Tarantino',' 约翰·特拉沃尔塔 John Tra...','1994','美国','剧情 喜剧 犯罪',8.8,'故事的高级讲法。',0,'0','0','0','0','0',0,0,0,0,0,'0'),(76,'天使爱美丽','75.jpg',' 让-皮埃尔·热内 Jean-Pierre Jeunet',' 奥黛丽·塔图 Audrey Tau...','2001','法国 德国','喜剧 爱情',8.7,'法式小清新。',0,'0','0','0','0','0',0,0,0,0,0,'0'),(77,'沉默的羔羊','76.jpg',' 乔纳森·戴米 Jonathan Demme',' 朱迪·福斯特 Jodie Foster / 安...','1991','美国','剧情 犯罪 惊悚',8.8,'安东尼·霍普金斯的顶级表演。',0,'0','0','0','0','0',0,0,0,0,0,'0'),(78,'勇敢的心','77.jpg',' 梅尔·吉布森 Mel Gibson',' 梅尔·吉布森 Mel Gibson / 苏菲·玛...','1995','美国','动作 传记 剧情 历史 战争',8.8,'史诗大片的典范。',0,'0','0','0','0','0',0,0,0,0,0,'0'),(79,'剪刀手爱德华','78.jpg',' 蒂姆·波顿 Tim Burton',' 约翰尼·德普 Johnny Depp / 薇诺娜·...','1990','美国','剧情 奇幻 爱情',8.7,'浪漫忧郁的成人童话。',0,'0','0','0','0','0',0,0,0,0,0,'0'),(80,'蝴蝶效应','79.jpg',' 埃里克·布雷斯 Eric Bress / J·麦基·格鲁伯 J. Mackye Gruber',' ...','2004','美国 加拿大','剧情 悬疑 科幻 惊悚',8.7,'人的命运被自己瞬间的抉择改变。',0,'0','0','0','0','0',0,0,0,0,0,'0'),(81,'春光乍泄','80.jpg',' 王家卫 Kar Wai Wong',' 张国荣 Leslie Cheung / 梁朝伟 Tony Leu...','1997','香港 日本 韩国','剧情 爱情 同性',8.9,'爱情纠缠，男女一致。',0,'0','0','0','0','0',0,0,0,0,0,'0'),(82,'猫鼠游戏','81.jpg',' 史蒂文·斯皮尔伯格 Steven Spielberg',' 莱昂纳多·迪卡普里奥 L...','2002','美国 加拿大','传记 犯罪 剧情',8.9,'骗子大师和执著警探的你追我跑故事。',0,'0','0','0','0','0',0,0,0,0,0,'0'),(83,'心灵捕手','82.jpg',' 格斯·范·桑特 Gus Van Sant',' 马特·达蒙 Matt Damon / 罗宾·...','1997','美国','剧情',8.8,'人生中应该拥有这样的一段豁然开朗。',0,'0','0','0','0','0',0,0,0,0,0,'0'),(84,'布达佩斯大饭店','83.jpg',' 韦斯·安德森 Wes Anderson',' 拉尔夫·费因斯 Ralph Fiennes / ...','2014','美国 德国 英国','剧情 喜剧 冒险',8.8,'小清新的故事里注入了大历史的情怀。',0,'0','0','0','0','0',0,0,0,0,0,'0'),(85,'禁闭岛','84.jpg',' Martin Scorsese',' 莱昂纳多·迪卡普里奥 Leonardo DiCaprio / ...','2010','美国','剧情 悬疑 惊悚',8.7,'昔日翩翩少年，今日大腹便便。',0,'0','0','0','0','0',0,0,0,0,0,'0'),(86,'入殓师','85.jpg',' 泷田洋二郎 Yôjirô Takita',' 本木雅弘 Masahiro Motoki / ...','2008','日本','剧情',8.8,'死可能是一道门，逝去并不是终结，而是超越，走向下一程。',0,'0','0','0','0','0',0,0,0,0,0,'0'),(87,'穿条纹睡衣的男孩','86.jpg',' 马克·赫尔曼 Mark Herman',' 阿萨·巴特菲尔德 Asa Butterfield ...','2008','英国 美国','剧情 战争',9,'尽管有些不切实际的幻想，这部电影依旧是一部感人肺腑的佳作。',0,'0','0','0','0','0',0,0,0,0,0,'0'),(88,'幽灵公主','87.jpg',' 宫崎骏 Hayao Miyazaki',' 松田洋治 Yôji Matsuda / 石田百合...','1997','日本','动画 奇幻 冒险',8.8,'人与自然的战争史诗。',0,'0','0','0','0','0',0,0,0,0,0,'0'),(89,'阿凡达','88.jpg',' 詹姆斯·卡梅隆 James Cameron',' 萨姆·沃辛顿 Sam Worthington ...','2009','美国 英国','动作 战争 科幻 冒险',8.7,'绝对意义上的美轮美奂。',0,'0','0','0','0','0',0,0,0,0,0,'0'),(90,'阳光灿烂的日子','89.jpg',' 姜文 Wen Jiang',' 夏雨 Yu Xia / 宁静 Jing Ning / 陶虹 Hong Tao...','1994','中国大陆 香港','剧情 爱情',8.8,'一场华丽的意淫。',0,'0','0','0','0','0',0,0,0,0,0,'0'),(91,'玛丽和马克思','90.jpg',' 亚当·艾略特 Adam Elliot',' 托妮·科莱特 Toni Collette / 菲利...','2009','澳大利亚','剧情 喜剧 动画',8.9,'你是我最好的朋友，你是我唯一的朋友 。',0,'0','0','0','0','0',0,0,0,0,0,'0'),(92,'第六感','91.jpg',' M·奈特·沙马兰 M. Night Shyamalan',' 布鲁斯·威利斯 Bruce Wi...','1999','美国','剧情 悬疑 惊悚',8.8,'深入内心的恐怖，出人意料的结局。',0,'0','0','0','0','0',0,0,0,0,0,'0'),(93,'致命ID','92.jpg',' James Mangold',' John Cusack / Ray Liotta / Amanda Peet...','2003','美国','剧情 悬疑 惊悚',8.7,'最不可能的那个人永远是最可能的。',0,'0','0','0','0','0',0,0,0,0,0,'0'),(94,'狩猎','93.jpg',' 托马斯·温特伯格 Thomas Vinterberg',' 麦斯·米科尔森 Mads Mik...','2012','丹麦 瑞典','剧情',9.1,'人言可畏。',0,'0','0','0','0','0',0,0,0,0,0,'0'),(95,'重庆森林','94.jpg',' 王家卫 Kar Wai Wong',' 林青霞 Brigitte Lin / 金城武 Takeshi K...','1994','香港','剧情 爱情',8.7,'寂寞没有期限。',0,'0','0','0','0','0',0,0,0,0,0,'0'),(96,'断背山','95.jpg',' 李安 Ang Lee',' 希斯·莱杰 Heath Ledger / 杰克·吉伦哈尔 Jake...','2005','美国 加拿大','剧情 爱情 同性 家庭',8.7,'每个人心中都有一座断背山。',0,'0','0','0','0','0',0,0,0,0,0,'0'),(97,'加勒比海盗','96.jpg',' 戈尔·维宾斯基 Gore Verbinski',' 约翰尼·德普 Johnny Depp / ...','2003','美国','动作 冒险 奇幻',8.7,'约翰尼·德普的独角戏。',0,'0','0','0','0','0',0,0,0,0,0,'0'),(98,'摩登时代','97.jpg',' 查理·卓别林 Charles Chaplin',' 查理·卓别林 Charles Chaplin ...','1936','美国','剧情 喜剧 爱情',9.2,'大时代中的人生，小人物的悲喜。',0,'0','0','0','0','0',0,0,0,0,0,'0'),(99,'告白','98.jpg',' 中岛哲也 Tetsuya Nakashima',' 松隆子 Takako Matsu / 冈田将生 ...','2010','日本','剧情 惊悚',8.7,'没有一人完全善，也没有一人完全恶。',0,'0','0','0','0','0',0,0,0,0,0,'0'),(100,'大鱼','99.jpg',' 蒂姆·波顿 Tim Burton',' 伊万·麦克格雷格 Ewan McGregor / 阿...','2003','美国','剧情 家庭 奇幻 冒险',8.8,'抱着梦想而活着的人是幸福的，怀抱梦想而死去的人是不朽的。',0,'0','0','0','0','0',0,0,0,0,0,'0'),(101,'喜剧之王','100.jpg',' 周星驰 Stephen Chow / 李力持 Lik-Chi Lee',' 周星驰 Stephen Ch...','1999','香港','喜剧 剧情 爱情',8.6,'我是一个演员。',0,'0','0','0','0','0',0,0,0,0,0,'0'),(102,'一一','101.jpg',' 杨德昌 Edward Yang',' 吴念真 / 李凯莉 Kelly Lee / 金燕玲 Elai...','2000','台湾 日本','剧情 爱情 家庭',9,'我们都曾经是一一。',0,'0','0','0','0','0',0,0,0,0,0,'0'),(103,'消失的爱人','102.jpg',' 大卫·芬奇 David Fincher',' 本·阿弗莱克 Ben Affleck / 罗莎蒙...','2014','美国','剧情 犯罪 悬疑 惊悚',8.7,'年度最佳date movie。',0,'0','0','0','0','0',0,0,0,0,0,'0'),(104,'射雕英雄传之东成西就','103.jpg',' 刘镇伟 Jeffrey Lau',' 梁朝伟 Tony Leung Chiu Wai / 林青霞 Bri...','1993','香港','喜剧 奇幻 武侠 古装',8.7,'百看不厌。',0,'0','0','0','0','0',0,0,0,0,0,'0'),(105,'阳光姐妹淘','104.jpg',' 姜炯哲 Hyeong-Cheol Kang',' 沈恩京 Eun-kyung Shim / 闵孝琳 Hy...','2011','韩国','剧情 喜剧',8.8,'再多各自牛逼的时光，也比不上一起傻逼的岁月。',0,'0','0','0','0','0',0,0,0,0,0,'0'),(106,'甜蜜蜜','105.jpg',' 陈可辛 Peter Chan',' 黎明 Leon Lai / 张曼玉 Maggie Cheung / ...','1996','香港','剧情 爱情',8.8,'相逢只要一瞬间，等待却像是一辈子。',0,'0','0','0','0','0',0,0,0,0,0,'0'),(107,'爱在黎明破晓前','106.jpg',' 理查德·林克莱特 Richard Linklater',' 伊桑·霍克 Ethan Hawke ...','1995','美国 奥地利 瑞士','剧情 爱情',8.8,'缘分是个连绵词，最美不过一瞬。',0,'0','0','0','0','0',0,0,0,0,0,'0'),(108,'小森林 夏秋篇','107.jpg',' 森淳一 Junichi Mori',' 桥本爱 Ai Hashimoto / 三浦贵大 Takahir...','2014','日本','剧情',9,'那些静得只能听见呼吸的日子里，你明白孤独即生活。',0,'0','0','0','0','0',0,0,0,0,0,'0'),(109,'侧耳倾听','108.jpg',' 近藤喜文 Yoshifumi Kondo',' 本名阳子 Youko Honna / 小林桂树 K...','1995','日本','剧情 爱情 动画',8.8,'少女情怀总是诗。',0,'0','0','0','0','0',0,0,0,0,0,'0'),(110,'红辣椒','109.jpg',' 今敏 Satoshi Kon',' 林原惠美 Megumi Hayashibara / 江守彻 Toru...','2006','日本','动画 悬疑 科幻 惊悚',8.9,'梦的勾结。',0,'0','0','0','0','0',0,0,0,0,0,'0'),(111,'倩女幽魂','110.jpg',' 程小东 Siu-Tung Ching',' 张国荣 Leslie Cheung / 王祖贤 Joey W...','1987','香港','剧情 爱情 武侠 古装',8.7,'两张绝世的脸。',0,'0','0','0','0','0',0,0,0,0,0,'0'),(112,'恐怖直播','111.jpg',' 金秉祐 Byeong-woo Kim',' 河正宇 Jung-woo Ha / 李璟荣 Kyeong-y...','2013','韩国','剧情 犯罪 悬疑',8.7,'恐怖分子的“秋菊打官司”。',0,'0','0','0','0','0',0,0,0,0,0,'0'),(113,'上帝之城','112.jpg',' Kátia Lund / Fernando Meirelles',' Alexandre Rodrigues / Lea...','2002','巴西 法国','犯罪 剧情',8.9,'被上帝抛弃了的上帝之城。',0,'0','0','0','0','0',0,0,0,0,0,'0'),(114,'风之谷','113.jpg',' 宫崎骏 Hayao Miyazaki',' 岛本须美 Sumi Shimamoto / 松田洋治 Y...','1984','日本','动画 奇幻 冒险',8.8,'动画片的圣经。',0,'0','0','0','0','0',0,0,0,0,0,'0'),(115,'请以你的名字呼唤我','114.jpg',' 卢卡·瓜达尼诺 Luca Guadagnino',' 艾米·汉莫 Armie Hammer / ...','2017','意大利 法国 巴西 美国 荷兰 德国','剧情 爱情 同性',8.8,'沉醉在电影的情感和视听氛围中无法自拔。',0,'0','0','0','0','0',0,0,0,0,0,'0'),(116,'超脱','115.jpg',' 托尼·凯耶 Tony Kaye',' 艾德里安·布洛迪 Adrien Brody / 马西...','2011','美国','剧情',8.8,'穷尽一生，我们要学会的，不过是彼此拥抱。',0,'0','0','0','0','0',0,0,0,0,0,'0'),(117,'驯龙高手','116.jpg',' 迪恩·德布洛斯 Dean DeBlois / 克里斯·桑德斯 Chris Sanders','...','2010','美国','动画 奇幻 冒险',8.7,'和谐的生活离不开摸头与被摸头。',0,'0','0','0','0','0',0,0,0,0,0,'0'),(118,'爱在日落黄昏时','117.jpg',' 理查德·林克莱特 Richard Linklater',' 伊桑·霍克 Ethan Hawke ...','2004','美国','剧情 爱情',8.8,'九年后的重逢是世俗和责任的交叠，没了悸动和青涩，沧桑而温暖。',0,'0','0','0','0','0',0,0,0,0,0,'0'),(119,'菊次郎的夏天','118.jpg',' 北野武 Takeshi Kitano',' 北野武 Takeshi Kitano / 关口雄介 Yus...','1999','日本','剧情 喜剧',8.8,'从没见过那么流氓的温柔，从没见过那么温柔的流氓。',0,'0','0','0','0','0',0,0,0,0,0,'0'),(120,'幸福终点站','119.jpg',' 史蒂文·斯皮尔伯格 Steven Spielberg',' 汤姆·汉克斯 Tom Hanks...','2004','美国','喜剧 剧情 爱情',8.7,'有时候幸福需要等一等。',0,'0','0','0','0','0',0,0,0,0,0,'0'),(121,'哈利·波特与死亡圣器(下)','120.jpg',' 大卫·叶茨 David Yates',' 丹尼尔·雷德克里夫 Daniel Radcliffe...','2011','美国 英国','剧情 悬疑 奇幻 冒险',8.7,'10年的完美句点。',0,'0','0','0','0','0',0,0,0,0,0,'0'),(122,'杀人回忆','121.jpg',' 奉俊昊 Joon-ho Bong',' 宋康昊 Kang-ho Song / 金相庆 Sang-kyun...','2003','韩国','犯罪 剧情 悬疑 惊悚',8.7,'关于连环杀人悬案的集体回忆。',0,'0','0','0','0','0',0,0,0,0,0,'0'),(123,'小森林 冬春篇','122.jpg',' 森淳一 Junichi Mori',' 桥本爱 Ai Hashimoto / 三浦贵大 Takahir...','2015','日本','剧情',9,'尊敬他人，尊敬你生活的这片土地，明白孤独是人生的常态。',0,'0','0','0','0','0',0,0,0,0,0,'0'),(124,'神偷奶爸','123.jpg',' 皮艾尔·柯芬 Pierre Coffin / 克里斯·雷纳德 Chris Renaud',' ...','2010','美国 法国','喜剧 动画 冒险',8.5,'Mr. I Don\'t Care其实也有Care的时候。',0,'0','0','0','0','0',0,0,0,0,0,'0'),(125,'借东西的小人阿莉埃蒂','124.jpg',' 米林宏昌 Hiromasa Yonebayashi',' 志田未来 Mirai Shida / 神木...','2010','日本','动画 奇幻 冒险',8.7,'曾经的那段美好会沉淀为一辈子的记忆。',0,'0','0','0','0','0',0,0,0,0,0,'0'),(126,'7号房的礼物','125.jpg',' 李焕庆 Hwan-kyeong Lee',' 柳承龙 Seung-yong Ryoo / 朴信惠 Shi...','2013','韩国','剧情 喜剧 家庭',8.8,'《我是山姆》的《美丽人生》。',0,'0','0','0','0','0',0,0,0,0,0,'0'),(127,'怪兽电力公司','126.jpg',' 彼特·道格特 Pete Docter / 大卫·斯沃曼 David Silverman',' 约...','2001','美国','儿童 喜剧 动画 奇幻 冒险',8.6,'不要给它起名字，起了名字就有感情了。',0,'0','0','0','0','0',0,0,0,0,0,'0'),(128,'岁月神偷','127.jpg',' 罗启锐 Alex Law',' 吴君如 Sandra Ng / 任达华 Simon Yam / 钟绍...','2010','香港 中国大陆','剧情 家庭',8.7,'岁月流逝，来日可追。',0,'0','0','0','0','0',0,0,0,0,0,'0'),(129,'萤火之森','128.jpg',' 大森贵弘 Takahiro Omori',' 佐仓绫音 Ayane Sakura / 内山昂辉 K...','2011','日本','剧情 爱情 动画 奇幻',8.8,'触不到的恋人。',0,'0','0','0','0','0',0,0,0,0,0,'0'),(130,'唐伯虎点秋香','129.jpg',' 李力持 Lik-Chi Lee',' 周星驰 Stephen Chow / 巩俐 Li Gong / 陈...','1993','香港','喜剧 爱情 古装',8.5,'华太师是黄霑，吴镇宇四大才子之一。',0,'0','0','0','0','0',0,0,0,0,0,'0'),(131,'七武士','130.jpg',' 黑泽明 Akira Kurosawa',' 三船敏郎 Toshirô Mifune / 志村乔 ...','1954','日本','动作 冒险 剧情',9.2,'时代悲歌。',0,'0','0','0','0','0',0,0,0,0,0,'0'),(132,'超能陆战队','131.jpg',' 唐·霍尔 Don Hall / 克里斯·威廉姆斯 Chris Williams',' 斯科特...','2014','美国','喜剧 动作 科幻 动画 冒险',8.6,'Balalala~~~',0,'0','0','0','0','0',0,0,0,0,0,'0'),(133,'蝙蝠侠：黑暗骑士崛起','132.jpg',' 克里斯托弗·诺兰 Christopher Nolan',' 克里斯蒂安·贝尔 Christ...','2012','美国 英国','剧情 动作 科幻 犯罪 惊悚',8.7,'诺兰就是保证。',0,'0','0','0','0','0',0,0,0,0,0,'0'),(134,'电锯惊魂','133.jpg',' 詹姆斯·温 James Wan',' 雷·沃纳尔 Leigh Whannell / 加利·艾...','2004','美国','悬疑 惊悚 恐怖',8.7,'真相就在眼前。',0,'0','0','0','0','0',0,0,0,0,0,'0'),(135,'真爱至上','134.jpg',' 理查德·柯蒂斯 Richard Curtis',' 休·格兰特 Hugh Grant / 柯林...','2003','英国 美国 法国','喜剧 剧情 爱情',8.6,'爱，是个动词。',0,'0','0','0','0','0',0,0,0,0,0,'0'),(136,'谍影重重3','135.jpg',' 保罗·格林格拉斯 Paul Greengrass',' 马特·达蒙 Matt Damon / ...','2007','美国 德国','动作 悬疑 惊悚',8.7,'像吃了苏打饼一样干脆的电影。',0,'0','0','0','0','0',0,0,0,0,0,'0'),(137,'疯狂原始人','136.jpg',' 科克·德·米科 Kirk De Micco / 克里斯·桑德斯 Chris Sanders',' ...','2013','美国','喜剧 动画 冒险',8.7,'老少皆宜，这就是好莱坞动画的魅力。',0,'0','0','0','0','0',0,0,0,0,0,'0'),(138,'萤火虫之墓','137.jpg',' 高畑勋 Isao Takahata',' 辰己努 / 白石绫乃 / 志乃原良子...','1988','日本','动画 剧情 战争',8.7,'幸福是生生不息，却难以触及的远。',0,'0','0','0','0','0',0,0,0,0,0,'0'),(139,'喜宴','138.jpg',' 李安 Ang Lee',' 赵文瑄 Winston Chao / 郎雄 Sihung Lung / 归亚...','1993','台湾 美国','剧情 喜剧 爱情 同性 家庭',8.9,'中国家庭的喜怒哀乐忍。',0,'0','0','0','0','0',0,0,0,0,0,'0'),(140,'东邪西毒','139.jpg',' 王家卫 Kar Wai Wong',' 张国荣 Leslie Cheung / 林青霞 Brigitte...','1994','香港 台湾','剧情 动作 爱情 武侠 古装',8.6,'电影诗。',0,'0','0','0','0','0',0,0,0,0,0,'0'),(141,'贫民窟的百万富翁','140.jpg',' 丹尼·鲍尔 Danny Boyle / 洛芙琳·坦丹 Loveleen Tandan',' 戴夫...','2008','英国 美国','剧情 爱情',8.5,'上帝之城+猜火车+阿甘正传+开心辞典=山寨富翁',0,'0','0','0','0','0',0,0,0,0,0,'0'),(142,'英雄本色','141.jpg',' 吴宇森 John Woo',' 周润发 Yun-Fat Chow / 狄龙 Lung Ti / 张国...','1986','香港','动作 犯罪',8.6,'英雄泪短，兄弟情长。',0,'0','0','0','0','0',0,0,0,0,0,'0'),(143,'记忆碎片','142.jpg',' 克里斯托弗·诺兰 Christopher Nolan',' 盖·皮尔斯 Guy Pearce /...','2000','美国','犯罪 剧情 悬疑 惊悚',8.6,'一个针管引发的血案。',0,'0','0','0','0','0',0,0,0,0,0,'0'),(144,'黑天鹅','143.jpg',' 达伦·阿罗诺夫斯基 Darren Aronofsky',' 娜塔莉·波特曼 Natalie...','2010','美国','剧情 惊悚',8.5,'黑暗之美。',0,'0','0','0','0','0',0,0,0,0,0,'0'),(145,'无人知晓','144.jpg',' 是枝裕和 Hirokazu Koreeda',' 柳乐优弥 Yûya Yagira / 北浦爱...','2004','日本','剧情',9.1,'我的平常生活就是他人的幸福。',0,'0','0','0','0','0',0,0,0,0,0,'0'),(146,'心迷宫','145.jpg',' 忻钰坤 Yukun Xin',' 霍卫民 Weimin Huo / 王笑天 Xiaotian Wang ...','2014','中国大陆','剧情 犯罪 悬疑',8.7,'荒诞讽刺，千奇百巧，抽丝剥茧，百转千回。',0,'0','0','0','0','0',0,0,0,0,0,'0'),(147,'傲慢与偏见','146.jpg',' 乔·怀特 Joe Wright',' 凯拉·奈特莉 Keira Knightley / 马修·...','2005','法国 英国 美国','剧情 爱情',8.5,'爱是摈弃傲慢与偏见之后的曙光。',0,'0','0','0','0','0',0,0,0,0,0,'0'),(148,'血战钢锯岭','147.jpg',' 梅尔·吉布森 Mel Gibson',' 安德鲁·加菲尔德 Andrew Garfield /...','2016','美国 澳大利亚','剧情 传记 历史 战争',8.7,'优秀的战争片不会美化战场，不会粉饰死亡，不会矮化敌人，不会无视常识，最重要的，不会宣扬战争。',0,'0','0','0','0','0',0,0,0,0,0,'0'),(149,'雨人','148.jpg',' 巴瑞·莱文森 Barry Levinson',' 达斯汀·霍夫曼 Dustin Hoffman ...','1988','美国','剧情',8.7,'生活在自己的世界里，也可以让周围的人显得可笑和渺小。',0,'0','0','0','0','0',0,0,0,0,0,'0'),(150,'时空恋旅人','149.jpg',' 理查德·柯蒂斯 Richard Curtis',' 多姆纳尔·格里森 Domhnall Gl...','2013','英国','喜剧 爱情 奇幻',8.7,'把每天当作最后一天般珍惜度过，积极拥抱生活，就是幸福。',0,'0','0','0','0','0',0,0,0,0,0,'0'),(151,'荒蛮故事','150.jpg',' 达米安·斯兹弗隆 Damián Szifron',' 达里奥·葛兰帝内提 Darío...','2014','阿根廷 西班牙','剧情 喜剧 犯罪',8.8,'始于荒诞，止于更荒诞。',0,'0','0','0','0','0',0,0,0,0,0,'0'),(152,'纵横四海','151.jpg',' 吴宇森 John Woo',' 周润发 Yun-Fat Chow / 张国荣 Leslie Cheung...','1991','香港','剧情 喜剧 动作 犯罪',8.7,'香港浪漫主义警匪动作片的巅峰之作。',0,'0','0','0','0','0',0,0,0,0,0,'0'),(153,'教父3','152.jpg',' 弗朗西斯·福特·科波拉 Francis Ford Coppola',' 阿尔·帕西诺 A...','1990','美国','剧情 犯罪',8.8,'任何信念的力量，都无法改变命运。',0,'0','0','0','0','0',0,0,0,0,0,'0'),(154,'卢旺达饭店','153.jpg',' 特瑞·乔治 Terry George',' 唐·钱德尔 Don Cheadle / 苏菲·奥...','2004','英国 南非 意大利 美国','剧情 历史 战争',8.9,'当这个世界闭上双眼，他却敞开了怀抱。',0,'0','0','0','0','0',0,0,0,0,0,'0'),(155,'玩具总动员3','154.jpg',' 李·昂克里奇 Lee Unkrich',' 汤姆·汉克斯 Tom Hanks / 蒂姆·艾...','2010','美国','喜剧 动画 奇幻 冒险',8.8,'跨度十五年的欢乐与泪水。',0,'0','0','0','0','0',0,0,0,0,0,'0'),(156,'达拉斯买家俱乐部','155.jpg',' 让-马克·瓦雷 Jean-Marc Vallée',' 马修·麦康纳 Matthew McCon...','2013','美国','剧情 传记 同性',8.7,'Jared Leto的腿比女人还美！',0,'0','0','0','0','0',0,0,0,0,0,'0'),(157,'花样年华','156.jpg',' 王家卫 Kar Wai Wong',' 梁朝伟 Tony Leung Chiu Wai / 张曼玉 Ma...','2000','香港','剧情 爱情',8.6,'偷情本没有这样美。',0,'0','0','0','0','0',0,0,0,0,0,'0'),(158,'完美的世界','157.jpg',' 克林特·伊斯特伍德 Clint Eastwood',' 凯文·科斯特纳 Kevin Cos...','1993','美国','剧情 犯罪',9,'坏人的好总是比好人的好来得更感人。',0,'0','0','0','0','0',0,0,0,0,0,'0'),(159,'海边的曼彻斯特','158.jpg',' 肯尼斯·罗纳根 Kenneth Lonergan',' 卡西·阿弗莱克 Casey Affle...','2016','美国','剧情 家庭',8.6,'我们都有权利不与自己的过去和解。',0,'0','0','0','0','0',0,0,0,0,0,'0'),(160,'海洋','159.jpg',' 雅克·贝汉 Jacques Perrin / 雅克·克鲁奥德 Jacques Cluzaud','...','2009','法国 瑞士 西班牙 美国 阿联酋','纪录片',9,'大海啊，不全是水。',0,'0','0','0','0','0',0,0,0,0,0,'0'),(161,'虎口脱险','160.jpg',' 杰拉尔·乌里 Gérard Oury',' 路易·德·菲耐斯 Louis de Funès...','1966','法国 英国','喜剧 战争',8.9,'永远看不腻的喜剧。',0,'0','0','0','0','0',0,0,0,0,0,'0'),(162,'恋恋笔记本','161.jpg',' 尼克·卡索维茨 Nick Cassavetes',' 瑞恩·高斯林 Ryan Gosling /...','2004','美国','剧情 爱情',8.5,'爱情没有那么多借口，如果不能圆满，只能说明爱的不够。',0,'0','0','0','0','0',0,0,0,0,0,'0'),(163,'你看起来好像很好吃','162.jpg',' 藤森雅也 Masaya Fujimori',' 山口胜平 Kappei Yamaguchi / 爱河...','2010','日本','剧情 动画 儿童',8.8,'感情不分食草或者食肉。',0,'0','0','0','0','0',0,0,0,0,0,'0'),(164,'燃情岁月','163.jpg',' 爱德华·兹威克 Edward Zwick',' 布拉德·皮特 Brad Pitt / 安东...','1994','美国','剧情 爱情 战争 西部',8.7,'传奇，不是每个人都可以拥有。',0,'0','0','0','0','0',0,0,0,0,0,'0'),(165,'二十二','164.jpg',' 郭柯 Ke Guo',' ...','2015','中国大陆','纪录片',8.7,'有一些东西不应该被遗忘。',0,'0','0','0','0','0',0,0,0,0,0,'0'),(166,'被解救的姜戈','165.jpg',' 昆汀·塔伦蒂诺 Quentin Tarantino',' 杰米·福克斯 Jamie Foxx /...','2012','美国','剧情 动作 西部 冒险',8.6,'热血沸腾，那个低俗、性感的无耻混蛋又来了。',0,'0','0','0','0','0',0,0,0,0,0,'0'),(167,'头脑特工队','166.jpg',' 彼特·道格特 Pete Docter / 罗纳尔多·德尔·卡门 Ronaldo Del Carmen&nb',' ...','2015','美国','喜剧 动画 冒险',8.7,'愿我们都不用长大，每一座城堡都能永远存在。',0,'0','0','0','0','0',0,0,0,0,0,'0'),(168,'冰川时代','167.jpg',' 卡洛斯·沙尔丹哈 Carlos Saldanha / 克里斯·韦奇 Chris Wedge',' ...','2002','美国','喜剧 动画 冒险',8.5,'松鼠才是角儿。',0,'0','0','0','0','0',0,0,0,0,0,'0'),(169,'雨中曲','168.jpg',' 斯坦利·多南 Stanley Donen / 吉恩·凯利 Gene Kelly',' 吉恩·...','1952','美国','喜剧 歌舞 爱情',9,'骨灰级歌舞片。',0,'0','0','0','0','0',0,0,0,0,0,'0'),(170,'我是山姆','169.jpg',' 杰茜·尼尔森 Jessie Nelson',' Sean Penn / Dakota Fanning / Mi...','2001','美国','剧情 家庭',8.9,'爱并不需要智商 。',0,'0','0','0','0','0',0,0,0,0,0,'0'),(171,'无敌破坏王','170.jpg',' 瑞奇·莫尔 Rich Moore',' 约翰·C·赖利 John C. Reilly / 萨拉...','2012','美国','喜剧 动画 奇幻 冒险',8.7,'迪士尼和皮克斯拿错剧本的产物。',0,'0','0','0','0','0',0,0,0,0,0,'0'),(172,'人工智能','171.jpg',' 史蒂文·斯皮尔伯格 Steven Spielberg',' 海利·乔·奥斯蒙 Haley...','2001','美国','冒险 剧情 科幻',8.6,'对爱的执着，可以超越一切。',0,'0','0','0','0','0',0,0,0,0,0,'0'),(173,'你的名字。','172.jpg',' 新海诚 Makoto Shinkai',' 神木隆之介 Ryûnosuke Kamiki / 上...','2016','日本','剧情 爱情 动画',8.4,'穿越错位的时空，仰望陨落的星辰，你没留下你的名字，我却无法忘记那句“我爱你”。',0,'0','0','0','0','0',0,0,0,0,0,'0'),(174,'爆裂鼓手','173.jpg',' 达米恩·查泽雷 Damien Chazelle',' 迈尔斯·特勒 Miles Teller /...','2014','美国','剧情 音乐',8.6,'这个世界从不善待努力的人，努力了也不一定会成功，但是知道自己在努力，就是活下去的动力。',0,'0','0','0','0','0',0,0,0,0,0,'0'),(175,'穿越时空的少女','174.jpg',' 细田守 Mamoru Hosoda',' 仲里依纱 Riisa Naka / 石田卓也 Takuya...','2006','日本','剧情 爱情 科幻 动画',8.6,'爱上未来的你。',0,'0','0','0','0','0',0,0,0,0,0,'0'),(176,'魂断蓝桥','175.jpg',' 茂文·勒鲁瓦 Mervyn LeRoy',' 费雯·丽 Vivien Leigh / 罗伯特·...','1940','美国','剧情 爱情 战争',8.8,'中国式内在的美国电影。',0,'0','0','0','0','0',0,0,0,0,0,'0'),(177,'猜火车','176.jpg',' 丹尼·博伊尔 Danny Boyle',' 伊万·麦克格雷格 Ewan McGregor / ...','1996','英国','剧情 犯罪',8.5,'不可猜的青春迷笛。',0,'0','0','0','0','0',0,0,0,0,0,'0'),(178,'未麻的部屋','177.jpg',' 今敏 Satoshi Kon',' 岩男润子 Junko Iwao / 松本梨香 Rica Matsu...','1997','日本','动画 奇幻 惊悚',8.9,'好的剧本是，就算你猜到了结局也猜不到全部。',0,'0','0','0','0','0',0,0,0,0,0,'0'),(179,'模仿游戏','178.jpg',' 莫滕·泰杜姆 Morten Tyldum',' 本尼迪克特·康伯巴奇 Benedict C...','2014','英国 美国','剧情 传记 战争 同性',8.6,'他给机器起名“克里斯托弗”，因为这是他初恋的名字。',0,'0','0','0','0','0',0,0,0,0,0,'0'),(180,'一个叫欧维的男人决定去死','179.jpg',' 汉内斯·赫尔姆 Hannes Holm',' 罗夫·拉斯加德 Rolf Lassgård...','2015','瑞典','剧情',8.8,'惠及一生的美丽。',0,'0','0','0','0','0',0,0,0,0,0,'0'),(181,'三块广告牌','180.jpg',' 马丁·麦克唐纳 Martin McDonagh',' 弗兰西斯·麦克多蒙德 France...','2017','美国 英国','剧情 犯罪',8.7,'N/A',0,'0','0','0','0','0',0,0,0,0,0,'0'),(182,'罗生门','181.jpg',' 黑泽明 Akira Kurosawa',' 三船敏郎 Toshirô Mifune / 千秋实 ...','1950','日本','犯罪 剧情 悬疑',8.7,'人生的N种可能性。',0,'0','0','0','0','0',0,0,0,0,0,'0'),(183,'房间','182.jpg',' 伦尼·阿伯拉罕森 Lenny Abrahamson',' 布丽·拉尔森 Brie Larson...','2015','爱尔兰 加拿大 英国 美国','剧情 家庭',8.8,'被偷走的岁月，被伤害的生命，被禁锢的灵魂，终将被希望和善意救赎。',0,'0','0','0','0','0',0,0,0,0,0,'0'),(184,'完美陌生人','183.jpg',' 保罗·格诺维瑟 Paolo Genovese',' 马可·贾利尼 Marco Giallini ...','2016','意大利','剧情 喜剧',8.5,'来啊，互相伤害啊！',0,'0','0','0','0','0',0,0,0,0,0,'0'),(185,'忠犬八公物语','184.jpg',' Seijirô Kôyama',' 山本圭 Kei Yamamoto / 井川比佐志 Hisa...','1987','日本','剧情',9.1,'养狗三日，便会对你终其一生。',0,'0','0','0','0','0',0,0,0,0,0,'0'),(186,'恐怖游轮','185.jpg',' 克里斯托弗·史密斯 Christopher Smith',' 梅利莎·乔治 Melissa ...','2009','英国 澳大利亚','剧情 悬疑 惊悚',8.4,'不要企图在重复中寻找已经失去的爱。',0,'0','0','0','0','0',0,0,0,0,0,'0'),(187,'阿飞正传','186.jpg',' 王家卫 Kar Wai Wong',' 张国荣 Leslie Cheung / 张曼玉 Maggie C...','1990','香港','犯罪 剧情 爱情',8.5,'王家卫是一种风格，张国荣是一个代表。',0,'0','0','0','0','0',0,0,0,0,0,'0'),(188,'魔女宅急便','187.jpg',' 宫崎骏 Hayao Miyazaki',' 高山南 Minami Takayama / 佐久间玲 Re...','1989','日本','动画 奇幻 冒险',8.5,'宫崎骏的电影总让人感觉世界是美好的，阳光明媚的。',0,'0','0','0','0','0',0,0,0,0,0,'0'),(189,'香水','188.jpg',' 汤姆·提克威 Tom Tykwer',' 本·卫肖 Ben Whishaw / 艾伦·瑞克...','2006','德国 法国 西班牙 美国','剧情 犯罪 奇幻',8.5,'一个单凭体香达到高潮的男人。',0,'0','0','0','0','0',0,0,0,0,0,'0'),(190,'浪潮','189.jpg',' 丹尼斯·甘塞尔 Dennis Gansel',' 尤尔根·沃格尔 Jürgen Vogel ...','2008','德国','剧情 惊悚',8.7,'世界离独裁只有五天。',0,'0','0','0','0','0',0,0,0,0,0,'0'),(191,'朗读者','190.jpg',' 史蒂芬·戴德利 Stephen Daldry',' 凯特·温丝莱特 Kate Winslet ...','2008','美国 德国','剧情 爱情',8.5,'当爱情跨越年龄的界限，它似乎能变得更久远一点，成为一种责任，一种水到渠成的相濡以沫。',0,'0','0','0','0','0',0,0,0,0,0,'0'),(192,'哪吒闹海','191.jpg',' 严定宪 Dingxian Yan / 王树忱 Shuchen Wang',' 梁正晖 Zhenghui ...','1979','中国大陆','冒险 动画 奇幻',8.9,'想你时你在闹海。',0,'0','0','0','0','0',0,0,0,0,0,'0'),(193,'可可西里','192.jpg',' 陆川 Chuan Lu',' 多布杰 Duobujie / 张磊 Lei Zhang / 亓亮 Qi L...','2004','中国大陆 香港','剧情 犯罪',8.7,'坚硬的信仰。',0,'0','0','0','0','0',0,0,0,0,0,'0'),(194,'黑客帝国3：矩阵革命','193.jpg',' Andy Wachowski / Larry Wachowski',' 基努·里维斯 Keanu Reeves...','2003','美国 澳大利亚','动作 科幻',8.6,'不得不说，《黑客帝国》系列是商业片与科幻、哲学完美结合的典范。',0,'0','0','0','0','0',0,0,0,0,0,'0'),(195,'海街日记','194.jpg',' 是枝裕和 Hirokazu Koreeda',' 绫濑遥 Haruka Ayase / 长泽雅美 M...','2015','日本','剧情 家庭',8.7,'是枝裕和的家庭习作。',0,'0','0','0','0','0',0,0,0,0,0,'0'),(196,'战争之王','195.jpg',' 安德鲁·尼科尔 Andrew Niccol',' 尼古拉斯·凯奇 Nicolas Cage /...','2005','美国 法国','剧情 犯罪',8.6,'做一颗让别人需要你的棋子。',0,'0','0','0','0','0',0,0,0,0,0,'0'),(197,'谍影重重','196.jpg',' 道格·里曼 Doug Liman',' 马特·达蒙 Matt Damon / 弗兰卡·波坦...','2002','美国 德国 捷克','动作 悬疑 惊悚',8.5,'哗啦啦啦啦，天在下雨，哗啦啦啦啦，云在哭泣……找自己。',0,'0','0','0','0','0',0,0,0,0,0,'0'),(198,'谍影重重2','197.jpg',' 保罗·格林格拉斯 Paul Greengrass',' 马特·达蒙 Matt Damon / ...','2004','美国 德国','动作 悬疑 惊悚',8.6,'谁说王家卫镜头很晃？',0,'0','0','0','0','0',0,0,0,0,0,'0'),(199,'牯岭街少年杀人事件','198.jpg',' 杨德昌 Edward Yang',' 张震 Chen Chang / 杨静怡 Lisa Yang / 张...','1991','台湾','剧情 犯罪',8.8,'弱者送给弱者的一刀。',0,'0','0','0','0','0',0,0,0,0,0,'0'),(200,'地球上的星星','199.jpg',' 阿米尔·汗 Aamir Khan&nbsp;&nbsp;&nbsp;',' 达席尔·萨法瑞 Darsheel Safary / 阿...','2007','印度','剧情 儿童 家庭',8.9,'天使保护事件始末。',0,'0','0','0','0','0',0,0,0,0,0,'0'),(201,'一次别离','200.jpg',' 阿斯哈·法哈蒂  Asghar Farhadi',' 佩曼·莫阿迪 Peyman Moadi /...','2011','伊朗 法国','剧情 家庭',8.7,'只有有信仰的人才能说出事实真相。',0,'0','0','0','0','0',0,0,0,0,0,'0'),(202,'追随','201.jpg',' 克里斯托弗·诺兰 Christopher Nolan',' 杰里米·西奥伯德 Jeremy...','1998','英国','犯罪 悬疑 惊悚',8.9,'诺兰的牛逼来源于内心散发出的恐惧。',0,'0','0','0','0','0',0,0,0,0,0,'0'),(203,'青蛇','202.jpg',' 徐克 Hark Tsui',' 张曼玉 Maggie Cheung / 王祖贤 Joey Wang / ...','1993','香港','剧情 爱情 奇幻 古装',8.5,'人生如此，浮生如斯。谁人言，花彼岸，此生情长意短。谁都是不懂爱的罢了。',0,'0','0','0','0','0',0,0,0,0,0,'0'),(204,'惊魂记','203.jpg',' Alfred Hitchcock',' Janet Leigh / Anthony Perkins / Vera Miles...','1960','美国','悬疑 惊悚 恐怖',8.9,'故事的反转与反转，分裂电影的始祖。',0,'0','0','0','0','0',0,0,0,0,0,'0'),(205,'终结者2：审判日','204.jpg',' 詹姆斯·卡梅隆 James Cameron',' 阿诺·施瓦辛格 Arnold Schwarz...','1991','美国 法国','动作 科幻',8.6,'少见的超越首部的续集，动作片中的经典。',0,'0','0','0','0','0',0,0,0,0,0,'0'),(206,'撞车','205.jpg',' 保罗·哈吉斯 Paul Haggis',' 桑德拉·布洛克 Sandra Bullock / ...','2004','美国 德国','犯罪 剧情',8.6,'天使与魔鬼的冲撞。',0,'0','0','0','0','0',0,0,0,0,0,'0'),(207,'疯狂的石头','206.jpg',' 宁浩 Hao Ning',' 郭涛 Tao Guo / 刘桦 Hua Liu / 连晋 Teddy Lin...','2006','中国大陆 香港','喜剧 犯罪',8.4,'中国版《两杆大烟枪》。',0,'0','0','0','0','0',0,0,0,0,0,'0'),(208,'源代码','207.jpg',' 邓肯·琼斯 Duncan Jones',' 杰克·吉伦哈尔 Jake Gyllenhaal / ...','2011','美国 加拿大','科幻 悬疑 惊悚',8.4,'邓肯·琼斯继《月球》之后再度奉献出一部精彩绝伦的科幻佳作。',0,'0','0','0','0','0',0,0,0,0,0,'0'),(209,'小萝莉的猴神大叔','208.jpg',' 卡比尔·汗 Kabir Khan',' 萨尔曼·汗 Salman Khan / 哈莎莉·马...','2015','印度','剧情 喜剧 动作',8.5,'宝莱坞的萝莉与大叔。',0,'0','0','0','0','0',0,0,0,0,0,'0'),(210,'再次出发之纽约遇见你','209.jpg',' 约翰·卡尼 John Carney',' 凯拉·奈特莉 Keira Knightley / 马克...','2013','美国','喜剧 爱情 音乐',8.5,'爱我就给我看你的播放列表。',0,'0','0','0','0','0',0,0,0,0,0,'0'),(211,'步履不停','210.jpg',' 是枝裕和 Hirokazu Koreeda',' 阿部宽 Hiroshi Abe / 夏川结衣 Yu...','2008','日本','剧情 家庭',8.8,'日本的家庭电影已经是世界巅峰了，步履不停是巅峰中的佳作。',0,'0','0','0','0','0',0,0,0,0,0,'0'),(212,'新龙门客栈','211.jpg',' 李惠民 Raymond Lee',' 张曼玉 Maggie Cheung / 林青霞 Brigitte ...','1992','香港 中国大陆','动作 爱情 武侠 古装',8.5,'嬉笑怒骂，调风动月。',0,'0','0','0','0','0',0,0,0,0,0,'0'),(213,'初恋这件小事','212.jpg',' 普特鹏·普罗萨卡·那·萨克那卡林 Puttipong Promsaka Na Sakolnakorn / 华森·波克彭',' ...','2010','泰国','剧情 喜剧 爱情',8.3,'黑小鸭速效美白记。',0,'0','0','0','0','0',0,0,0,0,0,'0'),(214,'梦之安魂曲','213.jpg',' 达伦·阿伦诺夫斯基 Darren Aronofsky',' 艾伦·伯斯汀 Ellen Bur...','2000','美国','剧情',8.7,'一场没有春天的噩梦。',0,'0','0','0','0','0',0,0,0,0,0,'0'),(215,'东京物语','214.jpg',' 小津安二郎 Yasujirô Ozu',' 笠智众 Chishû Ryû / 原节...','1953','日本','剧情 家庭',9.2,'东京那么大，如果有一天走失了，恐怕一辈子不能再相见。',0,'0','0','0','0','0',0,0,0,0,0,'0'),(216,'爱在午夜降临前','215.jpg',' 理查德·林克莱特 Richard Linklater',' 伊桑·霍克 Ethan Hawke ...','2013','美国 希腊','剧情 爱情',8.8,'所谓爱情，就是话唠一路，都不会心生腻烦，彼此嫌弃。',0,'0','0','0','0','0',0,0,0,0,0,'0'),(217,'无耻混蛋','216.jpg',' Quentin Tarantino',' 布拉德·皮特 Brad Pitt / 梅拉尼·罗兰 M...','2009','美国 德国','剧情 犯罪',8.5,'昆汀同学越来越变态了，比北野武还杜琪峰。',0,'0','0','0','0','0',0,0,0,0,0,'0'),(218,'城市之光','217.jpg',' Charles Chaplin',' 查理·卓别林 Charles Chaplin / 弗吉尼亚·...','1931','美国','喜剧 剧情 爱情',9.3,'永远的小人物，伟大的卓别林。',0,'0','0','0','0','0',0,0,0,0,0,'0'),(219,'天书奇谭','218.jpg',' 王树忱 Shuchen Wang / 钱运达 Yunda Qian',' 丁建华 Jianhua Din...','1983(中国大陆) ',' 2019(中国大陆重映)','中国大陆',9.1,'传奇的年代，醉人的童话。',0,'0','0','0','0','0',0,0,0,0,0,'0'),(220,'绿里奇迹','219.jpg',' Frank Darabont',' 汤姆·汉克斯 Tom Hanks / 大卫·摩斯 David M...','1999','美国','犯罪 剧情 奇幻 悬疑',8.7,'天使暂时离开。',0,'0','0','0','0','0',0,0,0,0,0,'0'),(221,'彗星来的那一夜','220.jpg',' 詹姆斯·沃德·布柯特 James Ward Byrkit',' 艾米丽·芭尔多尼 Em...','2013','美国 英国','科幻 悬疑 惊悚',8.5,'小成本大魅力。',0,'0','0','0','0','0',0,0,0,0,0,'0'),(222,'这个男人来自地球','221.jpg',' 理查德·沙因克曼 Richard Schenkman',' 大卫·李·史密斯 David ...','2007','美国','剧情 科幻',8.5,'科幻真正的魅力不是视觉效果能取代的。',0,'0','0','0','0','0',0,0,0,0,0,'0'),(223,'E.T. 外星人','222.jpg',' Steven Spielberg',' Henry Thomas / Dee Wallace / Robert MacNa...','1982','美国','剧情 科幻',8.5,'生病的E.T.皮肤的颜色就像柿子饼。',0,'0','0','0','0','0',0,0,0,0,0,'0'),(224,'末路狂花','223.jpg',' 雷德利·斯科特 Ridley Scott',' 吉娜·戴维斯 Geena Davis / 苏...','1991','美国 法国','犯罪 剧情 惊悚',8.7,'没有了退路，只好飞向自由。',0,'0','0','0','0','0',0,0,0,0,0,'0'),(225,'海蒂和爷爷','224.jpg',' 阿兰·葛斯彭纳 Alain Gsponer&nbsp;&nbsp;&nbsp;',' 阿努克·斯特芬 Anuk Steffen /...','2015','德国 瑞士 南非',';剧情 冒险 家庭',9.1,'N/A',0,'0','0','0','0','0',0,0,0,0,0,'0'),(226,'血钻','225.jpg',' 爱德华·兹威克 Edward Zwick',' 莱昂纳多·迪卡普里奥 Leonardo ...','2006','美国 德国','剧情 惊悚 冒险',8.6,'每个美丽事物背后都是滴血的现实。',0,'0','0','0','0','0',0,0,0,0,0,'0'),(227,'勇闯夺命岛','226.jpg',' 迈克尔·贝 Michael Bay',' 肖恩·康纳利 Sean Connery / 尼古拉...','1996','美国','动作 冒险',8.6,'类型片的极致。',0,'0','0','0','0','0',0,0,0,0,0,'0'),(228,'变脸','227.jpg',' 吴宇森 John Woo',' 约翰·特拉沃尔塔 John Travolta / 尼古拉斯...','1997','美国','动作 科幻 犯罪 惊悚',8.4,'当发哥的风衣、墨镜出现在了凯奇身上⋯⋯',0,'0','0','0','0','0',0,0,0,0,0,'0'),(229,'聚焦','228.jpg',' 托马斯·麦卡锡 Thomas McCarthy',' 马克·鲁弗洛 Mark Ruffalo /...','2015','美国','剧情 传记',8.8,'新闻人的理性求真。',0,'0','0','0','0','0',0,0,0,0,0,'0'),(230,'秒速5厘米','229.jpg',' 新海诚 Makoto Shinkai',' 水桥研二 Kenji Mizuhashi / 近藤好美 ...','2007','日本','动画 剧情 爱情',8.3,'青春就是放弃和怀念。',0,'0','0','0','0','0',0,0,0,0,0,'0'),(231,'发条橙','230.jpg',' Stanley Kubrick',' Malcolm McDowell / Patrick Magee / Michael...','1971','英国 美国','犯罪 剧情 科幻',8.5,'我完全康复了。',0,'0','0','0','0','0',0,0,0,0,0,'0'),(232,'黄金三镖客','231.jpg',' Sergio Leone',' Clint Eastwood / Eli Wallach / Lee Van Cleef...','1966','意大利 西班牙 西德','冒险 西部',9.1,'最棒的西部片。',0,'0','0','0','0','0',0,0,0,0,0,'0'),(233,'2001太空漫游','232.jpg',' 斯坦利·库布里克 Stanley Kubrick',' 凯尔·杜拉 Keir Dullea / ...','1968','英国 美国','科幻 惊悚 冒险',8.7,'现代科幻电影的开山之作，最伟大导演的最伟大影片。',0,'0','0','0','0','0',0,0,0,0,0,'0'),(234,'卡萨布兰卡','233.jpg',' 迈克尔·柯蒂兹 Michael Curtiz',' 亨弗莱·鲍嘉 Humphrey Bogart...','1942','美国','剧情 爱情 战争',8.6,'世界上有那么多女人那么多酒馆，但她偏偏走进我的这家。',0,'0','0','0','0','0',0,0,0,0,0,'0'),(235,'非常嫌疑犯','234.jpg',' 布莱恩·辛格 Bryan Singer',' 史蒂芬·鲍德温 Stephen Baldwin /...','1995','德国 美国','剧情 犯罪 悬疑 惊悚',8.6,'我不信仰上帝，但我敬畏上帝。',0,'0','0','0','0','0',0,0,0,0,0,'0'),(236,'黑鹰坠落','235.jpg',' 雷德利·斯科特 Ridley Scott',' 乔什·哈奈特 Josh Hartnett / ...','2001','美国','动作 历史 战争',8.6,'还原真实而残酷的战争。',0,'0','0','0','0','0',0,0,0,0,0,'0'),(237,'国王的演讲','236.jpg',' 汤姆·霍珀 Tom Hooper',' 柯林·菲尔斯 Colin Firth / 杰弗里·...','2010','英国 澳大利亚 美国','剧情 传记 历史',8.3,'皇上无话儿。',0,'0','0','0','0','0',0,0,0,0,0,'0'),(238,'我爱你','237.jpg',' 秋昌民 Chang-min Choo',' 宋在河 Jae-ho Song / 李顺载 Soon-jae...','2011','韩国','剧情 爱情',9,'你要相信，这世上真的有爱存在，不管在什么年纪',0,'0','0','0','0','0',0,0,0,0,0,'0'),(239,'美国丽人','238.jpg',' 萨姆·门德斯 Sam Mendes',' 凯文·史派西 Kevin Spacey / 安妮特...','1999','美国','剧情 爱情 家庭',8.5,'每个人的内心都是深不可测的大海。',0,'0','0','0','0','0',0,0,0,0,0,'0'),(240,'千钧一发','239.jpg',' 安德鲁·尼科尔 Andrew Niccol',' 伊桑·霍克 Ethan Hawke / 乌玛...','1997','美国','剧情 科幻 惊悚',8.7,'一部能引人思考的科幻励志片。',0,'0','0','0','0','0',0,0,0,0,0,'0'),(241,'碧海蓝天','240.jpg',' Luc Besson',' 让-马克·巴尔 Jean-Marc Barr / 让·雷诺 Jean Re...','1988','法国 美国 意大利','剧情 爱情',8.7,'在那片深蓝中，感受来自大海的忧伤寂寞与美丽自由。',0,'0','0','0','0','0',0,0,0,0,0,'0'),(242,'遗愿清单','241.jpg',' 罗伯·莱纳 Rob Reiner',' 杰克·尼科尔森 Jack Nicholson / 摩根...','2007','美国','冒险 喜剧 剧情',8.5,'用剩余不多的时间，去燃烧整个生命。',0,'0','0','0','0','0',0,0,0,0,0,'0'),(243,'疯狂的麦克斯4：狂暴之路','242.jpg',' 乔治·米勒 George Miller',' 汤姆·哈迪 Tom Hardy / 查理兹·塞...','2015','澳大利亚 美国','动作 科幻 冒险',8.6,'N/A',0,'0','0','0','0','0',0,0,0,0,0,'0'),(244,'英国病人','243.jpg',' 安东尼·明格拉 Anthony Minghella',' 拉尔夫·费因斯 Ralph Fien...','1996','美国 英国','爱情 剧情 战争',8.5,'In memory, love lives forever...',0,'0','0','0','0','0',0,0,0,0,0,'0'),(245,'荒野生存','244.jpg',' 西恩·潘 Sean Penn',' 埃米尔·赫斯基 Emile Hirsch / 马西娅·...','2007','美国','冒险 传记 剧情',8.6,'出门必备：本草纲目。',0,'0','0','0','0','0',0,0,0,0,0,'0'),(246,'荒岛余生','245.jpg',' 罗伯特·泽米吉斯 Robert Zemeckis',' 汤姆·汉克斯 Tom Hanks / ...','2000','美国','冒险 剧情',8.5,'一个人的独角戏。',0,'0','0','0','0','0',0,0,0,0,0,'0'),(247,'海盗电台','246.jpg',' 理查德·柯蒂斯 Richard Curtis',' 比尔·奈伊 Bill Nighy / 肯尼...','2009','英国 德国 法国','剧情 喜剧 音乐',8.6,'生命不止，摇滚不死。',0,'0','0','0','0','0',0,0,0,0,0,'0'),(248,'枪火','247.jpg',' 杜琪峰 Johnnie To',' 吴镇宇 Francis Ng / 任达华 Simon Yam / ...','1999','香港','剧情 动作 犯罪',8.7,'一群演技精湛的戏骨，奉献出一个精致的黑帮小品，成就杜琪峰群戏的巅峰之作。',0,'0','0','0','0','0',0,0,0,0,0,'0'),(249,'功夫','248.jpg',' 周星驰 Stephen Chow&nbsp;&nbsp;&nbsp;',' 周星驰 Stephen Chow / 元秋 Qiu Yuen / ...','2004','中国大陆 香港','动作 喜剧 犯罪 奇幻',8.3,'N/A',0,'0','0','0','0','0',0,0,0,0,0,'0'),(250,'勇士','249.jpg',' 加文·欧康诺 Gavin O\'Connor&nbsp;&nbsp;&nbsp;',' 汤姆·哈迪 Tom Hardy / 乔尔·...','2011','美国','剧情 运动 家庭',8.9,'查克（汤姆•汉克斯 Tom Hanks饰）任职于美国联邦快递，他系统工程师的职业决定了他的生活忙碌、自律、充满时间紧迫感。而查克总能把一切工作都井井有序的安排在每天的日程里，时间就在他的控制之下。他无暇顾及的只是女朋友凯莉（海伦•亨特 Helen Hunt 饰）。一场飞机失事改变了这一切。所有人都以为查克丧生于这场灾难中，然而事实上他活了下来，被困在一个荒无人烟的小岛上。荒岛上的生活就连吃喝都成问题，查克成为了现代鲁滨逊。但另一方面，他在这里却因为与大自然依存，与险境搏斗，与孤独作伴，与饥饿抗争，得到了以前从来没有领悟到的感受。当他回到现代社会时，人生有了新的开始。',8,'0','0','0','0','0',0,0,0,0,0,'查克（汤姆•汉克斯 Tom Hanks饰）任职于美国联邦快递，他系统工程师的职业决定了他的生活忙碌、自律、充满时间紧迫感。而查克总能把一切工作都井井有序的安排在每天的日程里，时间就在他的控制之下。他无暇顾及的只是女朋友凯莉（海伦•亨特 Helen Hunt 饰）。一场飞机失事改变了这一切。所有人都以为查克丧生于这场灾难中，然而事实上他活了下来，被困在一个荒无人烟的小岛上。荒岛上的生活就连吃喝都成问题，查克成为了现代鲁滨逊。但另一方面，他在这里却因为与大自然依存，与险境搏斗，与孤独作伴，与饥饿抗争，得到了以前从来没有领悟到的感受。当他回到现代社会时，人生有了新的开始。');
/*!40000 ALTER TABLE `index_movie` ENABLE KEYS */;
UNLOCK TABLES;
/*!40103 SET TIME_ZONE=@OLD_TIME_ZONE */;

/*!40101 SET SQL_MODE=@OLD_SQL_MODE */;
/*!40014 SET FOREIGN_KEY_CHECKS=@OLD_FOREIGN_KEY_CHECKS */;
/*!40014 SET UNIQUE_CHECKS=@OLD_UNIQUE_CHECKS */;
/*!40101 SET CHARACTER_SET_CLIENT=@OLD_CHARACTER_SET_CLIENT */;
/*!40101 SET CHARACTER_SET_RESULTS=@OLD_CHARACTER_SET_RESULTS */;
/*!40101 SET COLLATION_CONNECTION=@OLD_COLLATION_CONNECTION */;
/*!40111 SET SQL_NOTES=@OLD_SQL_NOTES */;

-- Dump completed on 2019-06-10 14:17:46
